"id","slug","character","status","verification_status","classification","primary_reason","secondary_reasons","duplicate_candidate_count"
"0004fb88-33e8-429b-b62a-36219c0e5880","zangief-y4-light-od-lariat-sa2","zangief","draft","unverified","GAME_VERIFICATION_REQUIRED","VERIFICATION_STATUS_NOT_VERIFIED","CURRENT_GAME_REPRODUCTION_NOT_DOCUMENTED","0"
"0005f652-1be2-4221-8496-4c204b10e3cf","dee-jay-max-punish","dee-jay","archived","unverified","HOLD","ARCHIVED_RECORD","PLACEHOLDER_RECIPE|NOTES_CONFLICT|VERIFICATION_STATUS_NOT_VERIFIED|CURRENT_GAME_REPRODUCTION_NOT_DOCUMENTED|SOURCE_NOT_READY","0"
"0018715c-2432-4d17-937e-22b4127bc6cf","ken-y4-2mp-ch-mk-qdsr","ken","draft","reviewed","GAME_VERIFICATION_REQUIRED","VERIFICATION_STATUS_NOT_VERIFIED","CURRENT_GAME_REPRODUCTION_NOT_DOCUMENTED","0"
"0019ea0a-352d-44ca-b3f6-6493b63dd5c9","blanka-2lk-medium-ball","blanka","draft","unverified","GAME_VERIFICATION_REQUIRED","VERIFICATION_STATUS_NOT_VERIFIED","CURRENT_GAME_REPRODUCTION_NOT_DOCUMENTED","0"
"0031f821-bb5c-4d92-9a81-7abac0676a4a","m-bison-phase13-candidate-combo-02","m-bison","archived","unverified","HOLD","ARCHIVED_RECORD","PLACEHOLDER_RECIPE|NOTES_CONFLICT|VERIFICATION_STATUS_NOT_VERIFIED|CURRENT_GAME_REPRODUCTION_NOT_DOCUMENTED|SOURCE_NOT_READY|DUPLICATE_CANDIDATE_ONLY","9"
"0089a57b-5f20-46c2-9480-e9b3467d2898","dee-jay-sa1","dee-jay","archived","unverified","HOLD","ARCHIVED_RECORD","PLACEHOLDER_RECIPE|NOTES_CONFLICT|VERIFICATION_STATUS_NOT_VERIFIED|CURRENT_GAME_REPRODUCTION_NOT_DOCUMENTED|SOURCE_NOT_READY|DUPLICATE_CANDIDATE_ONLY","1"
"014d6554-c95d-4612-8a65-46edeea9c5d9","zangief-y4-dr-2lp-pc-headbutt","zangief","draft","unverified","GAME_VERIFICATION_REQUIRED","VERIFICATION_STATUS_NOT_VERIFIED","CURRENT_GAME_REPRODUCTION_NOT_DOCUMENTED","0"
"01621477-425c-49d2-9f50-2ea6f7e4be63","aki-y4-2hp-pc-poison","aki","draft","unverified","GAME_VERIFICATION_REQUIRED","VERIFICATION_STATUS_NOT_VERIFIED","CURRENT_GAME_REPRODUCTION_NOT_DOCUMENTED","0"
"017b587d-78aa-4118-8bcd-7f3f3c1d8620","sagat-y4-sa2-route","sagat","draft","unverified","GAME_VERIFICATION_REQUIRED","VERIFICATION_STATUS_NOT_VERIFIED","CURRENT_GAME_REPRODUCTION_NOT_DOCUMENTED","0"
"01d1377f-18c6-4471-ae3c-1e29ec75770a","viper-y4-seismo-dr-thunder-safejump","c-viper","draft","unverified","GAME_VERIFICATION_REQUIRED","VERIFICATION_STATUS_NOT_VERIFIED","CURRENT_GAME_REPRODUCTION_NOT_DOCUMENTED","0"
"01d84da9-6f79-4d4e-b97f-66c4c01d0561","dhalsim-modern-di","dhalsim","draft","unverified","GAME_VERIFICATION_REQUIRED","VERIFICATION_STATUS_NOT_VERIFIED","CURRENT_GAME_REPRODUCTION_NOT_DOCUMENTED","0"
"01e4f814-5caf-45f6-a474-23af8d9e1aae","yasmine-y4-modern-di","yasmine","draft","unverified","GAME_VERIFICATION_REQUIRED","VERIFICATION_STATUS_NOT_VERIFIED","CURRENT_GAME_REPRODUCTION_NOT_DOCUMENTED","0"
"01f9c72e-edd9-4ebd-96d2-57d212d1805a","chun-li-phase13-20260827-8","chun-li","archived","unverified","HOLD","ARCHIVED_RECORD","PLACEHOLDER_RECIPE|NOTES_CONFLICT|VERIFICATION_STATUS_NOT_VERIFIED|CURRENT_GAME_REPRODUCTION_NOT_DOCUMENTED|DUPLICATE_CANDIDATE_ONLY","9"
"021a2d3f-a127-44c9-850c-114c8ac7eef5","ed-y4-dr-lp-mp-hblitz","ed","draft","unverified","GAME_VERIFICATION_REQUIRED","VERIFICATION_STATUS_NOT_VERIFIED","CURRENT_GAME_REPRODUCTION_NOT_DOCUMENTED","0"
"021fe0b5-cabb-494b-a064-d5204ebbc6e4","marisa-antiair","marisa","draft","unverified","GAME_VERIFICATION_REQUIRED","VERIFICATION_STATUS_NOT_VERIFIED","CURRENT_GAME_REPRODUCTION_NOT_DOCUMENTED","0"
"02319443-a975-49ee-bbc4-3ef9fa98eded","alex-y4-holdhp-chop","alex","draft","unverified","GAME_VERIFICATION_REQUIRED","VERIFICATION_STATUS_NOT_VERIFIED","CURRENT_GAME_REPRODUCTION_NOT_DOCUMENTED","0"
"0235e7fe-8b47-427e-ac52-765d819f023e","zangief-corner","zangief","archived","unverified","HOLD","ARCHIVED_RECORD","PLACEHOLDER_RECIPE|NOTES_CONFLICT|VERIFICATION_STATUS_NOT_VERIFIED|CURRENT_GAME_REPRODUCTION_NOT_DOCUMENTED|SOURCE_NOT_READY","0"
"02419823-f3d2-4075-b67f-670eb4b367a0","elena-y4-modern-di-wall","elena","draft","unverified","GAME_VERIFICATION_REQUIRED","VERIFICATION_STATUS_NOT_VERIFIED","CURRENT_GAME_REPRODUCTION_NOT_DOCUMENTED","0"
"0244c8a4-d3cf-4852-93a9-ab6b780ddb89","ken-y4-5hk-pc-run-dp","ken","draft","unverified","GAME_VERIFICATION_REQUIRED","VERIFICATION_STATUS_NOT_VERIFIED","CURRENT_GAME_REPRODUCTION_NOT_DOCUMENTED","0"
"025d239c-5423-42b3-ba09-5149f0fc6c9d","dhalsim-max-punish","dhalsim","archived","unverified","HOLD","ARCHIVED_RECORD","PLACEHOLDER_RECIPE|NOTES_CONFLICT|VERIFICATION_STATUS_NOT_VERIFIED|CURRENT_GAME_REPRODUCTION_NOT_DOCUMENTED|SOURCE_NOT_READY","0"
"0287586b-b178-428a-bed6-a2ee46e0cbca","mai-y4-stun-sa2","mai","draft","unverified","GAME_VERIFICATION_REQUIRED","VERIFICATION_STATUS_NOT_VERIFIED","CURRENT_GAME_REPRODUCTION_NOT_DOCUMENTED","0"
"029af32c-c139-462e-a20f-5f3760bfd87f","bison-y4-modern-mine-detonate","m-bison","draft","unverified","GAME_VERIFICATION_REQUIRED","VERIFICATION_STATUS_NOT_VERIFIED","CURRENT_GAME_REPRODUCTION_NOT_DOCUMENTED","0"
"02a64256-94d6-4c29-86dc-04069898c1d2","cammy-y4-modern-onebutton-aa","cammy","draft","unverified","GAME_VERIFICATION_REQUIRED","VERIFICATION_STATUS_NOT_VERIFIED","CURRENT_GAME_REPRODUCTION_NOT_DOCUMENTED","0"
"02d6e87c-5dd4-406a-8026-65e8ff6b00df","aki-y4-2hk-pc-dr-lk-hwhip","aki","draft","unverified","GAME_VERIFICATION_REQUIRED","VERIFICATION_STATUS_NOT_VERIFIED","CURRENT_GAME_REPRODUCTION_NOT_DOCUMENTED","0"
"02f83c28-4330-4815-a5fb-4a93417a1e39","jamie-y4-5mp-ch-2hp-od-swagger","jamie","draft","unverified","GAME_VERIFICATION_REQUIRED","VERIFICATION_STATUS_NOT_VERIFIED","CURRENT_GAME_REPRODUCTION_NOT_DOCUMENTED","0"
"032f2992-3e44-401a-8cee-705d0b396843","terry-y4-2mp-ch-hrising","terry","draft","unverified","GAME_VERIFICATION_REQUIRED","VERIFICATION_STATUS_NOT_VERIFIED","CURRENT_GAME_REPRODUCTION_NOT_DOCUMENTED","0"
"0336e4db-e086-4c51-aebe-ca3b918f3063","alex-phase13-drive-rush","alex","archived","unverified","HOLD","ARCHIVED_RECORD","PLACEHOLDER_RECIPE|NOTES_CONFLICT|VERIFICATION_STATUS_NOT_VERIFIED|CURRENT_GAME_REPRODUCTION_NOT_DOCUMENTED|SOURCE_NOT_READY|DUPLICATE_CANDIDATE_ONLY","9"
"03e0f8f8-73f7-4f7f-9549-9fb2c1165533","terry-y4-firekick-hburn","terry","draft","unverified","GAME_VERIFICATION_REQUIRED","VERIFICATION_STATUS_NOT_VERIFIED","CURRENT_GAME_REPRODUCTION_NOT_DOCUMENTED","0"
"046e900c-3374-4ca6-bcaf-f872099fe196","jamie-legacy-od-divekick-sweep","jamie","draft","unverified","GAME_VERIFICATION_REQUIRED","NOTES_CONFLICT","VERIFICATION_STATUS_NOT_VERIFIED|CURRENT_GAME_REPRODUCTION_NOT_DOCUMENTED","0"
"04ba0715-34ae-45be-ab41-c25372225eef","m-bison-phase13-candidate-combo-07","m-bison","archived","unverified","HOLD","ARCHIVED_RECORD","PLACEHOLDER_RECIPE|NOTES_CONFLICT|VERIFICATION_STATUS_NOT_VERIFIED|CURRENT_GAME_REPRODUCTION_NOT_DOCUMENTED|SOURCE_NOT_READY|DUPLICATE_CANDIDATE_ONLY","9"
"04e224e2-58a4-4e4c-b353-1b8d6e76c51d","guile-sa2-heavy-near-loop","guile","draft","unverified","GAME_VERIFICATION_REQUIRED","VERIFICATION_STATUS_NOT_VERIFIED","CURRENT_GAME_REPRODUCTION_NOT_DOCUMENTED","0"
"051e163b-fcd4-477b-98e2-6156a26d8e04","deejay-modern-assist-m-sa2","dee-jay","draft","unverified","GAME_VERIFICATION_REQUIRED","VERIFICATION_STATUS_NOT_VERIFIED","CURRENT_GAME_REPRODUCTION_NOT_DOCUMENTED","0"
"056eb742-8595-4c07-b6ff-00c5f8ea6f5b","chun-modern-y4-crmk-cdr-msbk","chun-li","draft","unverified","GAME_VERIFICATION_REQUIRED","VERIFICATION_STATUS_NOT_VERIFIED","CURRENT_GAME_REPRODUCTION_NOT_DOCUMENTED","0"
"05bcf812-395f-47ac-9709-c41786d6b058","dhalsim-wall-di-hflame","dhalsim","draft","unverified","GAME_VERIFICATION_REQUIRED","VERIFICATION_STATUS_NOT_VERIFIED","CURRENT_GAME_REPRODUCTION_NOT_DOCUMENTED","0"
"05c9c621-8908-4203-b133-8844885d416b","luke-y4-suppressor-pc-mflash-ddt","luke","draft","reviewed","GAME_VERIFICATION_REQUIRED","VERIFICATION_STATUS_NOT_VERIFIED","CURRENT_GAME_REPRODUCTION_NOT_DOCUMENTED","0"
"061b8411-bb26-44b0-abdc-03dbc1644292","ingrid-y4-aa-4hp","ingrid","draft","unverified","GAME_VERIFICATION_REQUIRED","VERIFICATION_STATUS_NOT_VERIFIED","CURRENT_GAME_REPRODUCTION_NOT_DOCUMENTED","0"
"064802b3-e9f4-44cd-8074-0da2066896ae","elena-phase13-burnout","elena","archived","unverified","HOLD","ARCHIVED_RECORD","PLACEHOLDER_RECIPE|NOTES_CONFLICT|VERIFICATION_STATUS_NOT_VERIFIED|CURRENT_GAME_REPRODUCTION_NOT_DOCUMENTED|SOURCE_NOT_READY|DUPLICATE_CANDIDATE_ONLY","9"
"06590587-3b8c-4ec0-bb55-f38b37ae36c0","blanka-modern-assist-m-sa3","blanka","draft","unverified","GAME_VERIFICATION_REQUIRED","VERIFICATION_STATUS_NOT_VERIFIED","CURRENT_GAME_REPRODUCTION_NOT_DOCUMENTED","0"
"065a1cac-5bbb-48cc-a811-78964c021d92","jp-canon-2lp-pc-1680","jp","draft","reviewed","GAME_VERIFICATION_REQUIRED","VERIFICATION_STATUS_NOT_VERIFIED","CURRENT_GAME_REPRODUCTION_NOT_DOCUMENTED","0"
"065feeaa-57cd-43ba-a34d-95042e62cce4","lily-y4-modern-di-spire-sa1","lily","draft","unverified","GAME_VERIFICATION_REQUIRED","VERIFICATION_STATUS_NOT_VERIFIED","CURRENT_GAME_REPRODUCTION_NOT_DOCUMENTED","0"
"06704c49-3d89-4ace-ba58-b2ad30a4862f","marisa-modern-assist-h","marisa","draft","unverified","GAME_VERIFICATION_REQUIRED","VERIFICATION_STATUS_NOT_VERIFIED","CURRENT_GAME_REPRODUCTION_NOT_DOCUMENTED","0"
"06742e75-bb86-48e9-8eec-1de4de658131","alex-phase13-sa3","alex","archived","unverified","HOLD","ARCHIVED_RECORD","PLACEHOLDER_RECIPE|NOTES_CONFLICT|VERIFICATION_STATUS_NOT_VERIFIED|CURRENT_GAME_REPRODUCTION_NOT_DOCUMENTED|SOURCE_NOT_READY|DUPLICATE_CANDIDATE_ONLY","9"
"06878b82-11fc-4192-9214-9c42baec994a","dhalsim-dr-slide-flame","dhalsim","draft","unverified","GAME_VERIFICATION_REQUIRED","VERIFICATION_STATUS_NOT_VERIFIED","CURRENT_GAME_REPRODUCTION_NOT_DOCUMENTED","0"
"0692b783-1749-422f-9457-e9698e0403d8","chun-li-phase13-20260827-6","chun-li","archived","unverified","HOLD","ARCHIVED_RECORD","PLACEHOLDER_RECIPE|NOTES_CONFLICT|VERIFICATION_STATUS_NOT_VERIFIED|CURRENT_GAME_REPRODUCTION_NOT_DOCUMENTED|DUPLICATE_CANDIDATE_ONLY","9"
"069879a8-328d-400d-abdd-17682d703a6f","dhalsim-modern-hk-sa1","dhalsim","draft","unverified","GAME_VERIFICATION_REQUIRED","VERIFICATION_STATUS_NOT_VERIFIED","CURRENT_GAME_REPRODUCTION_NOT_DOCUMENTED","0"
"06e2cb59-d171-4c10-8369-0c6d9478ede2","dhalsim-lp-dr-hblast","dhalsim","draft","unverified","GAME_VERIFICATION_REQUIRED","VERIFICATION_STATUS_NOT_VERIFIED","CURRENT_GAME_REPRODUCTION_NOT_DOCUMENTED","0"
"06f88fc8-56ce-48eb-8410-53bcf0160d77","ed-y4-2lp-5lp-mblitz","ed","draft","unverified","GAME_VERIFICATION_REQUIRED","VERIFICATION_STATUS_NOT_VERIFIED","CURRENT_GAME_REPRODUCTION_NOT_DOCUMENTED","0"
"070c77f0-39a6-4bf4-849e-160548a4bc48","dhalsim-di","dhalsim","draft","unverified","GAME_VERIFICATION_REQUIRED","VERIFICATION_STATUS_NOT_VERIFIED","CURRENT_GAME_REPRODUCTION_NOT_DOCUMENTED","0"
"070ecddf-eabd-46f4-9aa5-8c9c00d5e49d","chun-li-20260803-mp-odsbk-follow","chun-li","draft","reviewed","GAME_VERIFICATION_REQUIRED","NOTES_CONFLICT","VERIFICATION_STATUS_NOT_VERIFIED|CURRENT_GAME_REPRODUCTION_NOT_DOCUMENTED","0"
"070eee95-9b8f-499f-95c6-3c1a96fe498e","jamie-phase13-20260827-8","jamie","archived","unverified","HOLD","ARCHIVED_RECORD","PLACEHOLDER_RECIPE|NOTES_CONFLICT|VERIFICATION_STATUS_NOT_VERIFIED|CURRENT_GAME_REPRODUCTION_NOT_DOCUMENTED|DUPLICATE_CANDIDATE_ONLY","9"
"07519276-d768-4885-99ad-b07efafb7fc1","jamie-legacy-5hk-pc-dr-hp-zessho","jamie","draft","unverified","GAME_VERIFICATION_REQUIRED","NOTES_CONFLICT","VERIFICATION_STATUS_NOT_VERIFIED|CURRENT_GAME_REPRODUCTION_NOT_DOCUMENTED","0"
"075c60c3-3c85-4284-9c71-f7ce05d39dc6","ed-phase13-candidate-combo-02","ed","archived","unverified","HOLD","ARCHIVED_RECORD","PLACEHOLDER_RECIPE|NOTES_CONFLICT|VERIFICATION_STATUS_NOT_VERIFIED|CURRENT_GAME_REPRODUCTION_NOT_DOCUMENTED|SOURCE_NOT_READY|DUPLICATE_CANDIDATE_ONLY","9"
"07ae236f-0095-40df-9a59-c03f87c8c5a6","ken-modern-light","ken","draft","unverified","GAME_VERIFICATION_REQUIRED","VERIFICATION_STATUS_NOT_VERIFIED","CURRENT_GAME_REPRODUCTION_NOT_DOCUMENTED","0"
"07c1dc7e-36b0-4a99-8449-69871db01f7a","dhalsim-modern-assist-sa3","dhalsim","draft","unverified","GAME_VERIFICATION_REQUIRED","VERIFICATION_STATUS_NOT_VERIFIED","CURRENT_GAME_REPRODUCTION_NOT_DOCUMENTED","0"
"07d17950-a588-40c4-95fb-c7b79ace7c14","deejay-od-machine-sa3-y4","dee-jay","draft","unverified","GAME_VERIFICATION_REQUIRED","VERIFICATION_STATUS_NOT_VERIFIED","CURRENT_GAME_REPRODUCTION_NOT_DOCUMENTED","0"
"082251c6-2a53-44ec-8a54-36d0bea1dfc1","manon-modern-light","manon","draft","unverified","GAME_VERIFICATION_REQUIRED","VERIFICATION_STATUS_NOT_VERIFIED","CURRENT_GAME_REPRODUCTION_NOT_DOCUMENTED","0"
"087fcf3b-1c56-4a55-b0c3-25542950b6b6","kim-y4-light-ryuten","kimberly","draft","unverified","GAME_VERIFICATION_REQUIRED","VERIFICATION_STATUS_NOT_VERIFIED","CURRENT_GAME_REPRODUCTION_NOT_DOCUMENTED","0"
"08dad289-e098-408f-8b59-ff31b4f6ac7e","aki-y4-corner-burst-bubble-fang","aki","draft","unverified","GAME_VERIFICATION_REQUIRED","VERIFICATION_STATUS_NOT_VERIFIED","CURRENT_GAME_REPRODUCTION_NOT_DOCUMENTED","0"
"08ed7bab-abef-4e2a-b8e1-a1cf50aec9db","jp-modern-stun-vihart","jp","draft","unverified","GAME_VERIFICATION_REQUIRED","VERIFICATION_STATUS_NOT_VERIFIED","CURRENT_GAME_REPRODUCTION_NOT_DOCUMENTED","0"
"090985a1-4adf-454a-a767-246b17451903","sagat-y4-2hp-hupper","sagat","draft","unverified","GAME_VERIFICATION_REQUIRED","VERIFICATION_STATUS_NOT_VERIFIED","CURRENT_GAME_REPRODUCTION_NOT_DOCUMENTED","0"
"0923e2de-5dc7-4ba9-bbf4-ada6e69b71ca","ed-phase13-candidate-combo-08","ed","archived","unverified","HOLD","ARCHIVED_RECORD","PLACEHOLDER_RECIPE|NOTES_CONFLICT|VERIFICATION_STATUS_NOT_VERIFIED|CURRENT_GAME_REPRODUCTION_NOT_DOCUMENTED|SOURCE_NOT_READY|DUPLICATE_CANDIDATE_ONLY","9"
"09400b7d-f2c5-4ffd-a9c8-682caa36214a","m-bison-phase13-candidate-combo-01","m-bison","archived","unverified","HOLD","ARCHIVED_RECORD","PLACEHOLDER_RECIPE|NOTES_CONFLICT|VERIFICATION_STATUS_NOT_VERIFIED|CURRENT_GAME_REPRODUCTION_NOT_DOCUMENTED|SOURCE_NOT_READY|DUPLICATE_CANDIDATE_ONLY","9"
"09651df4-a3f4-460f-88b6-3bbea077aabc","bison-y4-5lp-pc-mknee","m-bison","draft","unverified","GAME_VERIFICATION_REQUIRED","VERIFICATION_STATUS_NOT_VERIFIED","CURRENT_GAME_REPRODUCTION_NOT_DOCUMENTED","0"
"096f23a2-293b-46e3-8419-c8d09a3b3c85","manon-max-punish","manon","archived","unverified","HOLD","ARCHIVED_RECORD","PLACEHOLDER_RECIPE|NOTES_CONFLICT|VERIFICATION_STATUS_NOT_VERIFIED|CURRENT_GAME_REPRODUCTION_NOT_DOCUMENTED|SOURCE_NOT_READY","0"
"0970cd3a-b74a-4a6f-8246-f70944283a25","sagat-y4-aa-upper","sagat","draft","unverified","GAME_VERIFICATION_REQUIRED","VERIFICATION_STATUS_NOT_VERIFIED","CURRENT_GAME_REPRODUCTION_NOT_DOCUMENTED","0"
"09c9ced5-fa48-47b0-b3f4-8763d446aace","kimberly-phase13-20260827-9","kimberly","archived","unverified","HOLD","ARCHIVED_RECORD","PLACEHOLDER_RECIPE|NOTES_CONFLICT|VERIFICATION_STATUS_NOT_VERIFIED|CURRENT_GAME_REPRODUCTION_NOT_DOCUMENTED|DUPLICATE_CANDIDATE_ONLY","9"
"0a3287aa-277f-43ec-83e9-076dccbe3002","ingrid-y4-modern-assist-m","ingrid","draft","unverified","GAME_VERIFICATION_REQUIRED","VERIFICATION_STATUS_NOT_VERIFIED","CURRENT_GAME_REPRODUCTION_NOT_DOCUMENTED","0"
"0a3650e2-79ad-481a-ad53-947c9acfa914","honda-mp-cdr-butt","e-honda","draft","unverified","GAME_VERIFICATION_REQUIRED","VERIFICATION_STATUS_NOT_VERIFIED","CURRENT_GAME_REPRODUCTION_NOT_DOCUMENTED","0"
"0a43cef5-09de-44ba-b743-64ffe7056809","marisa-p25d-light-sa3","marisa","draft","unverified","GAME_VERIFICATION_REQUIRED","VERIFICATION_STATUS_NOT_VERIFIED","CURRENT_GAME_REPRODUCTION_NOT_DOCUMENTED","0"
"0a5230f0-9621-4046-add5-7573761bde06","akuma-y4-cdr-2mp-2hp-mtatsu","akuma","draft","unverified","GAME_VERIFICATION_REQUIRED","VERIFICATION_STATUS_NOT_VERIFIED","CURRENT_GAME_REPRODUCTION_NOT_DOCUMENTED","0"
"0a6262be-cc87-4004-b052-7abcff35a2fc","ryu-y3-gosho-ch-crmk-mtatsu","ryu","draft","unverified","GAME_VERIFICATION_REQUIRED","VERIFICATION_STATUS_NOT_VERIFIED","CURRENT_GAME_REPRODUCTION_NOT_DOCUMENTED","0"
"0a9892c2-ba53-4d07-848e-ff56f2b20b3d","alex-y4-modern-assist-m","alex","draft","unverified","GAME_VERIFICATION_REQUIRED","VERIFICATION_STATUS_NOT_VERIFIED","CURRENT_GAME_REPRODUCTION_NOT_DOCUMENTED","0"
"0ab0f3cf-2924-45c4-8804-cf36fdafe7ab","ryu-y3-odtatsu-sa3","ryu","draft","unverified","GAME_VERIFICATION_REQUIRED","VERIFICATION_STATUS_NOT_VERIFIED","CURRENT_GAME_REPRODUCTION_NOT_DOCUMENTED","0"
"0ad3b2f9-81a6-4d69-a7b0-2365cc3fc329","elena-y4-air-mp-hp-wheel","elena","draft","unverified","GAME_VERIFICATION_REQUIRED","VERIFICATION_STATUS_NOT_VERIFIED","CURRENT_GAME_REPRODUCTION_NOT_DOCUMENTED","0"
"0b6503e4-9083-4399-aee9-6de1433c1313","sagat-phase13-burnout","sagat","archived","unverified","HOLD","ARCHIVED_RECORD","PLACEHOLDER_RECIPE|NOTES_CONFLICT|VERIFICATION_STATUS_NOT_VERIFIED|CURRENT_GAME_REPRODUCTION_NOT_DOCUMENTED|SOURCE_NOT_READY|DUPLICATE_CANDIDATE_ONLY","9"
"0b68c8ba-b0e0-4159-9ef6-0a2777e4464c","chun-written-crouch-only-cdr-air","chun-li","draft","unverified","GAME_VERIFICATION_REQUIRED","VERIFICATION_STATUS_NOT_VERIFIED","CURRENT_GAME_REPRODUCTION_NOT_DOCUMENTED","0"
"0b6b5f97-a9b8-4ed8-9ac1-9d179e3cedd7","zangief-medium-confirm","zangief","archived","unverified","HOLD","ARCHIVED_RECORD","PLACEHOLDER_RECIPE|NOTES_CONFLICT|VERIFICATION_STATUS_NOT_VERIFIED|CURRENT_GAME_REPRODUCTION_NOT_DOCUMENTED|SOURCE_NOT_READY","0"
"0ba0f0d7-eac2-4371-8695-ef20c11c4d97","alex-phase13-sa1","alex","archived","unverified","HOLD","ARCHIVED_RECORD","PLACEHOLDER_RECIPE|NOTES_CONFLICT|VERIFICATION_STATUS_NOT_VERIFIED|CURRENT_GAME_REPRODUCTION_NOT_DOCUMENTED|SOURCE_NOT_READY|DUPLICATE_CANDIDATE_ONLY","9"
"0bb22a33-9434-4365-b15f-965de4482b6e","luke-y4-hk-meaty-cmp-odflash-sa1","luke","draft","reviewed","GAME_VERIFICATION_REQUIRED","VERIFICATION_STATUS_NOT_VERIFIED","CURRENT_GAME_REPRODUCTION_NOT_DOCUMENTED","0"
"0bdf4666-c397-4b49-8c32-0ad5f1d5dbf9","zangief-y4-jmk-cdr-lariat","zangief","draft","unverified","GAME_VERIFICATION_REQUIRED","VERIFICATION_STATUS_NOT_VERIFIED","CURRENT_GAME_REPRODUCTION_NOT_DOCUMENTED","0"
"0c01d7d4-8d16-43be-b469-ff725ed0a943","manon-hp-pc","manon","draft","unverified","GAME_VERIFICATION_REQUIRED","VERIFICATION_STATUS_NOT_VERIFIED","CURRENT_GAME_REPRODUCTION_NOT_DOCUMENTED","0"
"0c089849-096b-42b7-b2c4-c522d8944c8c","cammy-y4-punish-hp-cdr-lift","cammy","draft","unverified","GAME_VERIFICATION_REQUIRED","VERIFICATION_STATUS_NOT_VERIFIED","CURRENT_GAME_REPRODUCTION_NOT_DOCUMENTED","0"
"0c182bc6-79dd-4027-a6df-fdd24b9b97eb","rashid-y4-6mp-meagle","rashid","draft","unverified","GAME_VERIFICATION_REQUIRED","VERIFICATION_STATUS_NOT_VERIFIED","CURRENT_GAME_REPRODUCTION_NOT_DOCUMENTED","0"
"0c52b4f3-f8af-4c44-9feb-9e1da0757956","ryu-corner-od-tatsu-shoryu","ryu","draft","reviewed","GAME_VERIFICATION_REQUIRED","NOTES_CONFLICT","VERIFICATION_STATUS_NOT_VERIFIED|CURRENT_GAME_REPRODUCTION_NOT_DOCUMENTED","0"
"0c5e18b6-f2c7-4d63-8858-90e4d607763a","ryu-y3-rush-overhead-od-donkey","ryu","draft","unverified","GAME_VERIFICATION_REQUIRED","VERIFICATION_STATUS_NOT_VERIFIED","CURRENT_GAME_REPRODUCTION_NOT_DOCUMENTED","0"
"0c5f116f-37bf-4468-93a3-06187add6cc9","ingrid-y4-lk-pc-lv3flare","ingrid","draft","unverified","GAME_VERIFICATION_REQUIRED","VERIFICATION_STATUS_NOT_VERIFIED","CURRENT_GAME_REPRODUCTION_NOT_DOCUMENTED","0"
"0cd084bc-1994-43a1-b6b9-4d1edc731147","chun-written-cdr-light-msbk","chun-li","draft","unverified","GAME_VERIFICATION_REQUIRED","VERIFICATION_STATUS_NOT_VERIFIED","CURRENT_GAME_REPRODUCTION_NOT_DOCUMENTED","0"
"0cd10ddd-c57b-4b6b-a68e-0dffc96f8e7f","viper-y4-modern-di","c-viper","draft","unverified","GAME_VERIFICATION_REQUIRED","VERIFICATION_STATUS_NOT_VERIFIED","CURRENT_GAME_REPRODUCTION_NOT_DOCUMENTED","0"
"0cf61345-8c65-40cf-b4cc-c01829e36272","blanka-light-electric","blanka","draft","unverified","GAME_VERIFICATION_REQUIRED","VERIFICATION_STATUS_NOT_VERIFIED","CURRENT_GAME_REPRODUCTION_NOT_DOCUMENTED","0"
"0cf79241-7cf5-4320-8c87-588170b630b8","ed-y4-air-mp-target","ed","draft","unverified","GAME_VERIFICATION_REQUIRED","VERIFICATION_STATUS_NOT_VERIFIED","CURRENT_GAME_REPRODUCTION_NOT_DOCUMENTED","0"
"0d2d2392-dbcd-4d17-9c0e-a5d607ae9730","blanka-doll-loop","blanka","draft","unverified","GAME_VERIFICATION_REQUIRED","VERIFICATION_STATUS_NOT_VERIFIED","CURRENT_GAME_REPRODUCTION_NOT_DOCUMENTED","0"
"0d5e20cd-7614-41d3-990b-c56d450eea2d","luke-y4-2mp-ch-cdr-outlaw","luke","draft","reviewed","GAME_VERIFICATION_REQUIRED","VERIFICATION_STATUS_NOT_VERIFIED","CURRENT_GAME_REPRODUCTION_NOT_DOCUMENTED","0"
"0d662e92-e383-4139-9035-4d9c235350e5","cammy-y4-5lp-5lk-marrow","cammy","draft","unverified","GAME_VERIFICATION_REQUIRED","VERIFICATION_STATUS_NOT_VERIFIED","CURRENT_GAME_REPRODUCTION_NOT_DOCUMENTED","0"
"0d7d189b-b8c8-450a-b362-de05fab5dbba","ryu-y3-crmk-hhasho-mdonkey-charge","ryu","draft","unverified","GAME_VERIFICATION_REQUIRED","VERIFICATION_STATUS_NOT_VERIFIED","CURRENT_GAME_REPRODUCTION_NOT_DOCUMENTED","0"
"0de09cea-41d8-4eab-aca9-fab2a7684ed9","kimberly-phase13-20260827-6","kimberly","archived","unverified","HOLD","ARCHIVED_RECORD","PLACEHOLDER_RECIPE|NOTES_CONFLICT|VERIFICATION_STATUS_NOT_VERIFIED|CURRENT_GAME_REPRODUCTION_NOT_DOCUMENTED|DUPLICATE_CANDIDATE_ONLY","9"
"0dfe9a0a-057b-420b-9d6e-35bdc5ec02ff","luke-y4-dr-mp-far-snapback","luke","draft","reviewed","GAME_VERIFICATION_REQUIRED","VERIFICATION_STATUS_NOT_VERIFIED","CURRENT_GAME_REPRODUCTION_NOT_DOCUMENTED","0"
"0ecd4371-dd9f-4a05-84d8-0bdd0eba785b","guile-modern-di-wall-sa3","guile","draft","unverified","GAME_VERIFICATION_REQUIRED","VERIFICATION_STATUS_NOT_VERIFIED","CURRENT_GAME_REPRODUCTION_NOT_DOCUMENTED","0"
"0ed53837-003d-4bc0-a811-76726372ec25","ryu-basic-light-tatsu","ryu","draft","reviewed","GAME_VERIFICATION_REQUIRED","NOTES_CONFLICT","VERIFICATION_STATUS_NOT_VERIFIED|CURRENT_GAME_REPRODUCTION_NOT_DOCUMENTED","0"
"0ee75772-f2f6-4393-881b-a1a67b5e5da8","mai-y4-lp-ch-2mk-hshinobi","mai","draft","unverified","GAME_VERIFICATION_REQUIRED","VERIFICATION_STATUS_NOT_VERIFIED","CURRENT_GAME_REPRODUCTION_NOT_DOCUMENTED","0"
"0f305600-254b-450e-9f41-6b066e85860c","marisa-p25d-modern-dr-h-corner-sa1","marisa","draft","unverified","GAME_VERIFICATION_REQUIRED","VERIFICATION_STATUS_NOT_VERIFIED","CURRENT_GAME_REPRODUCTION_NOT_DOCUMENTED","0"
"0f7217d1-b867-4e1e-9923-e24e057c188d","ed-y4-modern-sa2-central","ed","draft","unverified","GAME_VERIFICATION_REQUIRED","VERIFICATION_STATUS_NOT_VERIFIED","CURRENT_GAME_REPRODUCTION_NOT_DOCUMENTED","0"
"0fa1e256-63da-4c7f-9565-b317cdce4a0b","ingrid-y4-mptc-lv3flare","ingrid","draft","unverified","GAME_VERIFICATION_REQUIRED","VERIFICATION_STATUS_NOT_VERIFIED","CURRENT_GAME_REPRODUCTION_NOT_DOCUMENTED","0"
"0fc0d1c5-6ae0-4797-afe4-9e2621a759eb","viper-y4-5hk-pc-seismo-sa2","c-viper","draft","unverified","GAME_VERIFICATION_REQUIRED","VERIFICATION_STATUS_NOT_VERIFIED","CURRENT_GAME_REPRODUCTION_NOT_DOCUMENTED","0"
"1015e85c-946a-4494-a26c-3744900712a7","cammy-phase13-candidate-combo-09","cammy","archived","unverified","HOLD","ARCHIVED_RECORD","PLACEHOLDER_RECIPE|NOTES_CONFLICT|VERIFICATION_STATUS_NOT_VERIFIED|CURRENT_GAME_REPRODUCTION_NOT_DOCUMENTED|SOURCE_NOT_READY|DUPLICATE_CANDIDATE_ONLY","9"
"1016281d-783e-42a3-b275-4975be01cfda","akuma-y4-modern-ltatsu-sweep","akuma","draft","unverified","GAME_VERIFICATION_REQUIRED","VERIFICATION_STATUS_NOT_VERIFIED","CURRENT_GAME_REPRODUCTION_NOT_DOCUMENTED","0"
"101c7528-9b7e-4cb8-b5b4-524520c4b7fe","chun-li-phase13-20260827-3","chun-li","archived","unverified","HOLD","ARCHIVED_RECORD","PLACEHOLDER_RECIPE|NOTES_CONFLICT|VERIFICATION_STATUS_NOT_VERIFIED|CURRENT_GAME_REPRODUCTION_NOT_DOCUMENTED|DUPLICATE_CANDIDATE_ONLY","9"
"1054abc9-232a-4d6e-90e5-5bcb44695b8d","jamie-y4-2mk-od-bakkai-sa3","jamie","draft","unverified","GAME_VERIFICATION_REQUIRED","VERIFICATION_STATUS_NOT_VERIFIED","CURRENT_GAME_REPRODUCTION_NOT_DOCUMENTED","0"
"106a9132-44c9-4d32-983a-37f59f863515","ingrid-y4-lk-pc-lv2flare","ingrid","draft","unverified","GAME_VERIFICATION_REQUIRED","VERIFICATION_STATUS_NOT_VERIFIED","CURRENT_GAME_REPRODUCTION_NOT_DOCUMENTED","0"
"107a3f6f-87e1-4fdb-9ba0-5bc22d36a718","luke-y4-5lk-cdr-jf-oki","luke","draft","reviewed","GAME_VERIFICATION_REQUIRED","VERIFICATION_STATUS_NOT_VERIFIED","CURRENT_GAME_REPRODUCTION_NOT_DOCUMENTED","0"
"10db0edc-f564-4896-b845-ae25cb0ecf8a","aki-y4-poison-mwhip-walk-mp","aki","draft","unverified","GAME_VERIFICATION_REQUIRED","VERIFICATION_STATUS_NOT_VERIFIED","CURRENT_GAME_REPRODUCTION_NOT_DOCUMENTED","0"
"10fc7bfd-14cc-4220-b134-4ea1e0f7ca01","chun-written-cdr-bhp-stance-mk","chun-li","draft","unverified","GAME_VERIFICATION_REQUIRED","VERIFICATION_STATUS_NOT_VERIFIED","CURRENT_GAME_REPRODUCTION_NOT_DOCUMENTED","0"
"11337af8-4a19-4688-ac22-826f05ebd11e","luke-dr-overhead","luke","draft","reviewed","GAME_VERIFICATION_REQUIRED","VERIFICATION_STATUS_NOT_VERIFIED","CURRENT_GAME_REPRODUCTION_NOT_DOCUMENTED","0"
"11559e0c-8c8e-44f6-a977-95a4cbf65891","yasmine-y4-di-pc","yasmine","draft","unverified","GAME_VERIFICATION_REQUIRED","VERIFICATION_STATUS_NOT_VERIFIED","CURRENT_GAME_REPRODUCTION_NOT_DOCUMENTED","0"
"1176804f-6b26-4577-9a85-5072b4545799","mai-y4-modern-di-wall","mai","draft","unverified","GAME_VERIFICATION_REQUIRED","VERIFICATION_STATUS_NOT_VERIFIED","CURRENT_GAME_REPRODUCTION_NOT_DOCUMENTED","0"
"117b46c8-174c-4566-9d42-1fa557c8f98d","ingrid-y4-stun-basic","ingrid","draft","unverified","GAME_VERIFICATION_REQUIRED","VERIFICATION_STATUS_NOT_VERIFIED","CURRENT_GAME_REPRODUCTION_NOT_DOCUMENTED","0"
"119b280c-1b2d-4002-b8df-e54ffa06d811","blanka-4mk-od-airball","blanka","draft","unverified","GAME_VERIFICATION_REQUIRED","VERIFICATION_STATUS_NOT_VERIFIED","CURRENT_GAME_REPRODUCTION_NOT_DOCUMENTED","0"
"11a62689-e94e-4ae7-a9f2-d5101dd77297","ed-y4-2lk-mupper","ed","draft","unverified","GAME_VERIFICATION_REQUIRED","VERIFICATION_STATUS_NOT_VERIFIED","CURRENT_GAME_REPRODUCTION_NOT_DOCUMENTED","0"
"11bfa35b-b87f-4350-85d8-023aca106b4d","lily-y4-wind-light-mspire","lily","draft","unverified","GAME_VERIFICATION_REQUIRED","VERIFICATION_STATUS_NOT_VERIFIED","CURRENT_GAME_REPRODUCTION_NOT_DOCUMENTED","0"
"121714da-f878-4aa0-8983-f8660c003247","sagat-phase13-heavy-punish","sagat","archived","unverified","HOLD","ARCHIVED_RECORD","PLACEHOLDER_RECIPE|NOTES_CONFLICT|VERIFICATION_STATUS_NOT_VERIFIED|CURRENT_GAME_REPRODUCTION_NOT_DOCUMENTED|SOURCE_NOT_READY|DUPLICATE_CANDIDATE_ONLY","9"
"1255f876-1de7-47c3-ad74-8920cbd1f1e3","akuma-phase13-candidate-combo-02","akuma","archived","unverified","HOLD","ARCHIVED_RECORD","PLACEHOLDER_RECIPE|NOTES_CONFLICT|VERIFICATION_STATUS_NOT_VERIFIED|CURRENT_GAME_REPRODUCTION_NOT_DOCUMENTED|SOURCE_NOT_READY|DUPLICATE_CANDIDATE_ONLY","9"
"12830cab-cdbb-4fdc-b393-e4a84f11b687","terry-y4-stun-basic","terry","draft","unverified","GAME_VERIFICATION_REQUIRED","VERIFICATION_STATUS_NOT_VERIFIED","CURRENT_GAME_REPRODUCTION_NOT_DOCUMENTED","0"
"129a61a1-52cd-4f81-9eb9-713900c5ea58","ryu-y3-crmk-corner-gosho-trade","ryu","draft","unverified","GAME_VERIFICATION_REQUIRED","VERIFICATION_STATUS_NOT_VERIFIED","CURRENT_GAME_REPRODUCTION_NOT_DOCUMENTED","0"
"12a44709-6f55-436b-bfad-31c025bb63b8","elena-y4-2mp-odmoon-sa2","elena","draft","unverified","GAME_VERIFICATION_REQUIRED","VERIFICATION_STATUS_NOT_VERIFIED","CURRENT_GAME_REPRODUCTION_NOT_DOCUMENTED","0"
"12c44e74-28f0-4849-9708-2224823a5744","blanka-dr-5lk-pc-lift","blanka","draft","unverified","GAME_VERIFICATION_REQUIRED","VERIFICATION_STATUS_NOT_VERIFIED","CURRENT_GAME_REPRODUCTION_NOT_DOCUMENTED","0"
"134452b9-0033-4cf7-953c-5eb571857e6e","cammy-y4-modern-2m-cdr-assisth","cammy","draft","unverified","GAME_VERIFICATION_REQUIRED","VERIFICATION_STATUS_NOT_VERIFIED","CURRENT_GAME_REPRODUCTION_NOT_DOCUMENTED","0"
"136c2bc9-574c-4b41-af7a-44a4282c62b4","guile-phase13-20260827-5","guile","archived","unverified","HOLD","ARCHIVED_RECORD","PLACEHOLDER_RECIPE|NOTES_CONFLICT|VERIFICATION_STATUS_NOT_VERIFIED|CURRENT_GAME_REPRODUCTION_NOT_DOCUMENTED|DUPLICATE_CANDIDATE_ONLY","9"
"136e847a-da4a-413c-ba0c-7f10b4c24901","guile-phase13-20260827-7","guile","archived","unverified","HOLD","ARCHIVED_RECORD","PLACEHOLDER_RECIPE|NOTES_CONFLICT|VERIFICATION_STATUS_NOT_VERIFIED|CURRENT_GAME_REPRODUCTION_NOT_DOCUMENTED|DUPLICATE_CANDIDATE_ONLY","9"
"13bd03a8-e77c-402f-82ad-8eb6b8663759","sagat-y4-sa1-route","sagat","draft","unverified","GAME_VERIFICATION_REQUIRED","VERIFICATION_STATUS_NOT_VERIFIED","CURRENT_GAME_REPRODUCTION_NOT_DOCUMENTED","0"
"13c7a70f-59e3-4f5b-830c-128ee9894e22","blanka-modern-assist-m","blanka","draft","unverified","GAME_VERIFICATION_REQUIRED","VERIFICATION_STATUS_NOT_VERIFIED","CURRENT_GAME_REPRODUCTION_NOT_DOCUMENTED","0"
"13c84ad4-7fd6-448f-b821-ab2093f7adeb","marisa-p25d-modern-charge5h-pc-assist-sa3","marisa","draft","unverified","GAME_VERIFICATION_REQUIRED","VERIFICATION_STATUS_NOT_VERIFIED","CURRENT_GAME_REPRODUCTION_NOT_DOCUMENTED","0"
"13ca5cc9-8a96-472f-890e-aa3ec0fb5672","cammy-y4-light-cdr-target-sa3","cammy","draft","unverified","GAME_VERIFICATION_REQUIRED","VERIFICATION_STATUS_NOT_VERIFIED","CURRENT_GAME_REPRODUCTION_NOT_DOCUMENTED","0"
"13fca8a8-29e5-4f36-b378-60ab4f36cfb8","deejay-di-wall-jus-jack","dee-jay","draft","unverified","GAME_VERIFICATION_REQUIRED","VERIFICATION_STATUS_NOT_VERIFIED","CURRENT_GAME_REPRODUCTION_NOT_DOCUMENTED","0"
"14374b59-6975-4e83-bc29-f204bf9d1a3e","alex-y4-odchop-sa2-wall","alex","draft","unverified","GAME_VERIFICATION_REQUIRED","VERIFICATION_STATUS_NOT_VERIFIED","CURRENT_GAME_REPRODUCTION_NOT_DOCUMENTED","0"
"1437f7e8-265b-4d8b-b89e-4f3e0c52452c","manon-resource","manon","archived","unverified","HOLD","ARCHIVED_RECORD","PLACEHOLDER_RECIPE|NOTES_CONFLICT|VERIFICATION_STATUS_NOT_VERIFIED|CURRENT_GAME_REPRODUCTION_NOT_DOCUMENTED|SOURCE_NOT_READY","0"
"144f7d19-7eca-4732-9fd1-2c33b5b3c13d","chun-written-dr-3hk-side-switch-sa","chun-li","draft","unverified","GAME_VERIFICATION_REQUIRED","VERIFICATION_STATUS_NOT_VERIFIED","CURRENT_GAME_REPRODUCTION_NOT_DOCUMENTED","0"
"148171a8-e154-4665-8bb1-4f48c6a21158","ryu-y4-pc-5hk-lhasho-sweep","ryu","draft","reviewed","GAME_VERIFICATION_REQUIRED","VERIFICATION_STATUS_NOT_VERIFIED","CURRENT_GAME_REPRODUCTION_NOT_DOCUMENTED","0"
"14a5e5ea-4cac-493c-998b-d3c58887db81","ryu-y3-crmk-corner-hp-donkey-mdp","ryu","draft","unverified","GAME_VERIFICATION_REQUIRED","VERIFICATION_STATUS_NOT_VERIFIED","CURRENT_GAME_REPRODUCTION_NOT_DOCUMENTED","0"
"14c7125d-45e9-48e4-9d9d-edfa0b639fcd","terry-y4-5lk-pc-odcharge","terry","draft","unverified","GAME_VERIFICATION_REQUIRED","VERIFICATION_STATUS_NOT_VERIFIED","CURRENT_GAME_REPRODUCTION_NOT_DOCUMENTED","0"
"14e52535-810e-4486-a91c-96fc15869f73","dhalsim-corner-hblast-hk","dhalsim","draft","unverified","GAME_VERIFICATION_REQUIRED","VERIFICATION_STATUS_NOT_VERIFIED","CURRENT_GAME_REPRODUCTION_NOT_DOCUMENTED","0"
"14ec167f-0487-4846-bc27-85085ac8ae07","ryu-corner-od-tatsu-sa3","ryu","draft","reviewed","GAME_VERIFICATION_REQUIRED","NOTES_CONFLICT","VERIFICATION_STATUS_NOT_VERIFIED|CURRENT_GAME_REPRODUCTION_NOT_DOCUMENTED","0"
"15309a37-bd11-45c2-aed3-1621b2af0015","blanka-basic-light","blanka","archived","unverified","HOLD","ARCHIVED_RECORD","PLACEHOLDER_RECIPE|NOTES_CONFLICT|VERIFICATION_STATUS_NOT_VERIFIED|CURRENT_GAME_REPRODUCTION_NOT_DOCUMENTED|SOURCE_NOT_READY","0"
"15497ddf-3fa7-4b48-a1bb-b96583581137","rashid-y4-5hp-hcyclone-hmixer","rashid","draft","unverified","GAME_VERIFICATION_REQUIRED","VERIFICATION_STATUS_NOT_VERIFIED","CURRENT_GAME_REPRODUCTION_NOT_DOCUMENTED","0"
"15703a7c-46d8-48c0-b362-46614264640e","lily-max-punish","lily","archived","unverified","HOLD","ARCHIVED_RECORD","PLACEHOLDER_RECIPE|NOTES_CONFLICT|VERIFICATION_STATUS_NOT_VERIFIED|CURRENT_GAME_REPRODUCTION_NOT_DOCUMENTED|SOURCE_NOT_READY","0"
"1573ce4d-03ba-486a-abe2-3991543cf909","cammy-y4-od-strike-lift","cammy","draft","unverified","GAME_VERIFICATION_REQUIRED","VERIFICATION_STATUS_NOT_VERIFIED","CURRENT_GAME_REPRODUCTION_NOT_DOCUMENTED","0"
"165d2705-717c-4eeb-8070-8513c2c3a6d8","zangief-y4-jmk-cdr-sa2","zangief","draft","unverified","GAME_VERIFICATION_REQUIRED","VERIFICATION_STATUS_NOT_VERIFIED","CURRENT_GAME_REPRODUCTION_NOT_DOCUMENTED","0"
"1660e199-0b9f-4cd3-8c8b-b61b9ae45730","lily-y4-wind-corner-2hp-max","lily","draft","unverified","GAME_VERIFICATION_REQUIRED","VERIFICATION_STATUS_NOT_VERIFIED","CURRENT_GAME_REPRODUCTION_NOT_DOCUMENTED","0"
"16c2fb0f-d48c-4b95-b665-cecdcb5a663e","manon-od-max-y4","manon","draft","unverified","GAME_VERIFICATION_REQUIRED","VERIFICATION_STATUS_NOT_VERIFIED","CURRENT_GAME_REPRODUCTION_NOT_DOCUMENTED","0"
"171dedd2-33d8-48d8-990f-b89bd729ab6b","jp-mine-light-conversion","jp","draft","reviewed","GAME_VERIFICATION_REQUIRED","VERIFICATION_STATUS_NOT_VERIFIED","CURRENT_GAME_REPRODUCTION_NOT_DOCUMENTED","0"
"1761b2cb-8f79-4356-8401-288692db7c15","ryu-y3-rush-overhead-dp","ryu","draft","unverified","GAME_VERIFICATION_REQUIRED","VERIFICATION_STATUS_NOT_VERIFIED","CURRENT_GAME_REPRODUCTION_NOT_DOCUMENTED","0"
"176fb19c-89a0-4309-b1e1-3b142db680e8","ingrid-y4-hk-pc-lv3","ingrid","draft","unverified","GAME_VERIFICATION_REQUIRED","VERIFICATION_STATUS_NOT_VERIFIED","CURRENT_GAME_REPRODUCTION_NOT_DOCUMENTED","0"
"176fbe7a-60fe-4ff2-8de0-a8325d76bea9","kim-modern-spray-sa3","kimberly","draft","unverified","GAME_VERIFICATION_REQUIRED","VERIFICATION_STATUS_NOT_VERIFIED","CURRENT_GAME_REPRODUCTION_NOT_DOCUMENTED","0"
"178349de-a9ec-422c-92fb-d39970e28e9f","cammy-y4-dr-lift-enhanced-arrow","cammy","draft","unverified","GAME_VERIFICATION_REQUIRED","VERIFICATION_STATUS_NOT_VERIFIED","CURRENT_GAME_REPRODUCTION_NOT_DOCUMENTED","0"
"17f70cfa-a595-47a4-8d3a-ac4c8d6c5ed3","deejay-di-knee-switch","dee-jay","draft","unverified","GAME_VERIFICATION_REQUIRED","VERIFICATION_STATUS_NOT_VERIFIED","CURRENT_GAME_REPRODUCTION_NOT_DOCUMENTED","0"
"180cdd78-3bd2-4b53-a5be-06091c090c5c","viper-y4-modern-2m-odseismo","c-viper","draft","unverified","GAME_VERIFICATION_REQUIRED","VERIFICATION_STATUS_NOT_VERIFIED","CURRENT_GAME_REPRODUCTION_NOT_DOCUMENTED","0"
"182ceb94-8895-4bc1-879a-c117f0bd6ed8","juri-y4-max-punish","juri","draft","unverified","GAME_VERIFICATION_REQUIRED","VERIFICATION_STATUS_NOT_VERIFIED","CURRENT_GAME_REPRODUCTION_NOT_DOCUMENTED","0"
"18480133-ca73-42c8-8061-5d0e52d56c6a","ingrid-y4-sa2-basic","ingrid","draft","unverified","GAME_VERIFICATION_REQUIRED","VERIFICATION_STATUS_NOT_VERIFIED","CURRENT_GAME_REPRODUCTION_NOT_DOCUMENTED","0"
"185a5f6d-d8b3-43ec-82cd-08a26c0cf763","lily-y4-wind-wall-spire-tomahawk","lily","draft","unverified","GAME_VERIFICATION_REQUIRED","VERIFICATION_STATUS_NOT_VERIFIED","CURRENT_GAME_REPRODUCTION_NOT_DOCUMENTED","0"
"18bda1bf-5ed8-4433-8e75-71c6898e064e","guile-classic-5hp-triple-guilehigh","guile","draft","unverified","GAME_VERIFICATION_REQUIRED","VERIFICATION_STATUS_NOT_VERIFIED","CURRENT_GAME_REPRODUCTION_NOT_DOCUMENTED","0"
"18c41147-93b9-4349-b0b1-250c6a5b23c3","honda-di-wall-hands-odhead","e-honda","draft","unverified","GAME_VERIFICATION_REQUIRED","VERIFICATION_STATUS_NOT_VERIFIED","CURRENT_GAME_REPRODUCTION_NOT_DOCUMENTED","0"
"18ce4544-fb11-4f87-96ae-bbd92d55bc56","akuma-y4-corner-odadamant-hdp","akuma","draft","unverified","GAME_VERIFICATION_REQUIRED","VERIFICATION_STATUS_NOT_VERIFIED","CURRENT_GAME_REPRODUCTION_NOT_DOCUMENTED","0"
"18d5e01c-ef40-4a51-85fa-0de34e339986","lily-y4-wind-light-tomahawk-sa1","lily","draft","unverified","GAME_VERIFICATION_REQUIRED","VERIFICATION_STATUS_NOT_VERIFIED","CURRENT_GAME_REPRODUCTION_NOT_DOCUMENTED","0"
"190c4674-fec2-4c28-a36c-f8fa73c764ca","sagat-y4-5mp-ch-shot-upper","sagat","draft","unverified","GAME_VERIFICATION_REQUIRED","VERIFICATION_STATUS_NOT_VERIFIED","CURRENT_GAME_REPRODUCTION_NOT_DOCUMENTED","0"
"19421634-1e13-49bf-8be3-18157bf75634","terry-y4-modern-aa-onebutton","terry","draft","unverified","GAME_VERIFICATION_REQUIRED","VERIFICATION_STATUS_NOT_VERIFIED","CURRENT_GAME_REPRODUCTION_NOT_DOCUMENTED","0"
"1957430e-ac47-4b3b-bb9a-808edae231f0","ingrid-y4-stun-sa3","ingrid","draft","unverified","GAME_VERIFICATION_REQUIRED","VERIFICATION_STATUS_NOT_VERIFIED","CURRENT_GAME_REPRODUCTION_NOT_DOCUMENTED","0"
"19bbaec9-204f-4f4d-91b7-94d66269c7e7","terry-y4-5lp-ch-lcharge","terry","draft","unverified","GAME_VERIFICATION_REQUIRED","VERIFICATION_STATUS_NOT_VERIFIED","CURRENT_GAME_REPRODUCTION_NOT_DOCUMENTED","0"
"1a1ec4d8-cb01-4b04-9fcd-d5b5eb1ed36a","mai-y4-di-wall-target-shoryu","mai","draft","unverified","GAME_VERIFICATION_REQUIRED","VERIFICATION_STATUS_NOT_VERIFIED","CURRENT_GAME_REPRODUCTION_NOT_DOCUMENTED","0"
"1a2182e5-24a0-4126-97b9-0e4f4a2f48da","alex-phase13-corner","alex","archived","unverified","HOLD","ARCHIVED_RECORD","PLACEHOLDER_RECIPE|NOTES_CONFLICT|VERIFICATION_STATUS_NOT_VERIFIED|CURRENT_GAME_REPRODUCTION_NOT_DOCUMENTED|SOURCE_NOT_READY|DUPLICATE_CANDIDATE_ONLY","9"
"1a3bfb12-3ce8-41a6-9c4e-726496d73fda","ryu-y4-cmp-od-donkey-sa2-tatsu","ryu","draft","reviewed","GAME_VERIFICATION_REQUIRED","NOTES_CONFLICT","VERIFICATION_STATUS_NOT_VERIFIED|CURRENT_GAME_REPRODUCTION_NOT_DOCUMENTED","0"
"1a699f20-5834-4f4f-ae7c-dc6e04d126c5","zangief-y4-aa-2hp-far","zangief","draft","unverified","GAME_VERIFICATION_REQUIRED","VERIFICATION_STATUS_NOT_VERIFIED","CURRENT_GAME_REPRODUCTION_NOT_DOCUMENTED","0"
"1a7d5d09-a279-4c0f-a743-c1b26b0de2b2","zangief-y4-modern-assist-heavy-sa3","zangief","draft","unverified","GAME_VERIFICATION_REQUIRED","VERIFICATION_STATUS_NOT_VERIFIED","CURRENT_GAME_REPRODUCTION_NOT_DOCUMENTED","0"
"1b042321-905d-43aa-af68-a2be8ff57408","elena-y4-mktc-odspin-harvest","elena","draft","unverified","GAME_VERIFICATION_REQUIRED","VERIFICATION_STATUS_NOT_VERIFIED","CURRENT_GAME_REPRODUCTION_NOT_DOCUMENTED","0"
"1b17f816-ba72-42f5-83ec-24080e59ad20","honda-di-pc-od-cannon-sa1","e-honda","draft","unverified","GAME_VERIFICATION_REQUIRED","VERIFICATION_STATUS_NOT_VERIFIED","CURRENT_GAME_REPRODUCTION_NOT_DOCUMENTED","0"
"1b1a2d4b-c7a0-49bf-a6f8-9b7a32fd105c","ryu-y4-corner-senpukyaku-odtatsu-sa3","ryu","draft","reviewed","GAME_VERIFICATION_REQUIRED","VERIFICATION_STATUS_NOT_VERIFIED","CURRENT_GAME_REPRODUCTION_NOT_DOCUMENTED","0"
"1b23cb21-c250-4269-a31a-300b3c5d9f46","ken-y4-lethal-2mp","ken","draft","reviewed","GAME_VERIFICATION_REQUIRED","VERIFICATION_STATUS_NOT_VERIFIED","CURRENT_GAME_REPRODUCTION_NOT_DOCUMENTED","0"
"1b6b62a8-8c84-4461-8c80-52264e5bf6d0","blanka-dr-5lk-thunder","blanka","draft","unverified","GAME_VERIFICATION_REQUIRED","VERIFICATION_STATUS_NOT_VERIFIED","CURRENT_GAME_REPRODUCTION_NOT_DOCUMENTED","0"
"1bb53c52-d7b9-449f-af3c-9fac3e76f82d","marisa-di-clean","marisa","draft","unverified","GAME_VERIFICATION_REQUIRED","VERIFICATION_STATUS_NOT_VERIFIED","CURRENT_GAME_REPRODUCTION_NOT_DOCUMENTED","0"
"1bf543aa-0ef8-4f36-97ac-614ac09b8350","aki-y4-modern-hk-pc","aki","draft","unverified","GAME_VERIFICATION_REQUIRED","VERIFICATION_STATUS_NOT_VERIFIED","CURRENT_GAME_REPRODUCTION_NOT_DOCUMENTED","0"
"1c491247-0146-4dae-9622-a7a94eaaed2c","ken-y4-anti-air","ken","draft","unverified","GAME_VERIFICATION_REQUIRED","VERIFICATION_STATUS_NOT_VERIFIED","CURRENT_GAME_REPRODUCTION_NOT_DOCUMENTED","0"
"1c5e74fd-cc43-42ef-853c-1540c0834581","honda-modern-light","e-honda","draft","unverified","GAME_VERIFICATION_REQUIRED","VERIFICATION_STATUS_NOT_VERIFIED","CURRENT_GAME_REPRODUCTION_NOT_DOCUMENTED","0"
"1c7772e7-3f96-4c35-97e9-1dec41ba3da2","jamie-legacy-sa3-drive-crush","jamie","draft","unverified","GAME_VERIFICATION_REQUIRED","NOTES_CONFLICT","VERIFICATION_STATUS_NOT_VERIFIED|CURRENT_GAME_REPRODUCTION_NOT_DOCUMENTED","0"
"1c82c721-0542-4203-8197-cafe4771e472","jamie-phase13-20260827-4","jamie","archived","unverified","HOLD","ARCHIVED_RECORD","PLACEHOLDER_RECIPE|NOTES_CONFLICT|VERIFICATION_STATUS_NOT_VERIFIED|CURRENT_GAME_REPRODUCTION_NOT_DOCUMENTED|DUPLICATE_CANDIDATE_ONLY","9"
"1c93b1b7-8c0f-4d63-b2fd-86fb4b79a53b","marisa-p25d-5hk-pc-carry","marisa","draft","unverified","GAME_VERIFICATION_REQUIRED","VERIFICATION_STATUS_NOT_VERIFIED","CURRENT_GAME_REPRODUCTION_NOT_DOCUMENTED","0"
"1ca819b0-3ec0-48e6-8f9a-7b69a7a84d42","ryu-corner-od-tatsu-sa1","ryu","draft","reviewed","GAME_VERIFICATION_REQUIRED","NOTES_CONFLICT","VERIFICATION_STATUS_NOT_VERIFIED|CURRENT_GAME_REPRODUCTION_NOT_DOCUMENTED","0"
"1cbea13b-eda8-4443-861d-0f4efcd32ffd","rashid-phase13-candidate-combo-10","rashid","archived","unverified","HOLD","ARCHIVED_RECORD","PLACEHOLDER_RECIPE|NOTES_CONFLICT|VERIFICATION_STATUS_NOT_VERIFIED|CURRENT_GAME_REPRODUCTION_NOT_DOCUMENTED|SOURCE_NOT_READY|DUPLICATE_CANDIDATE_ONLY","9"
"1d2c6ad9-073b-45b3-9158-3653ae561467","mai-phase13-corner","mai","archived","unverified","HOLD","ARCHIVED_RECORD","PLACEHOLDER_RECIPE|NOTES_CONFLICT|VERIFICATION_STATUS_NOT_VERIFIED|CURRENT_GAME_REPRODUCTION_NOT_DOCUMENTED|SOURCE_NOT_READY|DUPLICATE_CANDIDATE_ONLY","9"
"1d85c336-9e7d-4ea8-b55f-c09413507462","bison-y4-di-central","m-bison","draft","unverified","GAME_VERIFICATION_REQUIRED","VERIFICATION_STATUS_NOT_VERIFIED","CURRENT_GAME_REPRODUCTION_NOT_DOCUMENTED","0"
"1d92989e-3b20-47a1-8d1a-e126984da0ca","guile-phase13-20260827-4","guile","archived","unverified","HOLD","ARCHIVED_RECORD","PLACEHOLDER_RECIPE|NOTES_CONFLICT|VERIFICATION_STATUS_NOT_VERIFIED|CURRENT_GAME_REPRODUCTION_NOT_DOCUMENTED|DUPLICATE_CANDIDATE_ONLY","9"
"1df466f6-4fe8-45d2-beef-78097025b02b","deejay-di-pc-jackknife","dee-jay","draft","unverified","GAME_VERIFICATION_REQUIRED","VERIFICATION_STATUS_NOT_VERIFIED","CURRENT_GAME_REPRODUCTION_NOT_DOCUMENTED","0"
"1df6456b-1fb4-413b-a617-4b8511caf452","chun-modern-y4-6hp-pc-punish","chun-li","draft","unverified","GAME_VERIFICATION_REQUIRED","VERIFICATION_STATUS_NOT_VERIFIED","CURRENT_GAME_REPRODUCTION_NOT_DOCUMENTED","0"
"1e10ef56-ab09-4d97-afbd-8e28d4e321b9","cammy-y4-corner-od-arrow-spike","cammy","draft","unverified","GAME_VERIFICATION_REQUIRED","VERIFICATION_STATUS_NOT_VERIFIED","CURRENT_GAME_REPRODUCTION_NOT_DOCUMENTED","0"
"1e2c376e-8ce4-48a6-8239-b15a2b6fef10","manon-basic-renverse","manon","draft","unverified","GAME_VERIFICATION_REQUIRED","VERIFICATION_STATUS_NOT_VERIFIED","CURRENT_GAME_REPRODUCTION_NOT_DOCUMENTED","0"
"1e32e3f5-eac2-46c1-8f04-0712562e0551","blanka-burnout","blanka","archived","unverified","HOLD","ARCHIVED_RECORD","PLACEHOLDER_RECIPE|NOTES_CONFLICT|VERIFICATION_STATUS_NOT_VERIFIED|CURRENT_GAME_REPRODUCTION_NOT_DOCUMENTED|SOURCE_NOT_READY|DUPLICATE_CANDIDATE_ONLY","1"
"1e3887b3-5afd-49b0-bf83-611d2644eaf1","jp-di-pc-vihhat-plus15","jp","draft","reviewed","GAME_VERIFICATION_REQUIRED","VERIFICATION_STATUS_NOT_VERIFIED","CURRENT_GAME_REPRODUCTION_NOT_DOCUMENTED","0"
"1e5ed2cb-44ed-4f7e-9481-7c29ddf60423","ryu-modern-m-l-dp","ryu","draft","unverified","GAME_VERIFICATION_REQUIRED","VERIFICATION_STATUS_NOT_VERIFIED","CURRENT_GAME_REPRODUCTION_NOT_DOCUMENTED","0"
"1e6a5c22-47b1-4a66-9ff3-fc22a8326f87","mai-y4-modern-assist-h","mai","draft","unverified","GAME_VERIFICATION_REQUIRED","VERIFICATION_STATUS_NOT_VERIFIED","CURRENT_GAME_REPRODUCTION_NOT_DOCUMENTED","0"
"1e6e95a8-e3f1-442b-b984-7c36889bae07","jp-vihhat-teleport-conversion","jp","draft","reviewed","GAME_VERIFICATION_REQUIRED","VERIFICATION_STATUS_NOT_VERIFIED","CURRENT_GAME_REPRODUCTION_NOT_DOCUMENTED","0"
"1e6f3cb0-ec9d-4e77-9d12-17f38e5325b3","cammy-y4-2mp-cdr-hp-harrow","cammy","draft","unverified","GAME_VERIFICATION_REQUIRED","VERIFICATION_STATUS_NOT_VERIFIED","CURRENT_GAME_REPRODUCTION_NOT_DOCUMENTED","0"
"1eb4b93e-ac63-4f88-b344-8a6eb4a23582","yasmine-y4-bayani-lights-rise","yasmine","draft","unverified","GAME_VERIFICATION_REQUIRED","VERIFICATION_STATUS_NOT_VERIFIED","CURRENT_GAME_REPRODUCTION_NOT_DOCUMENTED","0"
"1eb95c56-df8a-46a6-b5df-4df07e27b5bd","blanka-doll-safejump","blanka","draft","unverified","GAME_VERIFICATION_REQUIRED","VERIFICATION_STATUS_NOT_VERIFIED","CURRENT_GAME_REPRODUCTION_NOT_DOCUMENTED","0"
"1ec47b4d-e498-4140-85f2-8b38e567ebec","ed-y4-aa-lupper-hblitz","ed","draft","unverified","GAME_VERIFICATION_REQUIRED","VERIFICATION_STATUS_NOT_VERIFIED","CURRENT_GAME_REPRODUCTION_NOT_DOCUMENTED","0"
"1ef8b87e-3130-409a-a053-2f41525f65c7","aki-phase13-candidate-combo-10","aki","archived","unverified","HOLD","ARCHIVED_RECORD","PLACEHOLDER_RECIPE|NOTES_CONFLICT|VERIFICATION_STATUS_NOT_VERIFIED|CURRENT_GAME_REPRODUCTION_NOT_DOCUMENTED|SOURCE_NOT_READY|DUPLICATE_CANDIDATE_ONLY","9"
"1efaa06e-3a08-4615-9070-b5a888a619d3","bison-y4-4hk-pc-dr","m-bison","draft","unverified","GAME_VERIFICATION_REQUIRED","VERIFICATION_STATUS_NOT_VERIFIED","CURRENT_GAME_REPRODUCTION_NOT_DOCUMENTED","0"
"1f031b13-2c9a-4be9-bb7f-5fd0c85aa290","juri-y4-mp-fuha","juri","draft","unverified","GAME_VERIFICATION_REQUIRED","VERIFICATION_STATUS_NOT_VERIFIED","CURRENT_GAME_REPRODUCTION_NOT_DOCUMENTED","0"
"1f22a784-a883-42f1-9536-c67d50f7b6d8","ryu-y4-di-pc-jhp-dr-bhk","ryu","draft","reviewed","GAME_VERIFICATION_REQUIRED","VERIFICATION_STATUS_NOT_VERIFIED","CURRENT_GAME_REPRODUCTION_NOT_DOCUMENTED","0"
"1f25f7e2-3122-4600-bf8f-46f50627c236","jamie-20260803-fhk-ch-arrow","jamie","draft","reviewed","GAME_VERIFICATION_REQUIRED","NOTES_CONFLICT","VERIFICATION_STATUS_NOT_VERIFIED|CURRENT_GAME_REPRODUCTION_NOT_DOCUMENTED","0"
"1f485591-5af8-4803-9e2c-56f53cf90748","rashid-y4-air-skyhigh-route","rashid","draft","unverified","GAME_VERIFICATION_REQUIRED","VERIFICATION_STATUS_NOT_VERIFIED","CURRENT_GAME_REPRODUCTION_NOT_DOCUMENTED","0"
"1f64fff8-7db5-4645-b583-57e9dc3b803e","marisa-2mp-cdr","marisa","draft","unverified","GAME_VERIFICATION_REQUIRED","VERIFICATION_STATUS_NOT_VERIFIED","CURRENT_GAME_REPRODUCTION_NOT_DOCUMENTED","0"
"1f68c308-54cd-404d-9349-255e0ac86dac","sagat-y4-di-central","sagat","draft","unverified","GAME_VERIFICATION_REQUIRED","VERIFICATION_STATUS_NOT_VERIFIED","CURRENT_GAME_REPRODUCTION_NOT_DOCUMENTED","0"
"1f980e69-6ad7-4735-a6d6-9cd93c2fcb53","honda-di-stock-hands-sa3","e-honda","draft","unverified","GAME_VERIFICATION_REQUIRED","VERIFICATION_STATUS_NOT_VERIFIED","CURRENT_GAME_REPRODUCTION_NOT_DOCUMENTED","0"
"1fce30b7-b42a-425f-a3a9-a44b5944ac77","yasmine-phase13-medium-confirm","yasmine","archived","unverified","HOLD","ARCHIVED_RECORD","PLACEHOLDER_RECIPE|NOTES_CONFLICT|VERIFICATION_STATUS_NOT_VERIFIED|CURRENT_GAME_REPRODUCTION_NOT_DOCUMENTED|SOURCE_NOT_READY|DUPLICATE_CANDIDATE_ONLY","9"
"1fecfc74-9fa7-472a-a6ca-97fcb591cf2d","m-bison-phase13-candidate-combo-09","m-bison","archived","unverified","HOLD","ARCHIVED_RECORD","PLACEHOLDER_RECIPE|NOTES_CONFLICT|VERIFICATION_STATUS_NOT_VERIFIED|CURRENT_GAME_REPRODUCTION_NOT_DOCUMENTED|SOURCE_NOT_READY|DUPLICATE_CANDIDATE_ONLY","9"
"1ff26798-288a-45fb-a0f0-f07e07d2f24d","jamie-legacy-sa3-center-dr-kicks-drink","jamie","draft","unverified","GAME_VERIFICATION_REQUIRED","NOTES_CONFLICT","VERIFICATION_STATUS_NOT_VERIFIED|CURRENT_GAME_REPRODUCTION_NOT_DOCUMENTED","0"
"205ebe45-2a78-49b0-9286-0e192ee7e357","ingrid-y4-lk-pc-mrise","ingrid","draft","unverified","GAME_VERIFICATION_REQUIRED","VERIFICATION_STATUS_NOT_VERIFIED","CURRENT_GAME_REPRODUCTION_NOT_DOCUMENTED","0"
"2073d6f0-1ace-4a25-89dd-7f06154957e4","terry-y4-modern-sa3","terry","draft","unverified","GAME_VERIFICATION_REQUIRED","VERIFICATION_STATUS_NOT_VERIFIED","CURRENT_GAME_REPRODUCTION_NOT_DOCUMENTED","0"
"20e49333-e14d-4898-876c-22c9d49f1e62","jamie-legacy-drink1-light-tc-rekka","jamie","draft","unverified","GAME_VERIFICATION_REQUIRED","NOTES_CONFLICT","VERIFICATION_STATUS_NOT_VERIFIED|CURRENT_GAME_REPRODUCTION_NOT_DOCUMENTED","0"
"210cf2e0-fd9d-4bec-bdc0-a30d5fb7a635","viper-y4-dr-low","c-viper","draft","unverified","GAME_VERIFICATION_REQUIRED","VERIFICATION_STATUS_NOT_VERIFIED","CURRENT_GAME_REPRODUCTION_NOT_DOCUMENTED","0"
"2136ffb1-e8c4-43c0-8684-bee2604aae92","ryu-y4-pc-5hk-od-donkey-tatsu","ryu","draft","reviewed","GAME_VERIFICATION_REQUIRED","VERIFICATION_STATUS_NOT_VERIFIED","CURRENT_GAME_REPRODUCTION_NOT_DOCUMENTED","0"
"215f03e2-3230-4a4c-a5b1-f9b38ecc174e","lily-medium-confirm","lily","archived","unverified","HOLD","ARCHIVED_RECORD","PLACEHOLDER_RECIPE|NOTES_CONFLICT|VERIFICATION_STATUS_NOT_VERIFIED|CURRENT_GAME_REPRODUCTION_NOT_DOCUMENTED|SOURCE_NOT_READY","0"
"216365d2-a2f5-4a47-b5d9-b7440663849c","terry-y4-modern-sa2","terry","draft","unverified","GAME_VERIFICATION_REQUIRED","VERIFICATION_STATUS_NOT_VERIFIED","CURRENT_GAME_REPRODUCTION_NOT_DOCUMENTED","0"
"21a1fd75-8491-4528-a45c-08e1ab732858","ken-y4-corner-tc-delay","ken","draft","unverified","GAME_VERIFICATION_REQUIRED","VERIFICATION_STATUS_NOT_VERIFIED","CURRENT_GAME_REPRODUCTION_NOT_DOCUMENTED","0"
"21baa251-ea04-4824-b1b2-9c9ebd42e1ad","blanka-dr-low","blanka","draft","unverified","GAME_VERIFICATION_REQUIRED","VERIFICATION_STATUS_NOT_VERIFIED","CURRENT_GAME_REPRODUCTION_NOT_DOCUMENTED","0"
"21c3db2e-4a0f-4110-b5a7-74d6a322c732","luke-y4-modern-burnout-corner-sa3","luke","draft","reviewed","GAME_VERIFICATION_REQUIRED","VERIFICATION_STATUS_NOT_VERIFIED","CURRENT_GAME_REPRODUCTION_NOT_DOCUMENTED","0"
"21d14264-c850-47df-895e-19867e7b585e","lily-y4-air-target-l-tomahawk","lily","draft","unverified","GAME_VERIFICATION_REQUIRED","VERIFICATION_STATUS_NOT_VERIFIED","CURRENT_GAME_REPRODUCTION_NOT_DOCUMENTED","0"
"21eb5e45-8864-419c-9437-a42975c84c67","rashid-phase13-candidate-combo-04","rashid","archived","unverified","HOLD","ARCHIVED_RECORD","PLACEHOLDER_RECIPE|NOTES_CONFLICT|VERIFICATION_STATUS_NOT_VERIFIED|CURRENT_GAME_REPRODUCTION_NOT_DOCUMENTED|SOURCE_NOT_READY|DUPLICATE_CANDIDATE_ONLY","9"
"21ecbb38-e65d-460e-ab3e-f872da77feba","lily-y4-modern-assist-heavy-sa3","lily","draft","unverified","GAME_VERIFICATION_REQUIRED","VERIFICATION_STATUS_NOT_VERIFIED","CURRENT_GAME_REPRODUCTION_NOT_DOCUMENTED","0"
"22298cfa-0dd4-45e8-b571-7a271e285eaf","cammy-y4-mknuckle-pc-light","cammy","draft","unverified","GAME_VERIFICATION_REQUIRED","VERIFICATION_STATUS_NOT_VERIFIED","CURRENT_GAME_REPRODUCTION_NOT_DOCUMENTED","0"
"2233e15c-570d-499c-ad04-09694c04aa93","luke-y4-modern-corner-sa2-lethal","luke","draft","reviewed","GAME_VERIFICATION_REQUIRED","VERIFICATION_STATUS_NOT_VERIFIED","CURRENT_GAME_REPRODUCTION_NOT_DOCUMENTED","0"
"22a5dca9-78d6-4ff6-b918-172c3937de39","zangief-y4-sa2-hold-borscht","zangief","draft","unverified","GAME_VERIFICATION_REQUIRED","VERIFICATION_STATUS_NOT_VERIFIED","CURRENT_GAME_REPRODUCTION_NOT_DOCUMENTED","0"
"22ac8660-fb44-4043-bcaa-1036bb609429","chun-written-di-pc-air-sa","chun-li","draft","unverified","GAME_VERIFICATION_REQUIRED","VERIFICATION_STATUS_NOT_VERIFIED","CURRENT_GAME_REPRODUCTION_NOT_DOCUMENTED","0"
"22b80833-1149-4844-9050-e816ce8d7548","yasmine-phase13-sa1","yasmine","archived","unverified","HOLD","ARCHIVED_RECORD","PLACEHOLDER_RECIPE|NOTES_CONFLICT|VERIFICATION_STATUS_NOT_VERIFIED|CURRENT_GAME_REPRODUCTION_NOT_DOCUMENTED|SOURCE_NOT_READY|DUPLICATE_CANDIDATE_ONLY","9"
"22fc7e1d-16ab-4198-ab37-5fe2ae582a65","kim-y4-dr-overhead-sa3","kimberly","draft","unverified","GAME_VERIFICATION_REQUIRED","VERIFICATION_STATUS_NOT_VERIFIED","CURRENT_GAME_REPRODUCTION_NOT_DOCUMENTED","0"
"23122ebf-6cd2-457d-95da-9fa02741ea76","elena-y4-stun-basic","elena","draft","unverified","GAME_VERIFICATION_REQUIRED","VERIFICATION_STATUS_NOT_VERIFIED","CURRENT_GAME_REPRODUCTION_NOT_DOCUMENTED","0"
"2346676a-d17d-45b4-a4dd-572ab77fa0c3","m-bison-phase13-candidate-combo-04","m-bison","archived","unverified","HOLD","ARCHIVED_RECORD","PLACEHOLDER_RECIPE|NOTES_CONFLICT|VERIFICATION_STATUS_NOT_VERIFIED|CURRENT_GAME_REPRODUCTION_NOT_DOCUMENTED|SOURCE_NOT_READY|DUPLICATE_CANDIDATE_ONLY","9"
"2355a34c-c75a-4c69-86a2-e899fe12b23c","aki-y4-wall-hk-odbubble","aki","draft","unverified","GAME_VERIFICATION_REQUIRED","VERIFICATION_STATUS_NOT_VERIFIED","CURRENT_GAME_REPRODUCTION_NOT_DOCUMENTED","0"
"237506d5-0b49-4674-ac64-7c30b5562fde","ingrid-y4-aa-airtc","ingrid","draft","unverified","GAME_VERIFICATION_REQUIRED","VERIFICATION_STATUS_NOT_VERIFIED","CURRENT_GAME_REPRODUCTION_NOT_DOCUMENTED","0"
"24461a47-3ca5-4ed8-9cd5-413ba6df719f","alex-y4-chop-hyperbomb-safejump","alex","draft","unverified","GAME_VERIFICATION_REQUIRED","VERIFICATION_STATUS_NOT_VERIFIED","CURRENT_GAME_REPRODUCTION_NOT_DOCUMENTED","0"
"24ba273a-2619-4034-bec3-9997e37e709e","sagat-y4-2mp-cdr-knee-upper","sagat","draft","unverified","GAME_VERIFICATION_REQUIRED","VERIFICATION_STATUS_NOT_VERIFIED","CURRENT_GAME_REPRODUCTION_NOT_DOCUMENTED","0"
"25184eb0-c02d-4723-8f2b-46da7a3d85f6","akuma-y4-modern-assist-m","akuma","draft","unverified","GAME_VERIFICATION_REQUIRED","VERIFICATION_STATUS_NOT_VERIFIED","CURRENT_GAME_REPRODUCTION_NOT_DOCUMENTED","0"
"253753e4-df20-4f9e-ba3f-28fb3f8b9a69","lily-y4-stun-wind-stock","lily","draft","unverified","GAME_VERIFICATION_REQUIRED","VERIFICATION_STATUS_NOT_VERIFIED","CURRENT_GAME_REPRODUCTION_NOT_DOCUMENTED","0"
"25501ecf-27c9-4feb-8903-8fef0f449cb4","marisa-od-carry","marisa","draft","unverified","GAME_VERIFICATION_REQUIRED","VERIFICATION_STATUS_NOT_VERIFIED","CURRENT_GAME_REPRODUCTION_NOT_DOCUMENTED","0"
"25e91470-e1ef-46a2-a0b2-f6857b487b57","juri-y4-od-divekick","juri","draft","unverified","GAME_VERIFICATION_REQUIRED","VERIFICATION_STATUS_NOT_VERIFIED","CURRENT_GAME_REPRODUCTION_NOT_DOCUMENTED","0"
"2615c074-afee-4a74-b492-9761952f8eb6","dhalsim-2mp-dr-double-mk","dhalsim","draft","unverified","GAME_VERIFICATION_REQUIRED","VERIFICATION_STATUS_NOT_VERIFIED","CURRENT_GAME_REPRODUCTION_NOT_DOCUMENTED","0"
"265a70a1-27aa-446f-922c-c3b4ee1faf10","chun-written-sa2-side-switch","chun-li","draft","unverified","GAME_VERIFICATION_REQUIRED","VERIFICATION_STATUS_NOT_VERIFIED","CURRENT_GAME_REPRODUCTION_NOT_DOCUMENTED","0"
"26759dfe-bd9a-4716-89bb-efe774994f79","dhalsim-corner-arch-odblast","dhalsim","draft","unverified","GAME_VERIFICATION_REQUIRED","VERIFICATION_STATUS_NOT_VERIFIED","CURRENT_GAME_REPRODUCTION_NOT_DOCUMENTED","0"
"268fab5d-dcb7-4a3a-a0cc-be7972f76a21","manon-p25g-modern-enhaut-cdr","manon","archived","unverified","HOLD","ARCHIVED_RECORD","VERIFICATION_STATUS_NOT_VERIFIED|CURRENT_GAME_REPRODUCTION_NOT_DOCUMENTED|DUPLICATE_CANDIDATE_ONLY","1"
"2704bb45-6ef7-40b1-8470-2ee603303f30","zangief-y4-di-dash-stab-lariat","zangief","draft","unverified","GAME_VERIFICATION_REQUIRED","VERIFICATION_STATUS_NOT_VERIFIED","CURRENT_GAME_REPRODUCTION_NOT_DOCUMENTED","0"
"2707af9a-5b94-412a-b428-c6d27cf6235b","guile-phase13-20260827-2","guile","archived","unverified","HOLD","ARCHIVED_RECORD","PLACEHOLDER_RECIPE|NOTES_CONFLICT|VERIFICATION_STATUS_NOT_VERIFIED|CURRENT_GAME_REPRODUCTION_NOT_DOCUMENTED|DUPLICATE_CANDIDATE_ONLY","9"
"2707e019-4da2-44af-81f3-5e4d4a132207","manon-basic-light","manon","archived","unverified","HOLD","ARCHIVED_RECORD","PLACEHOLDER_RECIPE|NOTES_CONFLICT|VERIFICATION_STATUS_NOT_VERIFIED|CURRENT_GAME_REPRODUCTION_NOT_DOCUMENTED|SOURCE_NOT_READY","0"
"271725f2-831a-4123-97ad-7513d7f70028","ryu-modern-di-side-switch-dp","ryu","draft","unverified","GAME_VERIFICATION_REQUIRED","VERIFICATION_STATUS_NOT_VERIFIED","CURRENT_GAME_REPRODUCTION_NOT_DOCUMENTED","0"
"271b8a26-7565-4fa5-b69d-e8a542e7b2a6","kimberly-20260803-modern-assist2","kimberly","draft","verified","GAME_VERIFICATION_REQUIRED","CURRENT_GAME_REPRODUCTION_NOT_DOCUMENTED","","0"
"272e76cb-5884-49f7-8852-6ec71e4ff56d","jamie-20260803-jhp-basic","jamie","draft","reviewed","GAME_VERIFICATION_REQUIRED","NOTES_CONFLICT","VERIFICATION_STATUS_NOT_VERIFIED|CURRENT_GAME_REPRODUCTION_NOT_DOCUMENTED","0"
"274d6d21-a867-4c67-a7b6-c58e8f37a0b9","rashid-y4-sa2-lspike-odmixer","rashid","draft","unverified","GAME_VERIFICATION_REQUIRED","VERIFICATION_STATUS_NOT_VERIFIED","CURRENT_GAME_REPRODUCTION_NOT_DOCUMENTED","0"
"27520228-67e2-447b-89ea-7e106b5ea9ed","ryu-y4-light-hdonkey","ryu","draft","reviewed","GAME_VERIFICATION_REQUIRED","NOTES_CONFLICT","VERIFICATION_STATUS_NOT_VERIFIED|CURRENT_GAME_REPRODUCTION_NOT_DOCUMENTED","0"
"275b0e0d-0177-4c89-90e5-2115abca6950","yasmine-y4-aa-ripa","yasmine","draft","unverified","GAME_VERIFICATION_REQUIRED","VERIFICATION_STATUS_NOT_VERIFIED","CURRENT_GAME_REPRODUCTION_NOT_DOCUMENTED","0"
"27ea5620-30fd-4bec-af30-5112d32ed931","ryu-y3-crmk-drc-hhasho","ryu","draft","unverified","GAME_VERIFICATION_REQUIRED","VERIFICATION_STATUS_NOT_VERIFIED","CURRENT_GAME_REPRODUCTION_NOT_DOCUMENTED","0"
"28127f39-4c29-4039-8ad2-09d789ff5432","yasmine-y4-2mk-cdr","yasmine","draft","unverified","GAME_VERIFICATION_REQUIRED","VERIFICATION_STATUS_NOT_VERIFIED","CURRENT_GAME_REPRODUCTION_NOT_DOCUMENTED","0"
"2816b1ca-ff35-4b7a-a746-5449d60faee6","cammy-y4-hknuckle-pc-hp","cammy","draft","unverified","GAME_VERIFICATION_REQUIRED","VERIFICATION_STATUS_NOT_VERIFIED","CURRENT_GAME_REPRODUCTION_NOT_DOCUMENTED","0"
"28363906-be53-4bfb-8464-5c416629486c","blanka-6mk-light-ball","blanka","draft","unverified","GAME_VERIFICATION_REQUIRED","VERIFICATION_STATUS_NOT_VERIFIED","CURRENT_GAME_REPRODUCTION_NOT_DOCUMENTED","0"
"2868468b-14c9-46fb-a197-90c6e072a09e","terry-y4-hk-pc-dunk","terry","draft","unverified","GAME_VERIFICATION_REQUIRED","VERIFICATION_STATUS_NOT_VERIFIED","CURRENT_GAME_REPRODUCTION_NOT_DOCUMENTED","0"
"289798b4-1085-4193-95ae-077487eba295","yasmine-y4-pangil-punish","yasmine","draft","unverified","GAME_VERIFICATION_REQUIRED","VERIFICATION_STATUS_NOT_VERIFIED","CURRENT_GAME_REPRODUCTION_NOT_DOCUMENTED","0"
"29f0492d-5829-43de-8e2a-c569f460ef58","blanka-stun-sa3","blanka","draft","unverified","GAME_VERIFICATION_REQUIRED","VERIFICATION_STATUS_NOT_VERIFIED","CURRENT_GAME_REPRODUCTION_NOT_DOCUMENTED","0"
"2a3ab1b5-6872-46f0-90e2-651c3388bf1e","blanka-dr-5hk-lift","blanka","draft","unverified","GAME_VERIFICATION_REQUIRED","VERIFICATION_STATUS_NOT_VERIFIED","CURRENT_GAME_REPRODUCTION_NOT_DOCUMENTED","0"
"2ac868dc-b284-4ca4-a22b-fb011a90d7b4","ryu-y4-di-corner-pc-hp-hdp","ryu","draft","reviewed","GAME_VERIFICATION_REQUIRED","VERIFICATION_STATUS_NOT_VERIFIED","CURRENT_GAME_REPRODUCTION_NOT_DOCUMENTED","0"
"2afdf61f-2ce9-4e41-895c-354b8f0c747d","zangief-y4-bodypress-cdr-lariat","zangief","draft","unverified","GAME_VERIFICATION_REQUIRED","VERIFICATION_STATUS_NOT_VERIFIED","CURRENT_GAME_REPRODUCTION_NOT_DOCUMENTED","0"
"2b1729dd-a955-4b48-9b1a-5e36670f6fb0","jamie-y4-2mk-od-bakkai-sa2-max","jamie","draft","unverified","GAME_VERIFICATION_REQUIRED","VERIFICATION_STATUS_NOT_VERIFIED","CURRENT_GAME_REPRODUCTION_NOT_DOCUMENTED","0"
"2b234a44-4ee9-4a81-8eb2-2e1129bfd0f5","luke-y4-modern-dr-overhead-ddt","luke","draft","reviewed","GAME_VERIFICATION_REQUIRED","VERIFICATION_STATUS_NOT_VERIFIED","CURRENT_GAME_REPRODUCTION_NOT_DOCUMENTED","0"
"2b297066-9cad-4ca9-93d2-433cba87ca80","sagat-phase13-sa3","sagat","archived","unverified","HOLD","ARCHIVED_RECORD","PLACEHOLDER_RECIPE|NOTES_CONFLICT|VERIFICATION_STATUS_NOT_VERIFIED|CURRENT_GAME_REPRODUCTION_NOT_DOCUMENTED|SOURCE_NOT_READY|DUPLICATE_CANDIDATE_ONLY","9"
"2bdabe2e-5860-456a-b26e-47d1e4024fc5","aki-y4-modern-assist-l","aki","draft","unverified","GAME_VERIFICATION_REQUIRED","VERIFICATION_STATUS_NOT_VERIFIED","CURRENT_GAME_REPRODUCTION_NOT_DOCUMENTED","0"
"2bf3a5f3-d00d-4763-9796-4ea36c30fac5","alex-y4-modern-assist-h","alex","draft","unverified","GAME_VERIFICATION_REQUIRED","VERIFICATION_STATUS_NOT_VERIFIED","CURRENT_GAME_REPRODUCTION_NOT_DOCUMENTED","0"
"2c131d13-b909-42cd-ba14-4576ccbf3492","deejay-2hp-jackknife","dee-jay","draft","unverified","GAME_VERIFICATION_REQUIRED","VERIFICATION_STATUS_NOT_VERIFIED","CURRENT_GAME_REPRODUCTION_NOT_DOCUMENTED","0"
"2c536aad-d665-4a76-a8bc-03f0fa0bd1c0","cammy-phase13-candidate-combo-01","cammy","archived","unverified","HOLD","ARCHIVED_RECORD","PLACEHOLDER_RECIPE|NOTES_CONFLICT|VERIFICATION_STATUS_NOT_VERIFIED|CURRENT_GAME_REPRODUCTION_NOT_DOCUMENTED|SOURCE_NOT_READY|DUPLICATE_CANDIDATE_ONLY","9"
"2d2aca77-83d6-49e8-9032-f02da265812e","cammy-y4-drev-punish-hp","cammy","draft","unverified","GAME_VERIFICATION_REQUIRED","VERIFICATION_STATUS_NOT_VERIFIED","CURRENT_GAME_REPRODUCTION_NOT_DOCUMENTED","0"
"2d32031f-d4f5-48f1-bf10-78425aed3be3","zangief-y4-punish-6hk-od-borscht","zangief","draft","unverified","GAME_VERIFICATION_REQUIRED","VERIFICATION_STATUS_NOT_VERIFIED","CURRENT_GAME_REPRODUCTION_NOT_DOCUMENTED","0"
"2d35d34c-e604-4fe0-b91e-762d90d99423","viper-y4-2hp-seismo-airburn-switch","c-viper","draft","unverified","GAME_VERIFICATION_REQUIRED","VERIFICATION_STATUS_NOT_VERIFIED","CURRENT_GAME_REPRODUCTION_NOT_DOCUMENTED","0"
"2d3c4e5c-4bb3-4810-aa14-b8d20402163b","elena-y4-2mp-pc-hspin","elena","draft","unverified","GAME_VERIFICATION_REQUIRED","VERIFICATION_STATUS_NOT_VERIFIED","CURRENT_GAME_REPRODUCTION_NOT_DOCUMENTED","0"
"2d3e4cb6-53a3-404e-bc61-3286f153351b","ken-y4-mptc-run-dp","ken","draft","unverified","GAME_VERIFICATION_REQUIRED","VERIFICATION_STATUS_NOT_VERIFIED","CURRENT_GAME_REPRODUCTION_NOT_DOCUMENTED","0"
"2d5c7c88-703d-4b58-b1af-c98c0425046d","chun-li-20260803-close-lp-mp-sbk","chun-li","draft","reviewed","GAME_VERIFICATION_REQUIRED","VERIFICATION_STATUS_NOT_VERIFIED","CURRENT_GAME_REPRODUCTION_NOT_DOCUMENTED","0"
"2d7d1386-ef06-4964-8d79-0f7cd48e9504","mai-y4-jhp-2mp-ryuen","mai","draft","unverified","GAME_VERIFICATION_REQUIRED","VERIFICATION_STATUS_NOT_VERIFIED","CURRENT_GAME_REPRODUCTION_NOT_DOCUMENTED","0"
"2da4a315-475d-49c1-99fb-f01241ee96d8","terry-y4-hp-charge-crack-rising","terry","draft","unverified","GAME_VERIFICATION_REQUIRED","VERIFICATION_STATUS_NOT_VERIFIED","CURRENT_GAME_REPRODUCTION_NOT_DOCUMENTED","0"
"2dde6f6f-fbb4-443f-8815-e5c5c700a112","lily-y4-2mk-light-wind","lily","draft","unverified","GAME_VERIFICATION_REQUIRED","VERIFICATION_STATUS_NOT_VERIFIED","CURRENT_GAME_REPRODUCTION_NOT_DOCUMENTED","0"
"2ee0df7d-1c54-4e4c-9eb8-759d1cd0bca9","manon-lk-ch-renverse-y4","manon","draft","unverified","GAME_VERIFICATION_REQUIRED","VERIFICATION_STATUS_NOT_VERIFIED","CURRENT_GAME_REPRODUCTION_NOT_DOCUMENTED","0"
"2ee305e8-1209-4c7d-84c9-b08ffe3d0c46","sagat-y4-2mp-cdr-carry","sagat","draft","unverified","GAME_VERIFICATION_REQUIRED","VERIFICATION_STATUS_NOT_VERIFIED","CURRENT_GAME_REPRODUCTION_NOT_DOCUMENTED","0"
"2eea2f61-fe0c-431f-8a26-613c4eec86d7","deejay-od-jus-mid-sobat","dee-jay","draft","unverified","GAME_VERIFICATION_REQUIRED","VERIFICATION_STATUS_NOT_VERIFIED","CURRENT_GAME_REPRODUCTION_NOT_DOCUMENTED","0"
"2f5f9e1c-f113-423b-97b1-dd19ebc18bc5","ryu-y3-stun-ca","ryu","draft","unverified","GAME_VERIFICATION_REQUIRED","VERIFICATION_STATUS_NOT_VERIFIED","CURRENT_GAME_REPRODUCTION_NOT_DOCUMENTED","0"
"2fae63d7-0514-4a51-9b58-281b0026bc3e","elena-y4-sa1-wheel","elena","draft","unverified","GAME_VERIFICATION_REQUIRED","VERIFICATION_STATUS_NOT_VERIFIED","CURRENT_GAME_REPRODUCTION_NOT_DOCUMENTED","0"
"2fb99e8b-e78f-4c52-be6a-345485c0d9ce","mai-y4-modern-assist-l","mai","draft","unverified","GAME_VERIFICATION_REQUIRED","VERIFICATION_STATUS_NOT_VERIFIED","CURRENT_GAME_REPRODUCTION_NOT_DOCUMENTED","0"
"2fd0fef8-6f18-45d1-ab30-4cb29658b688","kim-y4-di-pc-aranya","kimberly","draft","unverified","GAME_VERIFICATION_REQUIRED","VERIFICATION_STATUS_NOT_VERIFIED","CURRENT_GAME_REPRODUCTION_NOT_DOCUMENTED","0"
"2ff42b22-25e7-48ca-8353-6ee6028f5b59","cammy-y4-modern-punish-sa3","cammy","draft","unverified","GAME_VERIFICATION_REQUIRED","VERIFICATION_STATUS_NOT_VERIFIED","CURRENT_GAME_REPRODUCTION_NOT_DOCUMENTED","0"
"30635403-d29e-4cc8-8a91-99bb98270224","aki-y4-5mk-5mp-hwhip","aki","draft","unverified","GAME_VERIFICATION_REQUIRED","VERIFICATION_STATUS_NOT_VERIFIED","CURRENT_GAME_REPRODUCTION_NOT_DOCUMENTED","0"
"307833ac-22fb-46f5-9e47-1c1e032291f5","bison-y4-corner-odpsycho","m-bison","draft","unverified","GAME_VERIFICATION_REQUIRED","VERIFICATION_STATUS_NOT_VERIFIED","CURRENT_GAME_REPRODUCTION_NOT_DOCUMENTED","0"
"31a791ff-97a2-4160-89b2-3dd78fcb9d68","jp-light-cdr-sa1","jp","draft","reviewed","GAME_VERIFICATION_REQUIRED","VERIFICATION_STATUS_NOT_VERIFIED","CURRENT_GAME_REPRODUCTION_NOT_DOCUMENTED","0"
"31fa36c2-b169-46b7-a846-a73795977845","mai-y4-lights-odshinobi-air","mai","draft","unverified","GAME_VERIFICATION_REQUIRED","VERIFICATION_STATUS_NOT_VERIFIED","CURRENT_GAME_REPRODUCTION_NOT_DOCUMENTED","0"
"3224f166-72c6-4632-a1bc-6653786a6575","aki-y4-modern-2m-basic","aki","draft","unverified","GAME_VERIFICATION_REQUIRED","VERIFICATION_STATUS_NOT_VERIFIED","CURRENT_GAME_REPRODUCTION_NOT_DOCUMENTED","0"
"3262ba7e-30a0-4039-a724-cf68a2a81499","ryu-y3-note-odtatsu-lhasho42","ryu","draft","unverified","GAME_VERIFICATION_REQUIRED","VERIFICATION_STATUS_NOT_VERIFIED","CURRENT_GAME_REPRODUCTION_NOT_DOCUMENTED","0"
"32838a98-5125-44b6-8703-8516982e1af3","dee-jay-medium-confirm","dee-jay","archived","unverified","HOLD","ARCHIVED_RECORD","PLACEHOLDER_RECIPE|NOTES_CONFLICT|VERIFICATION_STATUS_NOT_VERIFIED|CURRENT_GAME_REPRODUCTION_NOT_DOCUMENTED|SOURCE_NOT_READY","0"
"32848cc5-256d-4451-a4f7-43ad2aa59591","marisa-corner","marisa","archived","unverified","HOLD","ARCHIVED_RECORD","PLACEHOLDER_RECIPE|NOTES_CONFLICT|VERIFICATION_STATUS_NOT_VERIFIED|CURRENT_GAME_REPRODUCTION_NOT_DOCUMENTED|SOURCE_NOT_READY","0"
"3287c9fc-607c-4f59-a338-cc090e2913af","juri-y4-mp-goohsatsu","juri","draft","unverified","GAME_VERIFICATION_REQUIRED","VERIFICATION_STATUS_NOT_VERIFIED","CURRENT_GAME_REPRODUCTION_NOT_DOCUMENTED","0"
"3311c8ce-d66a-4677-817c-374dced10ea2","terry-y4-sa3-max","terry","draft","unverified","GAME_VERIFICATION_REQUIRED","VERIFICATION_STATUS_NOT_VERIFIED","CURRENT_GAME_REPRODUCTION_NOT_DOCUMENTED","0"
"33232177-b4ba-48e3-b771-686afc064eea","sagat-y4-aa-hk","sagat","draft","unverified","GAME_VERIFICATION_REQUIRED","VERIFICATION_STATUS_NOT_VERIFIED","CURRENT_GAME_REPRODUCTION_NOT_DOCUMENTED","0"
"335223cc-757f-452b-b2cc-fd2e7702c8b1","ken-y4-jumpin-run-dp","ken","draft","unverified","GAME_VERIFICATION_REQUIRED","VERIFICATION_STATUS_NOT_VERIFIED","CURRENT_GAME_REPRODUCTION_NOT_DOCUMENTED","0"
"33650cae-a3e6-4a03-95b9-21249db0d26a","ingrid-phase13-sa3","ingrid","archived","unverified","HOLD","ARCHIVED_RECORD","PLACEHOLDER_RECIPE|NOTES_CONFLICT|VERIFICATION_STATUS_NOT_VERIFIED|CURRENT_GAME_REPRODUCTION_NOT_DOCUMENTED|SOURCE_NOT_READY|DUPLICATE_CANDIDATE_ONLY","9"
"337aaf32-0d8a-441f-9fd8-cf492a37fded","kim-y4-dr-overhead-tc","kimberly","draft","unverified","GAME_VERIFICATION_REQUIRED","VERIFICATION_STATUS_NOT_VERIFIED","CURRENT_GAME_REPRODUCTION_NOT_DOCUMENTED","0"
"339274e2-fa5e-4467-b7d9-382c814a4c97","blanka-dr-4mk-lift","blanka","draft","unverified","GAME_VERIFICATION_REQUIRED","VERIFICATION_STATUS_NOT_VERIFIED","CURRENT_GAME_REPRODUCTION_NOT_DOCUMENTED","0"
"3400b023-0d0e-4e69-a691-a2cbe03dc3a8","jamie-phase13-20260827-2","jamie","archived","unverified","HOLD","ARCHIVED_RECORD","PLACEHOLDER_RECIPE|NOTES_CONFLICT|VERIFICATION_STATUS_NOT_VERIFIED|CURRENT_GAME_REPRODUCTION_NOT_DOCUMENTED|DUPLICATE_CANDIDATE_ONLY","9"
"34519c1a-e21f-4813-94e0-5a1e3df3fde7","ed-y4-punish-double-cdr-sa3","ed","draft","unverified","GAME_VERIFICATION_REQUIRED","VERIFICATION_STATUS_NOT_VERIFIED","CURRENT_GAME_REPRODUCTION_NOT_DOCUMENTED","0"
"352bbfee-3a55-4f22-bb68-30da239e079b","mai-y4-mp-hshinobi","mai","draft","unverified","GAME_VERIFICATION_REQUIRED","VERIFICATION_STATUS_NOT_VERIFIED","CURRENT_GAME_REPRODUCTION_NOT_DOCUMENTED","0"
"3554bb41-4291-44e5-9b4a-5d0f55c28517","marisa-basic-light","marisa","archived","unverified","HOLD","ARCHIVED_RECORD","PLACEHOLDER_RECIPE|NOTES_CONFLICT|VERIFICATION_STATUS_NOT_VERIFIED|CURRENT_GAME_REPRODUCTION_NOT_DOCUMENTED|SOURCE_NOT_READY","0"
"35fc7b9a-f034-4f6e-b825-0610d225b6db","guile-modern-4h-pc-sa3","guile","draft","unverified","GAME_VERIFICATION_REQUIRED","VERIFICATION_STATUS_NOT_VERIFIED","CURRENT_GAME_REPRODUCTION_NOT_DOCUMENTED","0"
"3615d103-e4aa-48eb-a8b6-f9843f9b3d89","jp-modern-di-jh-triglav","jp","draft","unverified","GAME_VERIFICATION_REQUIRED","VERIFICATION_STATUS_NOT_VERIFIED","CURRENT_GAME_REPRODUCTION_NOT_DOCUMENTED","0"
"363567d1-b334-44c7-ae78-a5da7ba1a3e3","ryu-y3-rush-overhead-crouch-max","ryu","draft","unverified","GAME_VERIFICATION_REQUIRED","VERIFICATION_STATUS_NOT_VERIFIED","CURRENT_GAME_REPRODUCTION_NOT_DOCUMENTED","0"
"36384ec0-a2a3-4aee-94c5-714a490c713c","jamie-y4-5mp-2mp-od-swagger","jamie","draft","unverified","GAME_VERIFICATION_REQUIRED","VERIFICATION_STATUS_NOT_VERIFIED","CURRENT_GAME_REPRODUCTION_NOT_DOCUMENTED","0"
"3646c0d0-378b-4378-93c4-f7f5cf4043e4","ryu-modern-di-od-blade-air-tatsu","ryu","draft","unverified","GAME_VERIFICATION_REQUIRED","VERIFICATION_STATUS_NOT_VERIFIED","CURRENT_GAME_REPRODUCTION_NOT_DOCUMENTED","0"
"36872290-39c9-4ce6-a570-95f6f3d2bceb","zangief-y4-light-double-cdr-lariat","zangief","draft","unverified","GAME_VERIFICATION_REQUIRED","VERIFICATION_STATUS_NOT_VERIFIED","CURRENT_GAME_REPRODUCTION_NOT_DOCUMENTED","0"
"36adf29d-4b8d-450e-9d56-ae953be0b620","lily-y4-wind-5lk-5lp-spire","lily","draft","unverified","GAME_VERIFICATION_REQUIRED","VERIFICATION_STATUS_NOT_VERIFIED","CURRENT_GAME_REPRODUCTION_NOT_DOCUMENTED","0"
"372c6288-d039-436a-bc25-2cb05ba52beb","manon-od-degage-y4","manon","draft","unverified","GAME_VERIFICATION_REQUIRED","VERIFICATION_STATUS_NOT_VERIFIED","CURRENT_GAME_REPRODUCTION_NOT_DOCUMENTED","0"
"38067c2f-6316-4828-9f57-2c829d887c5b","zangief-sa3","zangief","archived","unverified","HOLD","ARCHIVED_RECORD","PLACEHOLDER_RECIPE|NOTES_CONFLICT|VERIFICATION_STATUS_NOT_VERIFIED|CURRENT_GAME_REPRODUCTION_NOT_DOCUMENTED|SOURCE_NOT_READY","0"
"3887d833-412f-4db0-a2c5-b212553b12a5","zangief-y4-modern-assist-light","zangief","draft","unverified","GAME_VERIFICATION_REQUIRED","VERIFICATION_STATUS_NOT_VERIFIED","CURRENT_GAME_REPRODUCTION_NOT_DOCUMENTED","0"
"3898776a-0b6f-449a-ad75-cb84529cf3df","sagat-phase13-corner-carry","sagat","archived","unverified","HOLD","ARCHIVED_RECORD","PLACEHOLDER_RECIPE|NOTES_CONFLICT|VERIFICATION_STATUS_NOT_VERIFIED|CURRENT_GAME_REPRODUCTION_NOT_DOCUMENTED|SOURCE_NOT_READY|DUPLICATE_CANDIDATE_ONLY","9"
"392ccfab-d2be-4e6d-bffe-168d531e45fa","cammy-y4-2lk-lights-marrow","cammy","draft","unverified","GAME_VERIFICATION_REQUIRED","VERIFICATION_STATUS_NOT_VERIFIED","CURRENT_GAME_REPRODUCTION_NOT_DOCUMENTED","0"
"3935f45d-654f-4881-8e46-ac6f5ceb25ea","yasmine-phase13-sa3","yasmine","archived","unverified","HOLD","ARCHIVED_RECORD","PLACEHOLDER_RECIPE|NOTES_CONFLICT|VERIFICATION_STATUS_NOT_VERIFIED|CURRENT_GAME_REPRODUCTION_NOT_DOCUMENTED|SOURCE_NOT_READY|DUPLICATE_CANDIDATE_ONLY","9"
"3949b59b-847b-435b-9a05-685a178ace0e","honda-stun-sa3","e-honda","draft","unverified","GAME_VERIFICATION_REQUIRED","VERIFICATION_STATUS_NOT_VERIFIED","CURRENT_GAME_REPRODUCTION_NOT_DOCUMENTED","0"
"39b08382-9209-43cb-b61d-9c3f0ef9825f","dhalsim-resource","dhalsim","archived","unverified","HOLD","ARCHIVED_RECORD","PLACEHOLDER_RECIPE|NOTES_CONFLICT|VERIFICATION_STATUS_NOT_VERIFIED|CURRENT_GAME_REPRODUCTION_NOT_DOCUMENTED|SOURCE_NOT_READY","0"
"39d3b503-e5a0-46ba-8138-c1daa9b5126e","ingrid-y4-lights-mrise","ingrid","draft","unverified","GAME_VERIFICATION_REQUIRED","VERIFICATION_STATUS_NOT_VERIFIED","CURRENT_GAME_REPRODUCTION_NOT_DOCUMENTED","0"
"39f8abf8-5e44-4843-97c5-f0c95940367c","yasmine-y4-2mp-odtalim","yasmine","draft","unverified","GAME_VERIFICATION_REQUIRED","VERIFICATION_STATUS_NOT_VERIFIED","CURRENT_GAME_REPRODUCTION_NOT_DOCUMENTED","0"
"3a58bc5e-416a-4864-8b45-21bdd9557249","elena-phase13-corner-carry","elena","archived","unverified","HOLD","ARCHIVED_RECORD","PLACEHOLDER_RECIPE|NOTES_CONFLICT|VERIFICATION_STATUS_NOT_VERIFIED|CURRENT_GAME_REPRODUCTION_NOT_DOCUMENTED|SOURCE_NOT_READY|DUPLICATE_CANDIDATE_ONLY","9"
"3a759b43-c9fa-4602-9507-7484dac41d89","marisa-p25d-heavy-dr-ender-choice","marisa","draft","unverified","GAME_VERIFICATION_REQUIRED","VERIFICATION_STATUS_NOT_VERIFIED","CURRENT_GAME_REPRODUCTION_NOT_DOCUMENTED","0"
"3ab751fd-3cfb-4514-bbaa-f1bc8d7b2154","yasmine-y4-lk-pc","yasmine","draft","unverified","GAME_VERIFICATION_REQUIRED","VERIFICATION_STATUS_NOT_VERIFIED","CURRENT_GAME_REPRODUCTION_NOT_DOCUMENTED","0"
"3ac0807c-aa16-4120-8ee8-1f9fb493500f","kimberly-phase13-20260827-3","kimberly","archived","unverified","HOLD","ARCHIVED_RECORD","PLACEHOLDER_RECIPE|NOTES_CONFLICT|VERIFICATION_STATUS_NOT_VERIFIED|CURRENT_GAME_REPRODUCTION_NOT_DOCUMENTED|DUPLICATE_CANDIDATE_ONLY","9"
"3adf5895-ad9e-41a3-967b-905bf9ae4a3d","aki-y4-modern-di-corner","aki","draft","unverified","GAME_VERIFICATION_REQUIRED","VERIFICATION_STATUS_NOT_VERIFIED","CURRENT_GAME_REPRODUCTION_NOT_DOCUMENTED","0"
"3af4895a-977c-4569-983e-60d0b5a8d761","akuma-phase13-candidate-combo-03","akuma","archived","unverified","HOLD","ARCHIVED_RECORD","PLACEHOLDER_RECIPE|NOTES_CONFLICT|VERIFICATION_STATUS_NOT_VERIFIED|CURRENT_GAME_REPRODUCTION_NOT_DOCUMENTED|SOURCE_NOT_READY|DUPLICATE_CANDIDATE_ONLY","9"
"3b2fba27-7ae7-48e9-9223-14b02ac0a7a0","akuma-y4-modern-di-wall","akuma","draft","unverified","GAME_VERIFICATION_REQUIRED","VERIFICATION_STATUS_NOT_VERIFIED","CURRENT_GAME_REPRODUCTION_NOT_DOCUMENTED","0"
"3b39f7a2-c3aa-4714-a03d-e1acc2ea1f49","terry-y4-2lp-mburn","terry","draft","unverified","GAME_VERIFICATION_REQUIRED","VERIFICATION_STATUS_NOT_VERIFIED","CURRENT_GAME_REPRODUCTION_NOT_DOCUMENTED","0"
"3bce6f77-e2c5-4662-ad56-509a35f8cc7a","marisa-modern-cdr","marisa","draft","unverified","GAME_VERIFICATION_REQUIRED","VERIFICATION_STATUS_NOT_VERIFIED","CURRENT_GAME_REPRODUCTION_NOT_DOCUMENTED","0"
"3be4ca8c-908b-44c0-96be-2542b8a4f19e","alex-phase13-light-confirm","alex","archived","unverified","HOLD","ARCHIVED_RECORD","PLACEHOLDER_RECIPE|NOTES_CONFLICT|VERIFICATION_STATUS_NOT_VERIFIED|CURRENT_GAME_REPRODUCTION_NOT_DOCUMENTED|SOURCE_NOT_READY|DUPLICATE_CANDIDATE_ONLY","9"
"3bff03a3-a191-4717-b04c-46747ef4d938","juri-y4-2mk-chain","juri","draft","unverified","GAME_VERIFICATION_REQUIRED","VERIFICATION_STATUS_NOT_VERIFIED","CURRENT_GAME_REPRODUCTION_NOT_DOCUMENTED","0"
"3c15c57a-aada-4faf-9665-b755e85f1084","terry-phase13-candidate-combo-01","terry","archived","unverified","HOLD","ARCHIVED_RECORD","PLACEHOLDER_RECIPE|NOTES_CONFLICT|VERIFICATION_STATUS_NOT_VERIFIED|CURRENT_GAME_REPRODUCTION_NOT_DOCUMENTED|SOURCE_NOT_READY|DUPLICATE_CANDIDATE_ONLY","9"
"3c278d51-243b-4214-85b7-4ae28697efa4","ingrid-y4-mptc-lv2flare","ingrid","draft","unverified","GAME_VERIFICATION_REQUIRED","VERIFICATION_STATUS_NOT_VERIFIED","CURRENT_GAME_REPRODUCTION_NOT_DOCUMENTED","0"
"3c35de5e-9b8c-43af-b77c-7651b6536a11","deejay-di-pc-od-machine-sa2","dee-jay","draft","unverified","GAME_VERIFICATION_REQUIRED","VERIFICATION_STATUS_NOT_VERIFIED","CURRENT_GAME_REPRODUCTION_NOT_DOCUMENTED","0"
"3c92005f-4ce3-4554-8c4b-091a1870467f","luke-y4-modern-amp-lp-odflash-ddt","luke","draft","reviewed","GAME_VERIFICATION_REQUIRED","VERIFICATION_STATUS_NOT_VERIFIED","CURRENT_GAME_REPRODUCTION_NOT_DOCUMENTED","0"
"3cbb6b91-a223-484d-8ebd-d077e90f4cdf","jamie-y4-od-divekick-5hp-sa1","jamie","draft","unverified","GAME_VERIFICATION_REQUIRED","VERIFICATION_STATUS_NOT_VERIFIED","CURRENT_GAME_REPRODUCTION_NOT_DOCUMENTED","0"
"3cc3f147-642b-46f5-8ddf-1e26098a715f","chun-written-stun-max-sa3","chun-li","draft","unverified","GAME_VERIFICATION_REQUIRED","VERIFICATION_STATUS_NOT_VERIFIED","CURRENT_GAME_REPRODUCTION_NOT_DOCUMENTED","0"
"3cd6ba64-cc56-42cc-a8a9-a7e01c31c603","marisa-p25d-corner-mptc-charge-phalanx","marisa","draft","unverified","GAME_VERIFICATION_REQUIRED","VERIFICATION_STATUS_NOT_VERIFIED","CURRENT_GAME_REPRODUCTION_NOT_DOCUMENTED","0"
"3ce553f2-f7c2-4728-998b-88fab07ecfa6","juri-y4-di-wall","juri","draft","reviewed","GAME_VERIFICATION_REQUIRED","VERIFICATION_STATUS_NOT_VERIFIED","CURRENT_GAME_REPRODUCTION_NOT_DOCUMENTED","0"
"3cebe7fb-63ab-4437-bfe1-442372626a52","marisa-heavy-sa3","marisa","draft","unverified","GAME_VERIFICATION_REQUIRED","VERIFICATION_STATUS_NOT_VERIFIED","CURRENT_GAME_REPRODUCTION_NOT_DOCUMENTED","0"
"3cf0f423-2051-4184-a350-8dbab7bc43b5","terry-y4-di-side-switch","terry","draft","unverified","GAME_VERIFICATION_REQUIRED","VERIFICATION_STATUS_NOT_VERIFIED","CURRENT_GAME_REPRODUCTION_NOT_DOCUMENTED","0"
"3d044c60-8a38-40ed-b5e2-e15c7411c3bd","kimberly-phase13-20260827-7","kimberly","archived","unverified","HOLD","ARCHIVED_RECORD","PLACEHOLDER_RECIPE|NOTES_CONFLICT|VERIFICATION_STATUS_NOT_VERIFIED|CURRENT_GAME_REPRODUCTION_NOT_DOCUMENTED|DUPLICATE_CANDIDATE_ONLY","9"
"3d7885e5-ecdf-46e3-9e5a-88b07692211e","ingrid-y4-2mp-cdr","ingrid","draft","unverified","GAME_VERIFICATION_REQUIRED","VERIFICATION_STATUS_NOT_VERIFIED","CURRENT_GAME_REPRODUCTION_NOT_DOCUMENTED","0"
"3da88fc3-7040-467f-b893-581b2ecb482e","blanka-sa1","blanka","archived","unverified","HOLD","ARCHIVED_RECORD","PLACEHOLDER_RECIPE|NOTES_CONFLICT|VERIFICATION_STATUS_NOT_VERIFIED|CURRENT_GAME_REPRODUCTION_NOT_DOCUMENTED|SOURCE_NOT_READY|DUPLICATE_CANDIDATE_ONLY","1"
"3db13193-ad24-4dc5-b80a-5a25729d3c8c","juri-y4-5hk-pc","juri","draft","reviewed","GAME_VERIFICATION_REQUIRED","VERIFICATION_STATUS_NOT_VERIFIED","CURRENT_GAME_REPRODUCTION_NOT_DOCUMENTED","0"
"3e0edf4d-087d-49ce-8b89-2c439c242131","kim-y4-5hk-tc-shadow","kimberly","draft","unverified","GAME_VERIFICATION_REQUIRED","VERIFICATION_STATUS_NOT_VERIFIED","CURRENT_GAME_REPRODUCTION_NOT_DOCUMENTED","0"
"3e50f314-01db-44ab-b1dc-0a4464483d13","lily-y4-4hp-cdr-2hp-wind","lily","draft","unverified","GAME_VERIFICATION_REQUIRED","VERIFICATION_STATUS_NOT_VERIFIED","CURRENT_GAME_REPRODUCTION_NOT_DOCUMENTED","0"
"3e6102ac-4585-4e33-a457-ff342f3a6294","viper-y4-di-wall","c-viper","draft","unverified","GAME_VERIFICATION_REQUIRED","VERIFICATION_STATUS_NOT_VERIFIED","CURRENT_GAME_REPRODUCTION_NOT_DOCUMENTED","0"
"3e77116a-eef6-4d6a-97bd-344690fcf4c7","lily-y4-wind-wall-full-sa","lily","draft","unverified","GAME_VERIFICATION_REQUIRED","VERIFICATION_STATUS_NOT_VERIFIED","CURRENT_GAME_REPRODUCTION_NOT_DOCUMENTED","0"
"3ebca112-cefe-49c4-9aeb-b5566f485c6a","akuma-y4-modern-aa-onebutton","akuma","draft","unverified","GAME_VERIFICATION_REQUIRED","VERIFICATION_STATUS_NOT_VERIFIED","CURRENT_GAME_REPRODUCTION_NOT_DOCUMENTED","0"
"3ee74d11-c95d-43dc-b915-2f9a5338a910","kim-y4-di-side-switch","kimberly","draft","unverified","GAME_VERIFICATION_REQUIRED","VERIFICATION_STATUS_NOT_VERIFIED","CURRENT_GAME_REPRODUCTION_NOT_DOCUMENTED","0"
"3f46750f-007b-4161-9715-06286143c27c","mai-phase13-burnout","mai","archived","unverified","HOLD","ARCHIVED_RECORD","PLACEHOLDER_RECIPE|NOTES_CONFLICT|VERIFICATION_STATUS_NOT_VERIFIED|CURRENT_GAME_REPRODUCTION_NOT_DOCUMENTED|SOURCE_NOT_READY|DUPLICATE_CANDIDATE_ONLY","9"
"3f495c20-946c-48f4-b7ee-68fac717df8b","kim-y4-9f-punish","kimberly","draft","unverified","GAME_VERIFICATION_REQUIRED","VERIFICATION_STATUS_NOT_VERIFIED","CURRENT_GAME_REPRODUCTION_NOT_DOCUMENTED","0"
"3f5792ba-bf23-4c31-b414-6295afdfd273","chun-written-5mp-2mp-msbk","chun-li","draft","unverified","GAME_VERIFICATION_REQUIRED","VERIFICATION_STATUS_NOT_VERIFIED","CURRENT_GAME_REPRODUCTION_NOT_DOCUMENTED","0"
"3f744af3-f5e3-443b-9343-338b1e1f5b0c","marisa-dr-overhead","marisa","draft","unverified","GAME_VERIFICATION_REQUIRED","VERIFICATION_STATUS_NOT_VERIFIED","CURRENT_GAME_REPRODUCTION_NOT_DOCUMENTED","0"
"3f8f1dc1-cae5-4a74-9b99-19d5c03efb12","sagat-y4-2mp-hupper","sagat","draft","unverified","GAME_VERIFICATION_REQUIRED","VERIFICATION_STATUS_NOT_VERIFIED","CURRENT_GAME_REPRODUCTION_NOT_DOCUMENTED","0"
"3f9ccfe7-2e9c-4951-b8f8-79a0cec61e7a","sagat-y4-modern-assist-h","sagat","draft","unverified","GAME_VERIFICATION_REQUIRED","VERIFICATION_STATUS_NOT_VERIFIED","CURRENT_GAME_REPRODUCTION_NOT_DOCUMENTED","0"
"3fca62b9-a857-4308-8342-b80d44085c4e","terry-phase13-candidate-combo-04","terry","archived","unverified","HOLD","ARCHIVED_RECORD","PLACEHOLDER_RECIPE|NOTES_CONFLICT|VERIFICATION_STATUS_NOT_VERIFIED|CURRENT_GAME_REPRODUCTION_NOT_DOCUMENTED|SOURCE_NOT_READY|DUPLICATE_CANDIDATE_ONLY","9"
"400d0e25-c83f-4329-addd-177d41204fec","alex-y4-di-central","alex","draft","unverified","GAME_VERIFICATION_REQUIRED","VERIFICATION_STATUS_NOT_VERIFIED","CURRENT_GAME_REPRODUCTION_NOT_DOCUMENTED","0"
"40751af3-59e8-467d-a76d-857decbd9031","manon-exp-modern-assist-heavy-sa3","manon","draft","unverified","GAME_VERIFICATION_REQUIRED","VERIFICATION_STATUS_NOT_VERIFIED","CURRENT_GAME_REPRODUCTION_NOT_DOCUMENTED","0"
"408c1064-c731-4f1e-9b6e-1e1132c574d5","ryu-modern-di-double-dr-sa3","ryu","draft","unverified","GAME_VERIFICATION_REQUIRED","VERIFICATION_STATUS_NOT_VERIFIED","CURRENT_GAME_REPRODUCTION_NOT_DOCUMENTED","0"
"40996820-565c-466e-8354-edb3f9693a2b","yasmine-y4-bayani-2mp-loop","yasmine","draft","unverified","GAME_VERIFICATION_REQUIRED","VERIFICATION_STATUS_NOT_VERIFIED","CURRENT_GAME_REPRODUCTION_NOT_DOCUMENTED","0"
"40c85625-abc6-4569-9bfa-b5ef81483ddf","ryu-y4-corner-5hk-denjin-6450","ryu","draft","reviewed","GAME_VERIFICATION_REQUIRED","VERIFICATION_STATUS_NOT_VERIFIED","CURRENT_GAME_REPRODUCTION_NOT_DOCUMENTED","0"
"40ea6a9e-b78b-4154-bbb3-024cc2be86ab","zangief-y4-light-double-cdr-sa2","zangief","draft","unverified","GAME_VERIFICATION_REQUIRED","VERIFICATION_STATUS_NOT_VERIFIED","CURRENT_GAME_REPRODUCTION_NOT_DOCUMENTED","0"
"40eb1626-e6a4-4eef-acd0-f9e706d6ef99","jamie-y4-5mp-pc-5mk-od-swagger","jamie","draft","unverified","GAME_VERIFICATION_REQUIRED","VERIFICATION_STATUS_NOT_VERIFIED","CURRENT_GAME_REPRODUCTION_NOT_DOCUMENTED","0"
"40f9adc1-9247-4d3e-b26a-ed72cc4c9ccb","sagat-y4-step-high-pc-max","sagat","draft","unverified","GAME_VERIFICATION_REQUIRED","VERIFICATION_STATUS_NOT_VERIFIED","CURRENT_GAME_REPRODUCTION_NOT_DOCUMENTED","0"
"40feb9d8-03f9-42a0-affc-027d40c941dc","rashid-y4-tc-odcyclone-roll-mmixer","rashid","draft","unverified","GAME_VERIFICATION_REQUIRED","VERIFICATION_STATUS_NOT_VERIFIED","CURRENT_GAME_REPRODUCTION_NOT_DOCUMENTED","0"
"4121290e-9723-49f5-a9c2-e327b5be2c24","alex-y4-modern-sa3","alex","draft","unverified","GAME_VERIFICATION_REQUIRED","VERIFICATION_STATUS_NOT_VERIFIED","CURRENT_GAME_REPRODUCTION_NOT_DOCUMENTED","0"
"41689549-e6f4-44f5-8d3a-a1b02337d816","marisa-medium-confirm","marisa","archived","unverified","HOLD","ARCHIVED_RECORD","PLACEHOLDER_RECIPE|NOTES_CONFLICT|VERIFICATION_STATUS_NOT_VERIFIED|CURRENT_GAME_REPRODUCTION_NOT_DOCUMENTED|SOURCE_NOT_READY","0"
"417fd8d7-94ef-4fd4-bfd5-d005ab5ff16c","terry-y4-di-central","terry","draft","unverified","GAME_VERIFICATION_REQUIRED","VERIFICATION_STATUS_NOT_VERIFIED","CURRENT_GAME_REPRODUCTION_NOT_DOCUMENTED","0"
"419382ed-92cb-405c-8a0a-e2b4368fd0cc","elena-y4-stun-sa2","elena","draft","unverified","GAME_VERIFICATION_REQUIRED","VERIFICATION_STATUS_NOT_VERIFIED","CURRENT_GAME_REPRODUCTION_NOT_DOCUMENTED","0"
"41a96d1c-9799-44aa-ad5d-13b956e7b565","luke-y4-modern-5mp-pc-tc-sa1","luke","draft","reviewed","GAME_VERIFICATION_REQUIRED","VERIFICATION_STATUS_NOT_VERIFIED","CURRENT_GAME_REPRODUCTION_NOT_DOCUMENTED","0"
"41ca922f-fe7a-4a74-be6c-17d20c0e00dd","cammy-y4-wall-hp-arrow-sa1","cammy","draft","unverified","GAME_VERIFICATION_REQUIRED","VERIFICATION_STATUS_NOT_VERIFIED","CURRENT_GAME_REPRODUCTION_NOT_DOCUMENTED","0"
"41d8ce2b-22f1-437c-94a7-1120ac9a40ef","zangief-y4-modern-assist-medium-sa2","zangief","draft","unverified","GAME_VERIFICATION_REQUIRED","VERIFICATION_STATUS_NOT_VERIFIED","CURRENT_GAME_REPRODUCTION_NOT_DOCUMENTED","0"
"4213a325-5c17-447c-87fd-343197f46d62","manon-exp-grand-pc-dr-renverse","manon","draft","unverified","GAME_VERIFICATION_REQUIRED","VERIFICATION_STATUS_NOT_VERIFIED","CURRENT_GAME_REPRODUCTION_NOT_DOCUMENTED","0"
"426724de-89af-4287-b876-6cb0eaec74ee","alex-phase13-burnout","alex","archived","unverified","HOLD","ARCHIVED_RECORD","PLACEHOLDER_RECIPE|NOTES_CONFLICT|VERIFICATION_STATUS_NOT_VERIFIED|CURRENT_GAME_REPRODUCTION_NOT_DOCUMENTED|SOURCE_NOT_READY|DUPLICATE_CANDIDATE_ONLY","9"
"426cf868-4df4-4c32-be96-430a333283a3","ed-y4-5hp-killchase-hblitz","ed","draft","unverified","GAME_VERIFICATION_REQUIRED","VERIFICATION_STATUS_NOT_VERIFIED","CURRENT_GAME_REPRODUCTION_NOT_DOCUMENTED","0"
"427e3ddd-f8b7-4e6f-8acb-7117b343d7d4","jamie-20260803-lv0-light-link","jamie","draft","reviewed","GAME_VERIFICATION_REQUIRED","VERIFICATION_STATUS_NOT_VERIFIED","CURRENT_GAME_REPRODUCTION_NOT_DOCUMENTED","0"
"42909bde-a299-44b8-b494-85f44ec047cf","cammy-y4-modern-assist-h-spike","cammy","draft","unverified","GAME_VERIFICATION_REQUIRED","VERIFICATION_STATUS_NOT_VERIFIED","CURRENT_GAME_REPRODUCTION_NOT_DOCUMENTED","0"
"429e60bc-f28b-478f-841a-0a541629c23f","ingrid-phase13-heavy-punish","ingrid","archived","unverified","HOLD","ARCHIVED_RECORD","PLACEHOLDER_RECIPE|NOTES_CONFLICT|VERIFICATION_STATUS_NOT_VERIFIED|CURRENT_GAME_REPRODUCTION_NOT_DOCUMENTED|SOURCE_NOT_READY|DUPLICATE_CANDIDATE_ONLY","9"
"43368a0f-1d8a-49f5-b6e0-c9c99d79ecb7","ingrid-phase13-corner","ingrid","archived","unverified","HOLD","ARCHIVED_RECORD","PLACEHOLDER_RECIPE|NOTES_CONFLICT|VERIFICATION_STATUS_NOT_VERIFIED|CURRENT_GAME_REPRODUCTION_NOT_DOCUMENTED|SOURCE_NOT_READY|DUPLICATE_CANDIDATE_ONLY","9"
"4341b270-d879-40ae-8b73-e550c0656ffb","dhalsim-modern-sa1","dhalsim","draft","unverified","GAME_VERIFICATION_REQUIRED","VERIFICATION_STATUS_NOT_VERIFIED","CURRENT_GAME_REPRODUCTION_NOT_DOCUMENTED","0"
"438d8de9-0715-4bc9-b745-4895d6c4be49","ken-y4-lethal-hp","ken","draft","reviewed","GAME_VERIFICATION_REQUIRED","VERIFICATION_STATUS_NOT_VERIFIED","CURRENT_GAME_REPRODUCTION_NOT_DOCUMENTED","0"
"43bf0ce6-189f-49ec-8d7f-029422ba549f","mai-y4-flame5-max","mai","draft","unverified","GAME_VERIFICATION_REQUIRED","VERIFICATION_STATUS_NOT_VERIFIED","CURRENT_GAME_REPRODUCTION_NOT_DOCUMENTED","0"
"440b805b-62e3-4de9-a402-15e940e9cb80","juri-y4-jumpin-dr","juri","draft","unverified","GAME_VERIFICATION_REQUIRED","VERIFICATION_STATUS_NOT_VERIFIED","CURRENT_GAME_REPRODUCTION_NOT_DOCUMENTED","0"
"4415b241-216c-45e9-a333-6d799b4d8c96","rashid-y4-hk-pc-heagle","rashid","draft","unverified","GAME_VERIFICATION_REQUIRED","VERIFICATION_STATUS_NOT_VERIFIED","CURRENT_GAME_REPRODUCTION_NOT_DOCUMENTED","0"
"4472b65b-e850-41e9-b423-468b0eb54df5","mai-y4-modern-assist-m","mai","draft","unverified","GAME_VERIFICATION_REQUIRED","VERIFICATION_STATUS_NOT_VERIFIED","CURRENT_GAME_REPRODUCTION_NOT_DOCUMENTED","0"
"44a37d6b-6086-4b93-b3bf-5c45181cb48f","ed-y4-2mk-target-hblitz","ed","draft","unverified","GAME_VERIFICATION_REQUIRED","VERIFICATION_STATUS_NOT_VERIFIED","CURRENT_GAME_REPRODUCTION_NOT_DOCUMENTED","0"
"44c1c6d7-46c5-4164-b364-4f7e967fac7f","e-honda-corner","e-honda","archived","unverified","HOLD","ARCHIVED_RECORD","PLACEHOLDER_RECIPE|NOTES_CONFLICT|VERIFICATION_STATUS_NOT_VERIFIED|CURRENT_GAME_REPRODUCTION_NOT_DOCUMENTED|SOURCE_NOT_READY","0"
"451d2748-0a9d-4fc2-85bf-1c123279e154","guile-phase13-20260827-6","guile","archived","unverified","HOLD","ARCHIVED_RECORD","PLACEHOLDER_RECIPE|NOTES_CONFLICT|VERIFICATION_STATUS_NOT_VERIFIED|CURRENT_GAME_REPRODUCTION_NOT_DOCUMENTED|DUPLICATE_CANDIDATE_ONLY","9"
"45323773-096c-4ed5-8a7d-5b9839750378","viper-y4-modern-6m-meaty","c-viper","draft","unverified","GAME_VERIFICATION_REQUIRED","VERIFICATION_STATUS_NOT_VERIFIED","CURRENT_GAME_REPRODUCTION_NOT_DOCUMENTED","0"
"45341662-ff15-44d8-8f85-c42d1c80f519","ed-phase13-candidate-combo-03","ed","archived","unverified","HOLD","ARCHIVED_RECORD","PLACEHOLDER_RECIPE|NOTES_CONFLICT|VERIFICATION_STATUS_NOT_VERIFIED|CURRENT_GAME_REPRODUCTION_NOT_DOCUMENTED|SOURCE_NOT_READY|DUPLICATE_CANDIDATE_ONLY","9"
"454105d9-a310-4524-94b7-6342a10825ac","cammy-y4-di-pc-jhp-hp","cammy","draft","unverified","GAME_VERIFICATION_REQUIRED","VERIFICATION_STATUS_NOT_VERIFIED","CURRENT_GAME_REPRODUCTION_NOT_DOCUMENTED","0"
"4544fe5c-a58d-41e7-ba71-b76057cdad1d","juri-y4-air-pc","juri","draft","reviewed","GAME_VERIFICATION_REQUIRED","VERIFICATION_STATUS_NOT_VERIFIED","CURRENT_GAME_REPRODUCTION_NOT_DOCUMENTED","0"
"454cf5cf-b3b2-4c74-8df9-ae84b6a2343a","guile-written-di-pc-dash-tc","guile","draft","unverified","GAME_VERIFICATION_REQUIRED","VERIFICATION_STATUS_NOT_VERIFIED","CURRENT_GAME_REPRODUCTION_NOT_DOCUMENTED","0"
"454e829c-6bbc-485d-86af-3ce20af224dc","manon-corner","manon","archived","unverified","HOLD","ARCHIVED_RECORD","PLACEHOLDER_RECIPE|NOTES_CONFLICT|VERIFICATION_STATUS_NOT_VERIFIED|CURRENT_GAME_REPRODUCTION_NOT_DOCUMENTED|SOURCE_NOT_READY","0"
"457b615e-21c3-4a02-881e-5dab0608f85e","luke-y4-5hp-pc-jf-oki","luke","draft","reviewed","GAME_VERIFICATION_REQUIRED","VERIFICATION_STATUS_NOT_VERIFIED","CURRENT_GAME_REPRODUCTION_NOT_DOCUMENTED","0"
"45890fca-2c4f-4ef2-a67d-68a37d8c1ed2","ryu-y4-crmk-drc-hhasho-dr-bhk-mtatsu","ryu","draft","reviewed","GAME_VERIFICATION_REQUIRED","VERIFICATION_STATUS_NOT_VERIFIED","CURRENT_GAME_REPRODUCTION_NOT_DOCUMENTED","0"
"45c06958-826e-4053-84e6-1e6e328be357","ryu-y3-hdp-corner-meaty-conversion","ryu","draft","unverified","GAME_VERIFICATION_REQUIRED","NOTES_CONFLICT","VERIFICATION_STATUS_NOT_VERIFIED|CURRENT_GAME_REPRODUCTION_NOT_DOCUMENTED","0"
"45c69c42-5a9d-4532-8f8e-60beff2d27f3","elena-y4-dr-overhead-mktc","elena","draft","unverified","GAME_VERIFICATION_REQUIRED","VERIFICATION_STATUS_NOT_VERIFIED","CURRENT_GAME_REPRODUCTION_NOT_DOCUMENTED","0"
"45f1d442-0cb0-40f6-b4a5-5926fe9f9d5d","manon-modern-overhead","manon","draft","unverified","GAME_VERIFICATION_REQUIRED","VERIFICATION_STATUS_NOT_VERIFIED","CURRENT_GAME_REPRODUCTION_NOT_DOCUMENTED|DUPLICATE_CANDIDATE_ONLY","1"
"460e81c9-bb3b-44ff-88b4-33ea2f0d8ca9","chun-li-20260803-crlk-light-sbk","chun-li","draft","reviewed","GAME_VERIFICATION_REQUIRED","NOTES_CONFLICT","VERIFICATION_STATUS_NOT_VERIFIED|CURRENT_GAME_REPRODUCTION_NOT_DOCUMENTED","0"
"461041e2-a74d-44ae-8bb1-56fed5a06f2c","viper-y4-modern-stun","c-viper","draft","unverified","GAME_VERIFICATION_REQUIRED","VERIFICATION_STATUS_NOT_VERIFIED","CURRENT_GAME_REPRODUCTION_NOT_DOCUMENTED","0"
"46e1d47f-a46a-4730-afcd-e98355283652","sagat-y4-sa3-route","sagat","draft","unverified","GAME_VERIFICATION_REQUIRED","VERIFICATION_STATUS_NOT_VERIFIED","CURRENT_GAME_REPRODUCTION_NOT_DOCUMENTED","0"
"47181f07-b6ef-4058-948d-30d305be05b8","ken-modern-di-wall","ken","draft","unverified","GAME_VERIFICATION_REQUIRED","VERIFICATION_STATUS_NOT_VERIFIED","CURRENT_GAME_REPRODUCTION_NOT_DOCUMENTED","0"
"477e7f1f-ff8b-4700-8c7f-02e1d904b3f8","ed-y4-aa-5hk-flicker","ed","draft","unverified","GAME_VERIFICATION_REQUIRED","VERIFICATION_STATUS_NOT_VERIFIED","CURRENT_GAME_REPRODUCTION_NOT_DOCUMENTED","0"
"478bd325-d321-4a6f-9fe4-c9ca250f9dbf","ingrid-phase13-medium-confirm","ingrid","archived","unverified","HOLD","ARCHIVED_RECORD","PLACEHOLDER_RECIPE|NOTES_CONFLICT|VERIFICATION_STATUS_NOT_VERIFIED|CURRENT_GAME_REPRODUCTION_NOT_DOCUMENTED|SOURCE_NOT_READY|DUPLICATE_CANDIDATE_ONLY","9"
"48328cea-d4dc-4fe1-8f3f-abc886104de2","dhalsim-aa-dr-mp-sa1","dhalsim","draft","unverified","GAME_VERIFICATION_REQUIRED","VERIFICATION_STATUS_NOT_VERIFIED","CURRENT_GAME_REPRODUCTION_NOT_DOCUMENTED","0"
"483f4fe9-fcd9-4311-83f6-88a3fe00affb","guile-modern-6h-pc-sa3","guile","draft","unverified","GAME_VERIFICATION_REQUIRED","VERIFICATION_STATUS_NOT_VERIFIED","CURRENT_GAME_REPRODUCTION_NOT_DOCUMENTED","0"
"48519ace-eee1-4f72-ab2b-597faaa5489d","ryu-modern-hasho-dr-sa3","ryu","draft","unverified","GAME_VERIFICATION_REQUIRED","VERIFICATION_STATUS_NOT_VERIFIED","CURRENT_GAME_REPRODUCTION_NOT_DOCUMENTED","0"
"48966a83-262e-4a6d-9662-c3493b54696d","dhalsim-od-flame-slide","dhalsim","draft","unverified","GAME_VERIFICATION_REQUIRED","VERIFICATION_STATUS_NOT_VERIFIED","CURRENT_GAME_REPRODUCTION_NOT_DOCUMENTED","0"
"495dad2d-67e0-462f-8363-69c22be3beb8","yasmine-y4-2mp-odtalim-oddaloy","yasmine","draft","unverified","GAME_VERIFICATION_REQUIRED","VERIFICATION_STATUS_NOT_VERIFIED","CURRENT_GAME_REPRODUCTION_NOT_DOCUMENTED","0"
"496f83cc-bdbe-4b5e-82df-c902f6d2eb27","viper-y4-stun-max","c-viper","draft","unverified","GAME_VERIFICATION_REQUIRED","VERIFICATION_STATUS_NOT_VERIFIED","CURRENT_GAME_REPRODUCTION_NOT_DOCUMENTED","0"
"49ab36ce-a344-4eae-85a4-ce1eb520fd92","juri-y4-pp","juri","draft","unverified","GAME_VERIFICATION_REQUIRED","VERIFICATION_STATUS_NOT_VERIFIED","CURRENT_GAME_REPRODUCTION_NOT_DOCUMENTED","0"
"49b37ecf-b642-4021-a426-2b4aab50eb58","bison-y4-modern-aa-psycho","m-bison","draft","unverified","GAME_VERIFICATION_REQUIRED","VERIFICATION_STATUS_NOT_VERIFIED","CURRENT_GAME_REPRODUCTION_NOT_DOCUMENTED","0"
"49bebccd-04be-4984-9ff5-7030ff1bad68","honda-modern-light-teppo","e-honda","draft","unverified","GAME_VERIFICATION_REQUIRED","VERIFICATION_STATUS_NOT_VERIFIED","CURRENT_GAME_REPRODUCTION_NOT_DOCUMENTED","0"
"4acffad2-28eb-45fe-b0f2-a7b42dbb17bb","lily-y4-modern-assist-heavy-wind","lily","draft","unverified","GAME_VERIFICATION_REQUIRED","VERIFICATION_STATUS_NOT_VERIFIED","CURRENT_GAME_REPRODUCTION_NOT_DOCUMENTED","0"
"4b61d2bd-3ee5-4b46-b8a7-693ad98f6e80","luke-y4-hp-od-sand-fatal-upper","luke","draft","reviewed","GAME_VERIFICATION_REQUIRED","VERIFICATION_STATUS_NOT_VERIFIED","CURRENT_GAME_REPRODUCTION_NOT_DOCUMENTED","0"
"4bb53178-fa53-4688-b05a-a32c3e91f44c","bison-y4-3hk-pc-psycho","m-bison","draft","unverified","GAME_VERIFICATION_REQUIRED","VERIFICATION_STATUS_NOT_VERIFIED","CURRENT_GAME_REPRODUCTION_NOT_DOCUMENTED","0"
"4bc936ce-bc8b-4d78-b462-0136d3b24ce8","chun-li-20260803-di-wall-hakkei","chun-li","draft","reviewed","GAME_VERIFICATION_REQUIRED","VERIFICATION_STATUS_NOT_VERIFIED","CURRENT_GAME_REPRODUCTION_NOT_DOCUMENTED","0"
"4c019a89-e571-4f33-93de-38c0dfece75c","deejay-modern-2h-pc","dee-jay","draft","unverified","GAME_VERIFICATION_REQUIRED","VERIFICATION_STATUS_NOT_VERIFIED","CURRENT_GAME_REPRODUCTION_NOT_DOCUMENTED","0"
"4c0f1960-cfbe-4808-9680-8efc998691e9","chun-li-20260803-crhp-stance-lk","chun-li","draft","reviewed","GAME_VERIFICATION_REQUIRED","NOTES_CONFLICT","VERIFICATION_STATUS_NOT_VERIFIED|CURRENT_GAME_REPRODUCTION_NOT_DOCUMENTED","0"
"4c4ae2f5-eb9f-4f21-aab7-00e92998c88b","elena-y4-dr-low-mktc","elena","draft","unverified","GAME_VERIFICATION_REQUIRED","VERIFICATION_STATUS_NOT_VERIFIED","CURRENT_GAME_REPRODUCTION_NOT_DOCUMENTED","0"
"4c4fc5d8-c9f2-4b23-955b-1e51cf2151b7","alex-phase13-corner-carry","alex","archived","unverified","HOLD","ARCHIVED_RECORD","PLACEHOLDER_RECIPE|NOTES_CONFLICT|VERIFICATION_STATUS_NOT_VERIFIED|CURRENT_GAME_REPRODUCTION_NOT_DOCUMENTED|SOURCE_NOT_READY|DUPLICATE_CANDIDATE_ONLY","9"
"4c9233ca-1198-4fac-8f1f-5af95a8f5e10","terry-y4-2mp-pc-charge-crack","terry","draft","unverified","GAME_VERIFICATION_REQUIRED","VERIFICATION_STATUS_NOT_VERIFIED","CURRENT_GAME_REPRODUCTION_NOT_DOCUMENTED","0"
"4d073d72-b068-4d86-a932-da68f840e907","kim-modern-basic-light","kimberly","draft","unverified","GAME_VERIFICATION_REQUIRED","VERIFICATION_STATUS_NOT_VERIFIED","CURRENT_GAME_REPRODUCTION_NOT_DOCUMENTED","0"
"4d5b947d-ccc6-4b3e-9207-39274de5675a","guile-modern-corner-sonic-loop","guile","draft","unverified","GAME_VERIFICATION_REQUIRED","VERIFICATION_STATUS_NOT_VERIFIED","CURRENT_GAME_REPRODUCTION_NOT_DOCUMENTED","0"
"4d9859af-d94a-4db4-a6af-fc584fb9bea6","bison-y4-sa2-basic","m-bison","draft","unverified","GAME_VERIFICATION_REQUIRED","VERIFICATION_STATUS_NOT_VERIFIED","CURRENT_GAME_REPRODUCTION_NOT_DOCUMENTED","0"
"4e3736f2-f7c9-4c6b-91cb-4c9b849978fb","ryu-corner-od-tatsu-hashogeki","ryu","draft","reviewed","GAME_VERIFICATION_REQUIRED","NOTES_CONFLICT","VERIFICATION_STATUS_NOT_VERIFIED|CURRENT_GAME_REPRODUCTION_NOT_DOCUMENTED","0"
"4e387e36-1978-4a3b-8f19-5232904356e2","akuma-y4-di-wall-odadamant","akuma","draft","unverified","GAME_VERIFICATION_REQUIRED","VERIFICATION_STATUS_NOT_VERIFIED","CURRENT_GAME_REPRODUCTION_NOT_DOCUMENTED","0"
"4ed97285-5325-4296-97cd-012c859d6066","akuma-y4-di-central","akuma","draft","unverified","GAME_VERIFICATION_REQUIRED","VERIFICATION_STATUS_NOT_VERIFIED","CURRENT_GAME_REPRODUCTION_NOT_DOCUMENTED","0"
"4ee68f35-796d-480d-97f7-bb27f3d35fee","ed-y4-corner-odflicker-mupper","ed","draft","unverified","GAME_VERIFICATION_REQUIRED","VERIFICATION_STATUS_NOT_VERIFIED","CURRENT_GAME_REPRODUCTION_NOT_DOCUMENTED","0"
"4f1b12b2-37df-4f04-91e7-37834440f038","cammy-y4-corner-2hp-cdr-sa3","cammy","draft","unverified","GAME_VERIFICATION_REQUIRED","VERIFICATION_STATUS_NOT_VERIFIED","CURRENT_GAME_REPRODUCTION_NOT_DOCUMENTED","0"
"4f6d0f4e-95d9-417e-b234-7d74e7f354f9","rashid-y4-corner-sa2-overhead","rashid","draft","unverified","GAME_VERIFICATION_REQUIRED","VERIFICATION_STATUS_NOT_VERIFIED","CURRENT_GAME_REPRODUCTION_NOT_DOCUMENTED","0"
"4f776a69-54c2-472b-9f2e-e1c2bd3a0499","alex-y4-reversal-punish-corner","alex","draft","unverified","GAME_VERIFICATION_REQUIRED","VERIFICATION_STATUS_NOT_VERIFIED","CURRENT_GAME_REPRODUCTION_NOT_DOCUMENTED","0"
"4f96d4c5-2f1a-4da8-a14e-5c0eb09aa734","cammy-phase13-candidate-combo-02","cammy","archived","unverified","HOLD","ARCHIVED_RECORD","PLACEHOLDER_RECIPE|NOTES_CONFLICT|VERIFICATION_STATUS_NOT_VERIFIED|CURRENT_GAME_REPRODUCTION_NOT_DOCUMENTED|SOURCE_NOT_READY|DUPLICATE_CANDIDATE_ONLY","9"
"4fd065e8-6555-4363-8c37-5cc9a2d69c3b","lily-y4-5lk-ch-5mk-spire","lily","draft","unverified","GAME_VERIFICATION_REQUIRED","VERIFICATION_STATUS_NOT_VERIFIED","CURRENT_GAME_REPRODUCTION_NOT_DOCUMENTED","0"
"502c8253-6e1d-44db-86d1-43ee7896fc09","alex-phase13-medium-confirm","alex","archived","unverified","HOLD","ARCHIVED_RECORD","PLACEHOLDER_RECIPE|NOTES_CONFLICT|VERIFICATION_STATUS_NOT_VERIFIED|CURRENT_GAME_REPRODUCTION_NOT_DOCUMENTED|SOURCE_NOT_READY|DUPLICATE_CANDIDATE_ONLY","9"
"509afb79-7cde-4a20-a89a-98d5c0a74485","dhalsim-arch-jmp","dhalsim","draft","unverified","GAME_VERIFICATION_REQUIRED","VERIFICATION_STATUS_NOT_VERIFIED","CURRENT_GAME_REPRODUCTION_NOT_DOCUMENTED","0"
"50aa5acd-a80d-4b1d-8cb8-68493aaa5964","lily-y4-wind-di-sa1","lily","draft","unverified","GAME_VERIFICATION_REQUIRED","VERIFICATION_STATUS_NOT_VERIFIED","CURRENT_GAME_REPRODUCTION_NOT_DOCUMENTED","0"
"50b88169-006b-47f6-9f2f-5f2ec102dc5a","akuma-y4-5hp-ltatsu-sweep","akuma","draft","unverified","GAME_VERIFICATION_REQUIRED","VERIFICATION_STATUS_NOT_VERIFIED","CURRENT_GAME_REPRODUCTION_NOT_DOCUMENTED","0"
"51521f64-0698-4ea4-a81c-bf307758ae90","deejay-di-wall-sa3","dee-jay","draft","unverified","GAME_VERIFICATION_REQUIRED","VERIFICATION_STATUS_NOT_VERIFIED","CURRENT_GAME_REPRODUCTION_NOT_DOCUMENTED","0"
"51577b22-7f23-47e2-a31a-138db41fc5bb","marisa-pc-heavy","marisa","archived","unverified","HOLD","ARCHIVED_RECORD","PLACEHOLDER_RECIPE|NOTES_CONFLICT|VERIFICATION_STATUS_NOT_VERIFIED|CURRENT_GAME_REPRODUCTION_NOT_DOCUMENTED|SOURCE_NOT_READY","0"
"51782c6d-c1f7-45ae-af09-cf10fe9a6dfc","jamie-20260803-lv1-stmp-tc","jamie","draft","reviewed","GAME_VERIFICATION_REQUIRED","NOTES_CONFLICT","VERIFICATION_STATUS_NOT_VERIFIED|CURRENT_GAME_REPRODUCTION_NOT_DOCUMENTED","0"
"517d3770-68b2-451e-9d59-5d8e02ae12c8","juri-y4-light-tensenrin","juri","draft","reviewed","GAME_VERIFICATION_REQUIRED","VERIFICATION_STATUS_NOT_VERIFIED","CURRENT_GAME_REPRODUCTION_NOT_DOCUMENTED","0"
"518412ee-9b84-420f-b627-8dd6426dd99d","chun-written-lp-od-hyakuretsu","chun-li","draft","unverified","GAME_VERIFICATION_REQUIRED","VERIFICATION_STATUS_NOT_VERIFIED","CURRENT_GAME_REPRODUCTION_NOT_DOCUMENTED","0"
"51ce9b0f-fdbb-457b-aa2f-b62458a50234","luke-y4-hp-pc-mflash-odflash-ddt","luke","draft","reviewed","GAME_VERIFICATION_REQUIRED","VERIFICATION_STATUS_NOT_VERIFIED","CURRENT_GAME_REPRODUCTION_NOT_DOCUMENTED","0"
"52005f35-71f4-45dd-8f7e-59d35457af06","chun-li-20260803-mp-hsbk","chun-li","draft","reviewed","GAME_VERIFICATION_REQUIRED","NOTES_CONFLICT","VERIFICATION_STATUS_NOT_VERIFIED|CURRENT_GAME_REPRODUCTION_NOT_DOCUMENTED","0"
"5224c4e2-85fa-4c10-a87f-5a9282571fe9","aki-y4-od-cruelfate-hkd","aki","draft","unverified","GAME_VERIFICATION_REQUIRED","VERIFICATION_STATUS_NOT_VERIFIED","CURRENT_GAME_REPRODUCTION_NOT_DOCUMENTED","0"
"5224f5a2-7075-48ec-a179-a7739ee3cbb6","lily-y4-5lk-2lk-5lp-tomahawk","lily","draft","unverified","GAME_VERIFICATION_REQUIRED","VERIFICATION_STATUS_NOT_VERIFIED","CURRENT_GAME_REPRODUCTION_NOT_DOCUMENTED","0"
"5274e3bd-9c62-466a-8dfb-e03b05a904fb","m-bison-phase13-candidate-combo-03","m-bison","archived","unverified","HOLD","ARCHIVED_RECORD","PLACEHOLDER_RECIPE|NOTES_CONFLICT|VERIFICATION_STATUS_NOT_VERIFIED|CURRENT_GAME_REPRODUCTION_NOT_DOCUMENTED|SOURCE_NOT_READY|DUPLICATE_CANDIDATE_ONLY","9"
"52776f06-57c4-4b7b-b1ca-04553ef036c7","alex-y4-hp-ch-lk-knee","alex","draft","unverified","GAME_VERIFICATION_REQUIRED","VERIFICATION_STATUS_NOT_VERIFIED","CURRENT_GAME_REPRODUCTION_NOT_DOCUMENTED","0"
"5280ce56-0f7e-435f-a031-32c04a3c68c6","luke-crmk-dr-damage","luke","draft","reviewed","GAME_VERIFICATION_REQUIRED","VERIFICATION_STATUS_NOT_VERIFIED","CURRENT_GAME_REPRODUCTION_NOT_DOCUMENTED","0"
"52e50d6f-7a29-4cbc-a7ea-ee4e0a70f0d5","marisa-modern-di","marisa","draft","unverified","GAME_VERIFICATION_REQUIRED","VERIFICATION_STATUS_NOT_VERIFIED","CURRENT_GAME_REPRODUCTION_NOT_DOCUMENTED","0"
"530cfd5f-eefc-4336-a886-42181f47c4ba","ingrid-y4-di-pc-safejump","ingrid","draft","unverified","GAME_VERIFICATION_REQUIRED","VERIFICATION_STATUS_NOT_VERIFIED","CURRENT_GAME_REPRODUCTION_NOT_DOCUMENTED","0"
"53302cf4-5aae-4e0d-bbf2-805f2e9ac546","yasmine-y4-jhp-hdaloy","yasmine","draft","unverified","GAME_VERIFICATION_REQUIRED","VERIFICATION_STATUS_NOT_VERIFIED","CURRENT_GAME_REPRODUCTION_NOT_DOCUMENTED","0"
"534102b4-2f8e-4489-be85-9a71f4f5562c","bison-y4-2lp-lk-lbackfist","m-bison","draft","unverified","GAME_VERIFICATION_REQUIRED","VERIFICATION_STATUS_NOT_VERIFIED","CURRENT_GAME_REPRODUCTION_NOT_DOCUMENTED","0"
"534f6ebe-2d96-4bf4-b74e-54d1e3e926a6","alex-y4-cdr-2mp-4k","alex","draft","unverified","GAME_VERIFICATION_REQUIRED","VERIFICATION_STATUS_NOT_VERIFIED","CURRENT_GAME_REPRODUCTION_NOT_DOCUMENTED","0"
"537e6839-69fd-443d-a87e-be12601311e6","luke-y4-di-pc-hp-mflash-nochaser","luke","draft","reviewed","GAME_VERIFICATION_REQUIRED","VERIFICATION_STATUS_NOT_VERIFIED","CURRENT_GAME_REPRODUCTION_NOT_DOCUMENTED","0"
"53dc0829-f913-40ee-ac79-f69ac5e550d4","deejay-modern-dr","dee-jay","draft","unverified","GAME_VERIFICATION_REQUIRED","VERIFICATION_STATUS_NOT_VERIFIED","CURRENT_GAME_REPRODUCTION_NOT_DOCUMENTED","0"
"53dc2edb-8825-425e-96b8-fbf95e159723","viper-y4-air-mp-burn-sa2","c-viper","draft","unverified","GAME_VERIFICATION_REQUIRED","VERIFICATION_STATUS_NOT_VERIFIED","CURRENT_GAME_REPRODUCTION_NOT_DOCUMENTED","0"
"53f9ebcd-7995-40d5-b914-a35b623dad5b","blanka-max-punish","blanka","archived","unverified","HOLD","ARCHIVED_RECORD","PLACEHOLDER_RECIPE|NOTES_CONFLICT|VERIFICATION_STATUS_NOT_VERIFIED|CURRENT_GAME_REPRODUCTION_NOT_DOCUMENTED|SOURCE_NOT_READY","0"
"53fa494e-e30b-4ab0-bc1b-7bc5a6e988a4","guile-sa2-dr5mp-loop","guile","draft","unverified","GAME_VERIFICATION_REQUIRED","VERIFICATION_STATUS_NOT_VERIFIED","CURRENT_GAME_REPRODUCTION_NOT_DOCUMENTED","0"
"53fd2d9a-f819-4bbe-b0da-fa73cf218062","elena-y4-drev-punish","elena","draft","unverified","GAME_VERIFICATION_REQUIRED","VERIFICATION_STATUS_NOT_VERIFIED","CURRENT_GAME_REPRODUCTION_NOT_DOCUMENTED","0"
"5404502d-c836-480b-be64-49d9579c9ec5","marisa-p25d-od-dimach-3hp-safejump","marisa","draft","unverified","GAME_VERIFICATION_REQUIRED","VERIFICATION_STATUS_NOT_VERIFIED","CURRENT_GAME_REPRODUCTION_NOT_DOCUMENTED","0"
"54185bc2-8bde-4c82-be10-601f69454434","luke-di-wall","luke","draft","reviewed","GAME_VERIFICATION_REQUIRED","VERIFICATION_STATUS_NOT_VERIFIED","CURRENT_GAME_REPRODUCTION_NOT_DOCUMENTED","0"
"5425e634-cfbf-4725-9285-cb778c04b343","ingrid-y4-sa2-switch","ingrid","draft","unverified","GAME_VERIFICATION_REQUIRED","VERIFICATION_STATUS_NOT_VERIFIED","CURRENT_GAME_REPRODUCTION_NOT_DOCUMENTED","0"
"544eaa96-6a4e-4c4e-b658-5f6341441e4a","marisa-p25d-2mp-cdr-carry-phalanx","marisa","draft","unverified","GAME_VERIFICATION_REQUIRED","VERIFICATION_STATUS_NOT_VERIFIED","CURRENT_GAME_REPRODUCTION_NOT_DOCUMENTED","0"
"5480073a-df6b-4076-9dd7-d2e20e257c51","viper-y4-5mp-2mp-saving","c-viper","draft","unverified","GAME_VERIFICATION_REQUIRED","VERIFICATION_STATUS_NOT_VERIFIED","CURRENT_GAME_REPRODUCTION_NOT_DOCUMENTED","0"
"54c0b581-b9f6-4c9d-ac48-0445b0c44724","dee-jay-sa3","dee-jay","archived","unverified","HOLD","ARCHIVED_RECORD","PLACEHOLDER_RECIPE|NOTES_CONFLICT|VERIFICATION_STATUS_NOT_VERIFIED|CURRENT_GAME_REPRODUCTION_NOT_DOCUMENTED|SOURCE_NOT_READY","0"
"54edc841-fc81-4e2f-afb4-96abbc42396e","ed-y4-2mk-ch-hp","ed","draft","unverified","GAME_VERIFICATION_REQUIRED","VERIFICATION_STATUS_NOT_VERIFIED","CURRENT_GAME_REPRODUCTION_NOT_DOCUMENTED","0"
"55191558-7e4c-4e0c-8355-51e874f93285","lily-y4-air-target-sa1","lily","draft","unverified","GAME_VERIFICATION_REQUIRED","VERIFICATION_STATUS_NOT_VERIFIED","CURRENT_GAME_REPRODUCTION_NOT_DOCUMENTED","0"
"55268ad6-31e3-4c65-83e8-187244255a9c","jp-modern-assist-h-pc-triglav","jp","draft","unverified","GAME_VERIFICATION_REQUIRED","VERIFICATION_STATUS_NOT_VERIFIED","CURRENT_GAME_REPRODUCTION_NOT_DOCUMENTED","0"
"5528319b-18af-4336-aa5b-222e827c9941","ed-y4-lights-mblitz","ed","draft","unverified","GAME_VERIFICATION_REQUIRED","VERIFICATION_STATUS_NOT_VERIFIED","CURRENT_GAME_REPRODUCTION_NOT_DOCUMENTED","0"
"5558eca4-f3c8-46a5-9758-f3617e6f4a64","juri-y4-hp-juggle","juri","draft","unverified","GAME_VERIFICATION_REQUIRED","VERIFICATION_STATUS_NOT_VERIFIED","CURRENT_GAME_REPRODUCTION_NOT_DOCUMENTED","0"
"561c9d66-b827-4613-be99-b9ce6b47b7bf","akuma-y4-aa-2hp-hdp","akuma","draft","unverified","GAME_VERIFICATION_REQUIRED","VERIFICATION_STATUS_NOT_VERIFIED","CURRENT_GAME_REPRODUCTION_NOT_DOCUMENTED","0"
"56416c55-0322-4cae-af7c-2c79b75c1285","deejay-di-pc-machine-sa3","dee-jay","draft","unverified","GAME_VERIFICATION_REQUIRED","VERIFICATION_STATUS_NOT_VERIFIED","CURRENT_GAME_REPRODUCTION_NOT_DOCUMENTED","0"
"568062e4-387d-41a4-9b26-a3fcb2235b05","blanka-5hk-pc-od-airball","blanka","draft","unverified","GAME_VERIFICATION_REQUIRED","VERIFICATION_STATUS_NOT_VERIFIED","CURRENT_GAME_REPRODUCTION_NOT_DOCUMENTED","0"
"56966232-bcc5-447d-a25e-85b41fe4b468","jp-canon-5hp-pc-sa3-4780","jp","draft","reviewed","GAME_VERIFICATION_REQUIRED","VERIFICATION_STATUS_NOT_VERIFIED","CURRENT_GAME_REPRODUCTION_NOT_DOCUMENTED","0"
"56bcc914-dead-430a-8687-80320cc605cc","dhalsim-di-pc","dhalsim","archived","unverified","HOLD","ARCHIVED_RECORD","PLACEHOLDER_RECIPE|NOTES_CONFLICT|VERIFICATION_STATUS_NOT_VERIFIED|CURRENT_GAME_REPRODUCTION_NOT_DOCUMENTED|SOURCE_NOT_READY","0"
"56c0ce51-9748-4aa4-9955-8abba0f545ce","sagat-y4-light-nexus-greed","sagat","draft","unverified","GAME_VERIFICATION_REQUIRED","VERIFICATION_STATUS_NOT_VERIFIED","CURRENT_GAME_REPRODUCTION_NOT_DOCUMENTED","0"
"56def7cd-69ef-4e96-8468-34f950c4a1a5","c-viper-phase13-corner-carry","c-viper","archived","unverified","HOLD","ARCHIVED_RECORD","PLACEHOLDER_RECIPE|NOTES_CONFLICT|VERIFICATION_STATUS_NOT_VERIFIED|CURRENT_GAME_REPRODUCTION_NOT_DOCUMENTED|SOURCE_NOT_READY|DUPLICATE_CANDIDATE_ONLY","9"
"5716b10b-7d1e-48b2-aad7-38a02392a841","guile-modern-3h-pc-sa3","guile","draft","unverified","GAME_VERIFICATION_REQUIRED","VERIFICATION_STATUS_NOT_VERIFIED","CURRENT_GAME_REPRODUCTION_NOT_DOCUMENTED","0"
"5731e003-842c-4913-93fe-592449bde05b","akuma-y4-modern-dr-overhead","akuma","draft","unverified","GAME_VERIFICATION_REQUIRED","VERIFICATION_STATUS_NOT_VERIFIED","CURRENT_GAME_REPRODUCTION_NOT_DOCUMENTED","0"
"573825c6-1e36-4692-aa86-4ba60aaa1b45","yasmine-y4-dr-overhead","yasmine","draft","unverified","GAME_VERIFICATION_REQUIRED","VERIFICATION_STATUS_NOT_VERIFIED","CURRENT_GAME_REPRODUCTION_NOT_DOCUMENTED","0"
"57426820-f048-43ad-b516-a94cff72d812","blanka-di-wall-od-vertical","blanka","draft","unverified","GAME_VERIFICATION_REQUIRED","VERIFICATION_STATUS_NOT_VERIFIED","CURRENT_GAME_REPRODUCTION_NOT_DOCUMENTED","0"
"578b38ed-ad0e-4a00-9725-2dbbc5bcf817","lily-y4-wind-2hp-hspire","lily","draft","unverified","GAME_VERIFICATION_REQUIRED","VERIFICATION_STATUS_NOT_VERIFIED","CURRENT_GAME_REPRODUCTION_NOT_DOCUMENTED","0"
"57d50035-b743-4568-afbd-a8495e61d3ff","luke-y4-modern-2hp-mcharge-hflash-sa3","luke","draft","reviewed","GAME_VERIFICATION_REQUIRED","VERIFICATION_STATUS_NOT_VERIFIED","CURRENT_GAME_REPRODUCTION_NOT_DOCUMENTED","0"
"580598fc-2ce6-4510-bae3-e03b4bcc7f75","deejay-modern-assist-h-jack","dee-jay","draft","unverified","GAME_VERIFICATION_REQUIRED","VERIFICATION_STATUS_NOT_VERIFIED","CURRENT_GAME_REPRODUCTION_NOT_DOCUMENTED","0"
"5811b6f9-04cf-494a-8be6-1051d6db8fcc","guile-written-light-summer","guile","draft","unverified","GAME_VERIFICATION_REQUIRED","VERIFICATION_STATUS_NOT_VERIFIED","CURRENT_GAME_REPRODUCTION_NOT_DOCUMENTED","0"
"585bcf5a-6fab-49ba-9f9d-c236686b5559","akuma-y4-demonraid-punch-hit","akuma","draft","unverified","GAME_VERIFICATION_REQUIRED","VERIFICATION_STATUS_NOT_VERIFIED","CURRENT_GAME_REPRODUCTION_NOT_DOCUMENTED","0"
"58626e68-0f2a-48a7-b2ad-f348a63e9034","mai-y4-modern-2m-cdr","mai","draft","unverified","GAME_VERIFICATION_REQUIRED","VERIFICATION_STATUS_NOT_VERIFIED","CURRENT_GAME_REPRODUCTION_NOT_DOCUMENTED","0"
"587807e2-d318-418b-8c8e-a2ed320c34a7","lily-y4-light-ch-2mp-sa1","lily","draft","unverified","GAME_VERIFICATION_REQUIRED","VERIFICATION_STATUS_NOT_VERIFIED","CURRENT_GAME_REPRODUCTION_NOT_DOCUMENTED","0"
"587bbb73-9276-489f-96f5-4c1883a031ad","alex-phase13-heavy-punish","alex","archived","unverified","HOLD","ARCHIVED_RECORD","PLACEHOLDER_RECIPE|NOTES_CONFLICT|VERIFICATION_STATUS_NOT_VERIFIED|CURRENT_GAME_REPRODUCTION_NOT_DOCUMENTED|SOURCE_NOT_READY|DUPLICATE_CANDIDATE_ONLY","9"
"58a4486c-7ea9-4882-bd90-b3b28d30baa0","ed-y4-sa2-flicker-rehit","ed","draft","unverified","GAME_VERIFICATION_REQUIRED","VERIFICATION_STATUS_NOT_VERIFIED","CURRENT_GAME_REPRODUCTION_NOT_DOCUMENTED","0"
"5917bba5-f472-4a1f-927c-2a2367bfef89","mai-y4-di-central","mai","draft","unverified","GAME_VERIFICATION_REQUIRED","VERIFICATION_STATUS_NOT_VERIFIED","CURRENT_GAME_REPRODUCTION_NOT_DOCUMENTED","0"
"596e3fdd-11ce-48bf-998f-4b7e52b529b9","viper-y4-modern-low-assist","c-viper","draft","unverified","GAME_VERIFICATION_REQUIRED","VERIFICATION_STATUS_NOT_VERIFIED","CURRENT_GAME_REPRODUCTION_NOT_DOCUMENTED","0"
"597191ff-92b6-4f2d-a1b9-285b7b9dc9f8","jamie-legacy-di-wall-od-zessho-sweep","jamie","draft","unverified","GAME_VERIFICATION_REQUIRED","NOTES_CONFLICT","VERIFICATION_STATUS_NOT_VERIFIED|CURRENT_GAME_REPRODUCTION_NOT_DOCUMENTED","0"
"59864741-0d90-4a9d-82a0-2db7b0a4b371","lily-y4-modern-wind-light-spire","lily","draft","unverified","GAME_VERIFICATION_REQUIRED","VERIFICATION_STATUS_NOT_VERIFIED","CURRENT_GAME_REPRODUCTION_NOT_DOCUMENTED","0"
"599e4a07-7573-4814-a52a-a4686dd09b49","ryu-basic-light-shoryu","ryu","draft","reviewed","GAME_VERIFICATION_REQUIRED","NOTES_CONFLICT","VERIFICATION_STATUS_NOT_VERIFIED|CURRENT_GAME_REPRODUCTION_NOT_DOCUMENTED","0"
"59e541d5-6ab9-484f-8d41-20e58e8e33a7","jp-canon-jhk-2360","jp","draft","reviewed","GAME_VERIFICATION_REQUIRED","VERIFICATION_STATUS_NOT_VERIFIED","CURRENT_GAME_REPRODUCTION_NOT_DOCUMENTED","0"
"5a2a40cd-46de-4678-a879-5fab6ee2a735","kim-modern-jh-assist","kimberly","draft","unverified","GAME_VERIFICATION_REQUIRED","VERIFICATION_STATUS_NOT_VERIFIED","CURRENT_GAME_REPRODUCTION_NOT_DOCUMENTED","0"
"5a3af074-79e5-4e51-a456-6836fdeacc11","ryu-phase13-resource","ryu","archived","unverified","HOLD","ARCHIVED_RECORD","PLACEHOLDER_RECIPE|NOTES_CONFLICT|VERIFICATION_STATUS_NOT_VERIFIED|CURRENT_GAME_REPRODUCTION_NOT_DOCUMENTED|SOURCE_NOT_READY|DUPLICATE_CANDIDATE_ONLY","3"
"5a418a87-97a9-4c63-9053-370b25a27de2","zangief-y4-di-russian","zangief","draft","unverified","GAME_VERIFICATION_REQUIRED","VERIFICATION_STATUS_NOT_VERIFIED","CURRENT_GAME_REPRODUCTION_NOT_DOCUMENTED","0"
"5a435bd3-d8af-4fa5-bb6e-9cd81d195aff","lily-y4-modern-assist-medium-sa2","lily","draft","unverified","GAME_VERIFICATION_REQUIRED","VERIFICATION_STATUS_NOT_VERIFIED","CURRENT_GAME_REPRODUCTION_NOT_DOCUMENTED","0"
"5a4d9682-e97f-44b5-9ddb-6fa59bee907d","zangief-y4-light-cdr-sa2","zangief","draft","unverified","GAME_VERIFICATION_REQUIRED","VERIFICATION_STATUS_NOT_VERIFIED","CURRENT_GAME_REPRODUCTION_NOT_DOCUMENTED","0"
"5a4d9f29-23af-4dbf-b650-e25192fb2bd7","c-viper-phase13-sa3","c-viper","archived","unverified","HOLD","ARCHIVED_RECORD","PLACEHOLDER_RECIPE|NOTES_CONFLICT|VERIFICATION_STATUS_NOT_VERIFIED|CURRENT_GAME_REPRODUCTION_NOT_DOCUMENTED|SOURCE_NOT_READY|DUPLICATE_CANDIDATE_ONLY","9"
"5a8c94a2-c613-4079-a235-aac9701af3e5","terry-phase13-candidate-combo-07","terry","archived","unverified","HOLD","ARCHIVED_RECORD","PLACEHOLDER_RECIPE|NOTES_CONFLICT|VERIFICATION_STATUS_NOT_VERIFIED|CURRENT_GAME_REPRODUCTION_NOT_DOCUMENTED|SOURCE_NOT_READY|DUPLICATE_CANDIDATE_ONLY","9"
"5a924b4d-c2bf-4e3a-bd86-16c7c438ffab","kim-y4-hp-pc-sa3","kimberly","draft","unverified","GAME_VERIFICATION_REQUIRED","VERIFICATION_STATUS_NOT_VERIFIED","CURRENT_GAME_REPRODUCTION_NOT_DOCUMENTED","0"
"5aaef36f-a94b-4d37-bfca-1355cd51bfca","chun-modern-y4-pursuit-cdr-msbk","chun-li","draft","unverified","GAME_VERIFICATION_REQUIRED","VERIFICATION_STATUS_NOT_VERIFIED","CURRENT_GAME_REPRODUCTION_NOT_DOCUMENTED","0"
"5b9ed724-f6d4-4936-8eb6-6e97a847aba2","lily-y4-modern-air-sa2","lily","draft","unverified","GAME_VERIFICATION_REQUIRED","VERIFICATION_STATUS_NOT_VERIFIED","CURRENT_GAME_REPRODUCTION_NOT_DOCUMENTED","0"
"5bd17249-9414-4753-8953-4677151172e3","guile-modern-di-pc-sa3","guile","draft","unverified","GAME_VERIFICATION_REQUIRED","VERIFICATION_STATUS_NOT_VERIFIED","CURRENT_GAME_REPRODUCTION_NOT_DOCUMENTED","0"
"5c021e2d-13c0-490d-b5e0-fd2e2dd71a39","lily-y4-4hp-hwind","lily","draft","unverified","GAME_VERIFICATION_REQUIRED","VERIFICATION_STATUS_NOT_VERIFIED","CURRENT_GAME_REPRODUCTION_NOT_DOCUMENTED","0"
"5c3b5596-4fe1-4d97-96ed-a250e20332cb","jamie-modern-y4-invincible-punish","jamie","draft","unverified","GAME_VERIFICATION_REQUIRED","VERIFICATION_STATUS_NOT_VERIFIED","CURRENT_GAME_REPRODUCTION_NOT_DOCUMENTED","0"
"5c41ac74-f229-4294-a3bc-211d26281b6d","ed-phase13-candidate-combo-01","ed","archived","unverified","HOLD","ARCHIVED_RECORD","PLACEHOLDER_RECIPE|NOTES_CONFLICT|VERIFICATION_STATUS_NOT_VERIFIED|CURRENT_GAME_REPRODUCTION_NOT_DOCUMENTED|SOURCE_NOT_READY|DUPLICATE_CANDIDATE_ONLY","9"
"5c83b0e3-276c-45c8-9eb4-379dabe96f8e","rashid-y4-tc-odcyclone-run-mmixer","rashid","draft","unverified","GAME_VERIFICATION_REQUIRED","VERIFICATION_STATUS_NOT_VERIFIED","CURRENT_GAME_REPRODUCTION_NOT_DOCUMENTED","0"
"5ca2fb10-89ac-49ca-bd0a-5850b61e838c","ken-y4-corner-sa2","ken","draft","unverified","GAME_VERIFICATION_REQUIRED","VERIFICATION_STATUS_NOT_VERIFIED","CURRENT_GAME_REPRODUCTION_NOT_DOCUMENTED","0"
"5ca98d95-6f07-4429-9eea-1f837bc87658","dhalsim-aa-4hp-sa3","dhalsim","draft","unverified","GAME_VERIFICATION_REQUIRED","VERIFICATION_STATUS_NOT_VERIFIED","CURRENT_GAME_REPRODUCTION_NOT_DOCUMENTED","0"
"5d6745c6-e724-470e-b8f9-35cd38c78474","luke-y4-corner-light-odflash-airflash-upper","luke","draft","reviewed","GAME_VERIFICATION_REQUIRED","VERIFICATION_STATUS_NOT_VERIFIED","CURRENT_GAME_REPRODUCTION_NOT_DOCUMENTED","0"
"5d72bf60-6be7-4e00-ba88-68762c9fa49a","dhalsim-pc-heavy","dhalsim","archived","unverified","HOLD","ARCHIVED_RECORD","PLACEHOLDER_RECIPE|NOTES_CONFLICT|VERIFICATION_STATUS_NOT_VERIFIED|CURRENT_GAME_REPRODUCTION_NOT_DOCUMENTED|SOURCE_NOT_READY","0"
"5d7ed860-fe61-4630-8f0d-5ac7117db92f","honda-cannon-dr-mp-stomp","e-honda","draft","unverified","GAME_VERIFICATION_REQUIRED","VERIFICATION_STATUS_NOT_VERIFIED","CURRENT_GAME_REPRODUCTION_NOT_DOCUMENTED","0"
"5d8d9e95-c259-4edd-ac61-3d78055ca5be","zangief-y4-headbutt-lariat","zangief","draft","unverified","GAME_VERIFICATION_REQUIRED","VERIFICATION_STATUS_NOT_VERIFIED","CURRENT_GAME_REPRODUCTION_NOT_DOCUMENTED","0"
"5dc2891f-4f8b-46f8-98e4-596a491f00e8","zangief-y4-modern-heavy-manual","zangief","draft","unverified","GAME_VERIFICATION_REQUIRED","VERIFICATION_STATUS_NOT_VERIFIED","CURRENT_GAME_REPRODUCTION_NOT_DOCUMENTED","0"
"5dd63337-e3df-4dd9-8680-f61131e62c43","jamie-y4-od-divekick-od-bakkai-sa3","jamie","draft","unverified","GAME_VERIFICATION_REQUIRED","VERIFICATION_STATUS_NOT_VERIFIED","CURRENT_GAME_REPRODUCTION_NOT_DOCUMENTED","0"
"5e1cba79-54d9-423b-8c6d-f582036da406","ryu-y4-di-wall-reset-di","ryu","draft","reviewed","GAME_VERIFICATION_REQUIRED","VERIFICATION_STATUS_NOT_VERIFIED","CURRENT_GAME_REPRODUCTION_NOT_DOCUMENTED","0"
"5e2b6a7c-57fd-40e4-a4ca-be68f6a88379","honda-modern-tc","e-honda","draft","unverified","GAME_VERIFICATION_REQUIRED","VERIFICATION_STATUS_NOT_VERIFIED","CURRENT_GAME_REPRODUCTION_NOT_DOCUMENTED","0"
"5e514aae-f2e4-4716-8ee3-3f9a046aa3a5","sagat-phase13-light-confirm","sagat","archived","unverified","HOLD","ARCHIVED_RECORD","PLACEHOLDER_RECIPE|NOTES_CONFLICT|VERIFICATION_STATUS_NOT_VERIFIED|CURRENT_GAME_REPRODUCTION_NOT_DOCUMENTED|SOURCE_NOT_READY|DUPLICATE_CANDIDATE_ONLY","9"
"5eb44594-ac05-4b03-915a-a54ee58878d6","terry-y4-modern-assist-m","terry","draft","unverified","GAME_VERIFICATION_REQUIRED","VERIFICATION_STATUS_NOT_VERIFIED","CURRENT_GAME_REPRODUCTION_NOT_DOCUMENTED","0"
"5ebdd616-6009-42c8-8fbe-fca889c8ff87","marisa-od-phalanx","marisa","draft","unverified","GAME_VERIFICATION_REQUIRED","VERIFICATION_STATUS_NOT_VERIFIED","CURRENT_GAME_REPRODUCTION_NOT_DOCUMENTED","0"
"5ed4536e-23bd-40ea-a2cd-16f72ced0e49","e-honda-basic-light","e-honda","archived","unverified","HOLD","ARCHIVED_RECORD","PLACEHOLDER_RECIPE|NOTES_CONFLICT|VERIFICATION_STATUS_NOT_VERIFIED|CURRENT_GAME_REPRODUCTION_NOT_DOCUMENTED|SOURCE_NOT_READY","0"
"5efdd6e6-cd50-4ae0-ae32-637f0084e0d3","manon-p25g-medium-double-dr-sa3","manon","draft","unverified","GAME_VERIFICATION_REQUIRED","VERIFICATION_STATUS_NOT_VERIFIED","CURRENT_GAME_REPRODUCTION_NOT_DOCUMENTED","0"
"5efe2623-9197-423f-8837-6696e0da37d4","rashid-y4-stun-whirl-route","rashid","draft","unverified","GAME_VERIFICATION_REQUIRED","VERIFICATION_STATUS_NOT_VERIFIED","CURRENT_GAME_REPRODUCTION_NOT_DOCUMENTED","0"
"5f046b47-9bdc-4864-b66a-77dd47d39489","deejay-drev-jack","dee-jay","draft","unverified","GAME_VERIFICATION_REQUIRED","VERIFICATION_STATUS_NOT_VERIFIED","CURRENT_GAME_REPRODUCTION_NOT_DOCUMENTED","0"
"5f0dfc02-538e-4764-b3b5-d0e36f5caa83","ryu-y3-video-crlp-hasho-side-switch-sa3","ryu","draft","unverified","GAME_VERIFICATION_REQUIRED","VERIFICATION_STATUS_NOT_VERIFIED","CURRENT_GAME_REPRODUCTION_NOT_DOCUMENTED","0"
"5f33fe92-5c8b-4bde-8991-72fb1352aaae","sagat-y4-lp-pc-monolith","sagat","draft","unverified","GAME_VERIFICATION_REQUIRED","VERIFICATION_STATUS_NOT_VERIFIED","CURRENT_GAME_REPRODUCTION_NOT_DOCUMENTED","0"
"5f9f4847-e0a5-4d38-8f11-6d2455099d3b","yasmine-phase13-heavy-punish","yasmine","archived","unverified","HOLD","ARCHIVED_RECORD","PLACEHOLDER_RECIPE|NOTES_CONFLICT|VERIFICATION_STATUS_NOT_VERIFIED|CURRENT_GAME_REPRODUCTION_NOT_DOCUMENTED|SOURCE_NOT_READY|DUPLICATE_CANDIDATE_ONLY","9"
"5fa53376-8985-4640-bdae-1564c478a749","yasmine-y4-modern-pangil","yasmine","draft","unverified","GAME_VERIFICATION_REQUIRED","VERIFICATION_STATUS_NOT_VERIFIED","CURRENT_GAME_REPRODUCTION_NOT_DOCUMENTED","0"
"5fe21ba5-392d-4272-a175-4c4b4782e17e","chun-written-reversal-punish-max","chun-li","draft","unverified","GAME_VERIFICATION_REQUIRED","VERIFICATION_STATUS_NOT_VERIFIED","CURRENT_GAME_REPRODUCTION_NOT_DOCUMENTED","0"
"5fe787f3-2452-45e2-8aed-fed49a8e3086","bison-y4-modern-sa3","m-bison","draft","unverified","GAME_VERIFICATION_REQUIRED","VERIFICATION_STATUS_NOT_VERIFIED","CURRENT_GAME_REPRODUCTION_NOT_DOCUMENTED","0"
"5feae4f5-fb3b-4f5b-9a4e-1e9849deb2e7","mai-y4-2lp-lhissatsu","mai","draft","unverified","GAME_VERIFICATION_REQUIRED","VERIFICATION_STATUS_NOT_VERIFIED","CURRENT_GAME_REPRODUCTION_NOT_DOCUMENTED","0"
"6052af48-49eb-49fb-9d81-f27491b0e4af","sagat-y4-modern-aa","sagat","draft","unverified","GAME_VERIFICATION_REQUIRED","VERIFICATION_STATUS_NOT_VERIFIED","CURRENT_GAME_REPRODUCTION_NOT_DOCUMENTED","0"
"6064ee42-e773-4f59-9440-e51a9d203f8d","yasmine-y4-bayani-lights-ldaloy","yasmine","draft","unverified","GAME_VERIFICATION_REQUIRED","VERIFICATION_STATUS_NOT_VERIFIED","CURRENT_GAME_REPRODUCTION_NOT_DOCUMENTED","0"
"609b63de-3c08-4be3-b03b-91d5806196a6","deejay-modern-dr-m-jack","dee-jay","draft","unverified","GAME_VERIFICATION_REQUIRED","VERIFICATION_STATUS_NOT_VERIFIED","CURRENT_GAME_REPRODUCTION_NOT_DOCUMENTED","0"
"60daf4ba-555f-4560-8f5b-d57e6de18a0d","manon-pc-heavy","manon","archived","unverified","HOLD","ARCHIVED_RECORD","PLACEHOLDER_RECIPE|NOTES_CONFLICT|VERIFICATION_STATUS_NOT_VERIFIED|CURRENT_GAME_REPRODUCTION_NOT_DOCUMENTED|SOURCE_NOT_READY","0"
"60e9d3fc-3bfc-46d9-b99e-b0a8a61606f7","blanka-4mk-thunder","blanka","draft","unverified","GAME_VERIFICATION_REQUIRED","VERIFICATION_STATUS_NOT_VERIFIED","CURRENT_GAME_REPRODUCTION_NOT_DOCUMENTED","0"
"60edd20b-e249-4443-9c18-1b968a8cc123","jp-modern-assist-h-pc-sa3","jp","draft","unverified","GAME_VERIFICATION_REQUIRED","VERIFICATION_STATUS_NOT_VERIFIED","CURRENT_GAME_REPRODUCTION_NOT_DOCUMENTED","0"
"61202161-c524-4228-9067-ce005b3b6caf","ryu-y4-di-side-switch","ryu","draft","reviewed","GAME_VERIFICATION_REQUIRED","VERIFICATION_STATUS_NOT_VERIFIED","CURRENT_GAME_REPRODUCTION_NOT_DOCUMENTED","0"
"612491f3-2730-4d86-9bde-937940db3c2b","mai-y4-modern-dr-overhead","mai","draft","unverified","GAME_VERIFICATION_REQUIRED","VERIFICATION_STATUS_NOT_VERIFIED","CURRENT_GAME_REPRODUCTION_NOT_DOCUMENTED","0"
"615399df-f748-4f64-8f22-5e48fd0b80d1","honda-di-wall","e-honda","draft","unverified","GAME_VERIFICATION_REQUIRED","VERIFICATION_STATUS_NOT_VERIFIED","CURRENT_GAME_REPRODUCTION_NOT_DOCUMENTED","0"
"616fbae7-be2c-4d1d-a909-c4035cc9dd26","ken-y4-di-wall","ken","draft","unverified","GAME_VERIFICATION_REQUIRED","VERIFICATION_STATUS_NOT_VERIFIED","CURRENT_GAME_REPRODUCTION_NOT_DOCUMENTED","0"
"618a348b-5158-43bb-9151-0f41aa1f13e3","mai-y4-aa-hshoryu","mai","draft","unverified","GAME_VERIFICATION_REQUIRED","VERIFICATION_STATUS_NOT_VERIFIED","CURRENT_GAME_REPRODUCTION_NOT_DOCUMENTED","0"
"61a355f7-519b-41dd-8c24-e3d891a8ee79","viper-y4-modern-assist-h-sa3","c-viper","draft","unverified","GAME_VERIFICATION_REQUIRED","VERIFICATION_STATUS_NOT_VERIFIED","CURRENT_GAME_REPRODUCTION_NOT_DOCUMENTED","0"
"61a502dc-3fd4-448e-a634-a35a6f7f0e10","rashid-y4-5lp-5lk-leagle","rashid","draft","unverified","GAME_VERIFICATION_REQUIRED","VERIFICATION_STATUS_NOT_VERIFIED","CURRENT_GAME_REPRODUCTION_NOT_DOCUMENTED","0"
"61b50c51-f404-4ef1-ab08-194f1b4e4c55","kimberly-phase13-20260827-1","kimberly","archived","unverified","HOLD","ARCHIVED_RECORD","PLACEHOLDER_RECIPE|NOTES_CONFLICT|VERIFICATION_STATUS_NOT_VERIFIED|CURRENT_GAME_REPRODUCTION_NOT_DOCUMENTED|DUPLICATE_CANDIDATE_ONLY","9"
"61c54fa5-7e20-4f7c-998a-d25ce86c56b4","alex-y4-aa-knee","alex","draft","unverified","GAME_VERIFICATION_REQUIRED","VERIFICATION_STATUS_NOT_VERIFIED","CURRENT_GAME_REPRODUCTION_NOT_DOCUMENTED","0"
"624797fd-aaed-4968-a116-7c1de7beab26","chun-written-dr-overhead-msbk","chun-li","draft","unverified","GAME_VERIFICATION_REQUIRED","VERIFICATION_STATUS_NOT_VERIFIED","CURRENT_GAME_REPRODUCTION_NOT_DOCUMENTED","0"
"62a82342-cb1b-40ad-bf38-284d36f9509d","alex-y4-chop-odpb-sa2","alex","draft","unverified","GAME_VERIFICATION_REQUIRED","VERIFICATION_STATUS_NOT_VERIFIED","CURRENT_GAME_REPRODUCTION_NOT_DOCUMENTED","0"
"62b759e6-db07-4ee9-a71d-d51f77ac82fc","terry-phase13-candidate-combo-06","terry","archived","unverified","HOLD","ARCHIVED_RECORD","PLACEHOLDER_RECIPE|NOTES_CONFLICT|VERIFICATION_STATUS_NOT_VERIFIED|CURRENT_GAME_REPRODUCTION_NOT_DOCUMENTED|SOURCE_NOT_READY|DUPLICATE_CANDIDATE_ONLY","9"
"62fd247e-5f5b-4e4b-8422-b84e0e5c209b","juri-modern-m-basic","juri","draft","unverified","GAME_VERIFICATION_REQUIRED","VERIFICATION_STATUS_NOT_VERIFIED","CURRENT_GAME_REPRODUCTION_NOT_DOCUMENTED","0"
"631f0365-226c-41b3-b06a-71ca220c225f","kim-modern-teleport","kimberly","draft","unverified","GAME_VERIFICATION_REQUIRED","VERIFICATION_STATUS_NOT_VERIFIED","CURRENT_GAME_REPRODUCTION_NOT_DOCUMENTED","0"
"634ab57b-c41d-4ce4-b9df-e6eeaa91bc5c","ingrid-y4-2hp-lv3-sa3","ingrid","draft","unverified","GAME_VERIFICATION_REQUIRED","VERIFICATION_STATUS_NOT_VERIFIED","CURRENT_GAME_REPRODUCTION_NOT_DOCUMENTED","0"
"63503a0a-c7b6-415f-8415-9e33fb0e89f6","aki-y4-modern-assist-m","aki","draft","unverified","GAME_VERIFICATION_REQUIRED","VERIFICATION_STATUS_NOT_VERIFIED","CURRENT_GAME_REPRODUCTION_NOT_DOCUMENTED","0"
"6353c69d-5aaf-4fac-855a-a10391c55c93","blanka-modern-assist-l","blanka","draft","unverified","GAME_VERIFICATION_REQUIRED","VERIFICATION_STATUS_NOT_VERIFIED","CURRENT_GAME_REPRODUCTION_NOT_DOCUMENTED","0"
"635d0221-ea14-4652-b0d9-f421a946bec7","chun-modern-y4-drev-punish","chun-li","draft","unverified","GAME_VERIFICATION_REQUIRED","VERIFICATION_STATUS_NOT_VERIFIED","CURRENT_GAME_REPRODUCTION_NOT_DOCUMENTED","0"
"6361f7e6-5e52-4dc0-b573-42f1937c0b45","jamie-legacy-od-commandgrab-hp","jamie","draft","unverified","GAME_VERIFICATION_REQUIRED","NOTES_CONFLICT","VERIFICATION_STATUS_NOT_VERIFIED|CURRENT_GAME_REPRODUCTION_NOT_DOCUMENTED","0"
"63620553-bc78-4cff-a1a2-f9f786d0b4db","luke-y4-modern-corner-lperfect-lflash-sa2","luke","draft","reviewed","GAME_VERIFICATION_REQUIRED","VERIFICATION_STATUS_NOT_VERIFIED","CURRENT_GAME_REPRODUCTION_NOT_DOCUMENTED","0"
"63744b09-0038-4d01-bc39-5456eb9bead3","ed-y4-modern-onebutton-aa","ed","draft","unverified","GAME_VERIFICATION_REQUIRED","VERIFICATION_STATUS_NOT_VERIFIED","CURRENT_GAME_REPRODUCTION_NOT_DOCUMENTED","0"
"637fecb6-179e-4170-9647-4617f685a556","yasmine-y4-dr-low","yasmine","draft","unverified","GAME_VERIFICATION_REQUIRED","VERIFICATION_STATUS_NOT_VERIFIED","CURRENT_GAME_REPRODUCTION_NOT_DOCUMENTED","0"
"63a1a927-b761-4a2e-a362-c2fa3e787376","blanka-4mk-od-vertical","blanka","draft","unverified","GAME_VERIFICATION_REQUIRED","VERIFICATION_STATUS_NOT_VERIFIED","CURRENT_GAME_REPRODUCTION_NOT_DOCUMENTED","0"
"63fc04cc-3258-4c35-bfaf-c49ca69d3d37","elena-y4-di-wall-rhino-shoryu","elena","draft","unverified","GAME_VERIFICATION_REQUIRED","VERIFICATION_STATUS_NOT_VERIFIED","CURRENT_GAME_REPRODUCTION_NOT_DOCUMENTED","0"
"63fe0e63-e0d9-4ab5-b0fe-2da4cf26f72d","rashid-y4-5hp-meagle","rashid","draft","unverified","GAME_VERIFICATION_REQUIRED","VERIFICATION_STATUS_NOT_VERIFIED","CURRENT_GAME_REPRODUCTION_NOT_DOCUMENTED","0"
"64130413-eac1-45c4-93b3-e612ebee203e","marisa-p25d-modern-light-dimach","marisa","draft","unverified","GAME_VERIFICATION_REQUIRED","VERIFICATION_STATUS_NOT_VERIFIED","CURRENT_GAME_REPRODUCTION_NOT_DOCUMENTED","0"
"64231dfd-ff58-41a0-8e8a-03b046fb870d","ingrid-y4-sa2-stock3","ingrid","draft","unverified","GAME_VERIFICATION_REQUIRED","VERIFICATION_STATUS_NOT_VERIFIED","CURRENT_GAME_REPRODUCTION_NOT_DOCUMENTED","0"
"64b1a7b0-abdb-4123-af3c-981f46f92874","akuma-phase13-candidate-combo-09","akuma","archived","unverified","HOLD","ARCHIVED_RECORD","PLACEHOLDER_RECIPE|NOTES_CONFLICT|VERIFICATION_STATUS_NOT_VERIFIED|CURRENT_GAME_REPRODUCTION_NOT_DOCUMENTED|SOURCE_NOT_READY|DUPLICATE_CANDIDATE_ONLY","9"
"6550261b-f377-4f65-b5f0-a3e649b92932","dee-jay-di-pc","dee-jay","archived","unverified","HOLD","ARCHIVED_RECORD","PLACEHOLDER_RECIPE|NOTES_CONFLICT|VERIFICATION_STATUS_NOT_VERIFIED|CURRENT_GAME_REPRODUCTION_NOT_DOCUMENTED|SOURCE_NOT_READY","0"
"65763c93-c68c-4a16-87bc-7903e081d61c","lily-y4-wall-4hp-odwind-sa2","lily","draft","unverified","GAME_VERIFICATION_REQUIRED","VERIFICATION_STATUS_NOT_VERIFIED","CURRENT_GAME_REPRODUCTION_NOT_DOCUMENTED","0"
"65aacf99-13e3-4cc6-9880-4c25c831051d","m-bison-phase13-candidate-combo-06","m-bison","archived","unverified","HOLD","ARCHIVED_RECORD","PLACEHOLDER_RECIPE|NOTES_CONFLICT|VERIFICATION_STATUS_NOT_VERIFIED|CURRENT_GAME_REPRODUCTION_NOT_DOCUMENTED|SOURCE_NOT_READY|DUPLICATE_CANDIDATE_ONLY","9"
"65b78bfb-ef1b-4569-b464-df07a657595c","ingrid-phase13-corner-carry","ingrid","archived","unverified","HOLD","ARCHIVED_RECORD","PLACEHOLDER_RECIPE|NOTES_CONFLICT|VERIFICATION_STATUS_NOT_VERIFIED|CURRENT_GAME_REPRODUCTION_NOT_DOCUMENTED|SOURCE_NOT_READY|DUPLICATE_CANDIDATE_ONLY","9"
"65c0b0fa-d395-4d22-a293-ea37eb874420","cammy-phase13-candidate-combo-06","cammy","archived","unverified","HOLD","ARCHIVED_RECORD","PLACEHOLDER_RECIPE|NOTES_CONFLICT|VERIFICATION_STATUS_NOT_VERIFIED|CURRENT_GAME_REPRODUCTION_NOT_DOCUMENTED|SOURCE_NOT_READY|DUPLICATE_CANDIDATE_ONLY","9"
"65c7f568-6f04-4a5c-b618-2dbaaf7c9169","aki-y4-modern-stun","aki","draft","unverified","GAME_VERIFICATION_REQUIRED","VERIFICATION_STATUS_NOT_VERIFIED","CURRENT_GAME_REPRODUCTION_NOT_DOCUMENTED","0"
"65cdb57b-0c05-44c6-807b-2e301761f6b2","luke-crmk-dr-oki","luke","draft","reviewed","GAME_VERIFICATION_REQUIRED","VERIFICATION_STATUS_NOT_VERIFIED","CURRENT_GAME_REPRODUCTION_NOT_DOCUMENTED","0"
"65d4034d-2193-4c8a-a97f-90c8110fbdb7","juri-y4-light-sa1","juri","draft","reviewed","GAME_VERIFICATION_REQUIRED","VERIFICATION_STATUS_NOT_VERIFIED","CURRENT_GAME_REPRODUCTION_NOT_DOCUMENTED","0"
"65d4de97-ad99-4b52-af3f-cdffcb156f24","marisa-charge-pc-max","marisa","draft","unverified","GAME_VERIFICATION_REQUIRED","VERIFICATION_STATUS_NOT_VERIFIED","CURRENT_GAME_REPRODUCTION_NOT_DOCUMENTED","0"
"65de61fc-960a-4564-a5cb-c725e028b822","ryu-y3-crmk-hhasho-corner-overhead","ryu","draft","unverified","GAME_VERIFICATION_REQUIRED","VERIFICATION_STATUS_NOT_VERIFIED","CURRENT_GAME_REPRODUCTION_NOT_DOCUMENTED","0"
"661a1c37-f2ea-4aea-8a92-30a9d117edd9","manon-light-sa3","manon","draft","unverified","GAME_VERIFICATION_REQUIRED","VERIFICATION_STATUS_NOT_VERIFIED","CURRENT_GAME_REPRODUCTION_NOT_DOCUMENTED","0"
"6643c392-1931-4f21-a465-9fa29c718e84","akuma-y4-stun-sa3","akuma","draft","unverified","GAME_VERIFICATION_REQUIRED","VERIFICATION_STATUS_NOT_VERIFIED","CURRENT_GAME_REPRODUCTION_NOT_DOCUMENTED","0"
"6654d7c7-7cc4-4696-870a-72c437f5f6ea","zangief-y4-5mp-ch-target","zangief","draft","unverified","GAME_VERIFICATION_REQUIRED","VERIFICATION_STATUS_NOT_VERIFIED","CURRENT_GAME_REPRODUCTION_NOT_DOCUMENTED","0"
"6658cd4d-3786-4ffd-830a-7019827f03be","akuma-y4-demonraid-kick-hit","akuma","draft","unverified","GAME_VERIFICATION_REQUIRED","VERIFICATION_STATUS_NOT_VERIFIED","CURRENT_GAME_REPRODUCTION_NOT_DOCUMENTED","0"
"66c40ade-26a3-4161-8750-e809e6265ec8","deejay-di-wall-od-machine-sa2","dee-jay","draft","unverified","GAME_VERIFICATION_REQUIRED","VERIFICATION_STATUS_NOT_VERIFIED","CURRENT_GAME_REPRODUCTION_NOT_DOCUMENTED","0"
"66c75083-1c23-4340-9c28-69e1321171c6","ed-phase13-candidate-combo-10","ed","archived","unverified","HOLD","ARCHIVED_RECORD","PLACEHOLDER_RECIPE|NOTES_CONFLICT|VERIFICATION_STATUS_NOT_VERIFIED|CURRENT_GAME_REPRODUCTION_NOT_DOCUMENTED|SOURCE_NOT_READY|DUPLICATE_CANDIDATE_ONLY","9"
"66d80f6b-2c41-464e-9ab3-6a4870b2c0d7","viper-y4-2hp-seismo-tf-switch","c-viper","draft","unverified","GAME_VERIFICATION_REQUIRED","VERIFICATION_STATUS_NOT_VERIFIED","CURRENT_GAME_REPRODUCTION_NOT_DOCUMENTED","0"
"66ffd259-9ef1-4e9b-8718-cc9498f058a4","aki-y4-od-bubble-sa2","aki","draft","unverified","GAME_VERIFICATION_REQUIRED","VERIFICATION_STATUS_NOT_VERIFIED","CURRENT_GAME_REPRODUCTION_NOT_DOCUMENTED","0"
"6707442b-5340-45a5-bc54-670cca034840","guile-phase13-20260827-9","guile","archived","unverified","HOLD","ARCHIVED_RECORD","PLACEHOLDER_RECIPE|NOTES_CONFLICT|VERIFICATION_STATUS_NOT_VERIFIED|CURRENT_GAME_REPRODUCTION_NOT_DOCUMENTED|DUPLICATE_CANDIDATE_ONLY","9"
"676d0bcb-3156-4d3a-a11d-6a9112a2489e","akuma-phase13-candidate-combo-07","akuma","archived","unverified","HOLD","ARCHIVED_RECORD","PLACEHOLDER_RECIPE|NOTES_CONFLICT|VERIFICATION_STATUS_NOT_VERIFIED|CURRENT_GAME_REPRODUCTION_NOT_DOCUMENTED|SOURCE_NOT_READY|DUPLICATE_CANDIDATE_ONLY","9"
"6782c4a9-e9e5-427c-86d1-b407a2757545","elena-y4-modern-dr-overhead","elena","draft","unverified","GAME_VERIFICATION_REQUIRED","VERIFICATION_STATUS_NOT_VERIFIED","CURRENT_GAME_REPRODUCTION_NOT_DOCUMENTED","0"
"678fcdbc-df5a-4ade-a0fc-29bdbbb4cda9","juri-y4-fse-basic","juri","draft","reviewed","GAME_VERIFICATION_REQUIRED","VERIFICATION_STATUS_NOT_VERIFIED","CURRENT_GAME_REPRODUCTION_NOT_DOCUMENTED","0"
"67c5faa7-db3f-4761-a9f8-9c80f72548b6","alex-y4-air-stamp-pc-corner","alex","draft","unverified","GAME_VERIFICATION_REQUIRED","VERIFICATION_STATUS_NOT_VERIFIED","CURRENT_GAME_REPRODUCTION_NOT_DOCUMENTED","0"
"683cff6a-597b-4938-893d-9c7df20952d8","elena-y4-air-mp-odrhino-sa2","elena","draft","unverified","GAME_VERIFICATION_REQUIRED","VERIFICATION_STATUS_NOT_VERIFIED","CURRENT_GAME_REPRODUCTION_NOT_DOCUMENTED","0"
"687203e0-47f0-4dcb-80fb-59d63e9a63fd","manon-p25g-medium-switch-sa1","manon","draft","unverified","GAME_VERIFICATION_REQUIRED","VERIFICATION_STATUS_NOT_VERIFIED","CURRENT_GAME_REPRODUCTION_NOT_DOCUMENTED","0"
"687c7d58-0030-4526-b30a-83d6cccea83a","dhalsim-corner","dhalsim","archived","unverified","HOLD","ARCHIVED_RECORD","PLACEHOLDER_RECIPE|NOTES_CONFLICT|VERIFICATION_STATUS_NOT_VERIFIED|CURRENT_GAME_REPRODUCTION_NOT_DOCUMENTED|SOURCE_NOT_READY","0"
"6962dc1b-568a-4a93-9d45-47270a8585f2","dhalsim-drill","dhalsim","draft","unverified","GAME_VERIFICATION_REQUIRED","VERIFICATION_STATUS_NOT_VERIFIED","CURRENT_GAME_REPRODUCTION_NOT_DOCUMENTED","0"
"698d3a58-0aa5-4eae-a66f-c6c8b87b71cf","guile-sa2-dr2mk-loop","guile","draft","unverified","GAME_VERIFICATION_REQUIRED","VERIFICATION_STATUS_NOT_VERIFIED","CURRENT_GAME_REPRODUCTION_NOT_DOCUMENTED","0"
"69b037e6-23f9-463a-82e6-19b1ee13dc57","ryu-y4-di-wall-hp-mhasho-hdp","ryu","draft","reviewed","GAME_VERIFICATION_REQUIRED","VERIFICATION_STATUS_NOT_VERIFIED","CURRENT_GAME_REPRODUCTION_NOT_DOCUMENTED","0"
"69bb311d-14eb-4f9f-ad11-a1dbbb12b28c","rashid-y4-modern-di-sa3","rashid","draft","unverified","GAME_VERIFICATION_REQUIRED","VERIFICATION_STATUS_NOT_VERIFIED","CURRENT_GAME_REPRODUCTION_NOT_DOCUMENTED","0"
"69d6ae04-4632-4cf9-ae1b-6f2f79b1f36a","lily-resource","lily","archived","unverified","HOLD","ARCHIVED_RECORD","PLACEHOLDER_RECIPE|NOTES_CONFLICT|VERIFICATION_STATUS_NOT_VERIFIED|CURRENT_GAME_REPRODUCTION_NOT_DOCUMENTED|SOURCE_NOT_READY","0"
"69d6f4b2-abea-4f1a-9a63-74db930ed4c5","dee-jay-resource","dee-jay","archived","unverified","HOLD","ARCHIVED_RECORD","PLACEHOLDER_RECIPE|NOTES_CONFLICT|VERIFICATION_STATUS_NOT_VERIFIED|CURRENT_GAME_REPRODUCTION_NOT_DOCUMENTED|SOURCE_NOT_READY","0"
"6a20c087-6121-4070-923d-538143b19084","blanka-resource","blanka","archived","unverified","HOLD","ARCHIVED_RECORD","PLACEHOLDER_RECIPE|NOTES_CONFLICT|VERIFICATION_STATUS_NOT_VERIFIED|CURRENT_GAME_REPRODUCTION_NOT_DOCUMENTED|SOURCE_NOT_READY","0"
"6aecadaa-51c8-4fec-8e86-3808758bfe41","blanka-modern-assist-l-cdr","blanka","draft","unverified","GAME_VERIFICATION_REQUIRED","VERIFICATION_STATUS_NOT_VERIFIED","CURRENT_GAME_REPRODUCTION_NOT_DOCUMENTED","0"
"6afb9ce0-22b0-4efc-9ef8-d7ac0c19e075","marisa-max-punish","marisa","archived","unverified","HOLD","ARCHIVED_RECORD","PLACEHOLDER_RECIPE|NOTES_CONFLICT|VERIFICATION_STATUS_NOT_VERIFIED|CURRENT_GAME_REPRODUCTION_NOT_DOCUMENTED|SOURCE_NOT_READY","0"
"6b109b41-780d-44ab-9462-5ff9dc99924a","manon-3hk-pc-sa1-y4","manon","draft","unverified","GAME_VERIFICATION_REQUIRED","VERIFICATION_STATUS_NOT_VERIFIED","CURRENT_GAME_REPRODUCTION_NOT_DOCUMENTED","0"
"6b9ad65d-7271-4346-9b40-e26ae580d588","kim-y4-overhead-light","kimberly","draft","unverified","GAME_VERIFICATION_REQUIRED","VERIFICATION_STATUS_NOT_VERIFIED","CURRENT_GAME_REPRODUCTION_NOT_DOCUMENTED","0"
"6b9dbeab-8723-49f8-8c12-6b1d6217b3d4","cammy-y4-5hp-2mp-harrow","cammy","draft","unverified","GAME_VERIFICATION_REQUIRED","VERIFICATION_STATUS_NOT_VERIFIED","CURRENT_GAME_REPRODUCTION_NOT_DOCUMENTED","0"
"6bab57c6-a182-4256-ab59-50438675e4ac","deejay-dr-low","dee-jay","draft","unverified","GAME_VERIFICATION_REQUIRED","VERIFICATION_STATUS_NOT_VERIFIED","CURRENT_GAME_REPRODUCTION_NOT_DOCUMENTED","0"
"6be003ca-1e28-41fb-8193-ccc1ed338ad9","ed-y4-stun-sa2","ed","draft","unverified","GAME_VERIFICATION_REQUIRED","VERIFICATION_STATUS_NOT_VERIFIED","CURRENT_GAME_REPRODUCTION_NOT_DOCUMENTED","0"
"6bf371a6-4b8d-410e-a8eb-af7662db7998","blanka-modern-punish-max","blanka","draft","unverified","GAME_VERIFICATION_REQUIRED","VERIFICATION_STATUS_NOT_VERIFIED","CURRENT_GAME_REPRODUCTION_NOT_DOCUMENTED","0"
"6cb0aa38-6a79-4a88-8a57-d5ed43e6aa1d","bison-y4-sa3-mine","m-bison","draft","unverified","GAME_VERIFICATION_REQUIRED","VERIFICATION_STATUS_NOT_VERIFIED","CURRENT_GAME_REPRODUCTION_NOT_DOCUMENTED","0"
"6ce58b8f-682d-4bc0-a3a5-b4c0c86a6548","yasmine-y4-2mp-mtalim","yasmine","draft","unverified","GAME_VERIFICATION_REQUIRED","VERIFICATION_STATUS_NOT_VERIFIED","CURRENT_GAME_REPRODUCTION_NOT_DOCUMENTED","0"
"6d43379d-c786-4385-b8ec-0e3163d749ad","blanka-di-wall-sa3","blanka","draft","unverified","GAME_VERIFICATION_REQUIRED","VERIFICATION_STATUS_NOT_VERIFIED","CURRENT_GAME_REPRODUCTION_NOT_DOCUMENTED","0"
"6d82d478-d13e-4b51-905d-3c942f9218e5","marisa-p25d-modern-od-phalanx-sa1","marisa","draft","unverified","GAME_VERIFICATION_REQUIRED","VERIFICATION_STATUS_NOT_VERIFIED","CURRENT_GAME_REPRODUCTION_NOT_DOCUMENTED","0"
"6db59475-cfe2-411b-9f31-5f6d22828d43","ed-y4-2hk-odblitz-sa2","ed","draft","unverified","GAME_VERIFICATION_REQUIRED","VERIFICATION_STATUS_NOT_VERIFIED","CURRENT_GAME_REPRODUCTION_NOT_DOCUMENTED","0"
"6dd8e006-9c87-43be-a2f8-ab4cf31b4ce6","akuma-y4-dr-6hp-firsthit","akuma","draft","unverified","GAME_VERIFICATION_REQUIRED","VERIFICATION_STATUS_NOT_VERIFIED","CURRENT_GAME_REPRODUCTION_NOT_DOCUMENTED","0"
"6defd7a0-32f6-41e1-8d44-45fd9b5deda9","mai-phase13-sa2","mai","archived","unverified","HOLD","ARCHIVED_RECORD","PLACEHOLDER_RECIPE|NOTES_CONFLICT|VERIFICATION_STATUS_NOT_VERIFIED|CURRENT_GAME_REPRODUCTION_NOT_DOCUMENTED|SOURCE_NOT_READY|DUPLICATE_CANDIDATE_ONLY","9"
"6e08717d-6d4f-4451-a57e-8ba30aeeb3d5","akuma-y4-5hk-pc-dr","akuma","draft","unverified","GAME_VERIFICATION_REQUIRED","VERIFICATION_STATUS_NOT_VERIFIED","CURRENT_GAME_REPRODUCTION_NOT_DOCUMENTED","0"
"6e10b6ee-d03b-4381-8f95-eeaf44014ce6","zangief-y4-modern-jm-cdr","zangief","draft","unverified","GAME_VERIFICATION_REQUIRED","VERIFICATION_STATUS_NOT_VERIFIED","CURRENT_GAME_REPRODUCTION_NOT_DOCUMENTED","0"
"6e2e89a5-2b31-4847-9387-a879682d33ea","aki-phase13-candidate-combo-06","aki","archived","unverified","HOLD","ARCHIVED_RECORD","PLACEHOLDER_RECIPE|NOTES_CONFLICT|VERIFICATION_STATUS_NOT_VERIFIED|CURRENT_GAME_REPRODUCTION_NOT_DOCUMENTED|SOURCE_NOT_READY|DUPLICATE_CANDIDATE_ONLY","9"
"6e57f170-e9f7-461e-b83e-7619e84ec1c2","aki-y4-hk-pc-hdive-lights","aki","draft","unverified","GAME_VERIFICATION_REQUIRED","VERIFICATION_STATUS_NOT_VERIFIED","CURRENT_GAME_REPRODUCTION_NOT_DOCUMENTED","0"
"6ee339ee-66b4-4e69-b582-b5e8114a4ad4","jp-modern-di-od-triglav","jp","draft","unverified","GAME_VERIFICATION_REQUIRED","VERIFICATION_STATUS_NOT_VERIFIED","CURRENT_GAME_REPRODUCTION_NOT_DOCUMENTED","0"
"6ef1ad72-cb09-42e1-869d-a2be0a63bb00","elena-y4-modern-assist-l","elena","draft","unverified","GAME_VERIFICATION_REQUIRED","VERIFICATION_STATUS_NOT_VERIFIED","CURRENT_GAME_REPRODUCTION_NOT_DOCUMENTED","0"
"6f5e9ffe-c2e6-47a2-b676-481ea9661d9a","alex-y4-reversal-punish","alex","draft","unverified","GAME_VERIFICATION_REQUIRED","VERIFICATION_STATUS_NOT_VERIFIED","CURRENT_GAME_REPRODUCTION_NOT_DOCUMENTED","0"
"7009a6dd-b24e-4624-afd2-cae215efa0c8","elena-y4-aa-lwheel","elena","draft","unverified","GAME_VERIFICATION_REQUIRED","VERIFICATION_STATUS_NOT_VERIFIED","CURRENT_GAME_REPRODUCTION_NOT_DOCUMENTED","0"
"701350aa-6a6a-4e91-af74-b85f17502dab","dee-jay-pc-heavy","dee-jay","archived","unverified","HOLD","ARCHIVED_RECORD","PLACEHOLDER_RECIPE|NOTES_CONFLICT|VERIFICATION_STATUS_NOT_VERIFIED|CURRENT_GAME_REPRODUCTION_NOT_DOCUMENTED|SOURCE_NOT_READY","0"
"704d2e59-85b6-4cbc-b5a3-2ef523907ad9","ingrid-y4-4mk-pc","ingrid","draft","unverified","GAME_VERIFICATION_REQUIRED","VERIFICATION_STATUS_NOT_VERIFIED","CURRENT_GAME_REPRODUCTION_NOT_DOCUMENTED","0"
"705f3963-e730-46d1-bc00-5b5399561eef","kim-modern-dr-low","kimberly","draft","unverified","GAME_VERIFICATION_REQUIRED","VERIFICATION_STATUS_NOT_VERIFIED","CURRENT_GAME_REPRODUCTION_NOT_DOCUMENTED","0"
"70e018ca-d682-4ab1-ab14-89aac7c8abf1","zangief-resource","zangief","archived","unverified","HOLD","ARCHIVED_RECORD","PLACEHOLDER_RECIPE|NOTES_CONFLICT|VERIFICATION_STATUS_NOT_VERIFIED|CURRENT_GAME_REPRODUCTION_NOT_DOCUMENTED|SOURCE_NOT_READY","0"
"711c8465-1ed5-471e-bd3e-00b8dc4409a8","ryu-y3-gosho-cmp-mtatsu","ryu","draft","unverified","GAME_VERIFICATION_REQUIRED","VERIFICATION_STATUS_NOT_VERIFIED","CURRENT_GAME_REPRODUCTION_NOT_DOCUMENTED","0"
"71638eb4-d13c-4c8e-ad7c-0e539cc8ac8d","honda-modern-mp","e-honda","draft","unverified","GAME_VERIFICATION_REQUIRED","VERIFICATION_STATUS_NOT_VERIFIED","CURRENT_GAME_REPRODUCTION_NOT_DOCUMENTED","0"
"7163a675-beca-4d19-ab66-aecf9d9847a0","terry-y4-5lk-pc-mburn","terry","draft","unverified","GAME_VERIFICATION_REQUIRED","VERIFICATION_STATUS_NOT_VERIFIED","CURRENT_GAME_REPRODUCTION_NOT_DOCUMENTED","0"
"719f23e4-6646-4ecd-b6a7-5fe3046c2fc6","jp-canon-di-wall-2960","jp","draft","reviewed","GAME_VERIFICATION_REQUIRED","VERIFICATION_STATUS_NOT_VERIFIED","CURRENT_GAME_REPRODUCTION_NOT_DOCUMENTED","0"
"71a2900b-dd28-4773-8683-9f19b7c56559","lily-y4-modern-assist-light-tomahawk","lily","draft","unverified","GAME_VERIFICATION_REQUIRED","VERIFICATION_STATUS_NOT_VERIFIED","CURRENT_GAME_REPRODUCTION_NOT_DOCUMENTED","0"
"71a4ef21-3c03-4c40-8291-5394c04716ee","lily-y4-wind-light-tomahawk-sweep","lily","draft","unverified","GAME_VERIFICATION_REQUIRED","VERIFICATION_STATUS_NOT_VERIFIED","CURRENT_GAME_REPRODUCTION_NOT_DOCUMENTED","0"
"71c25d95-c9b2-4dbb-8c96-7ba0a13b8944","ingrid-y4-lights-sa1","ingrid","draft","unverified","GAME_VERIFICATION_REQUIRED","VERIFICATION_STATUS_NOT_VERIFIED","CURRENT_GAME_REPRODUCTION_NOT_DOCUMENTED","0"
"71ec65c8-ecb6-47bc-bdb6-9821d7f0d822","alex-y4-mp-maxe-stance","alex","draft","unverified","GAME_VERIFICATION_REQUIRED","VERIFICATION_STATUS_NOT_VERIFIED","CURRENT_GAME_REPRODUCTION_NOT_DOCUMENTED","0"
"72127a45-b338-4722-99de-4aedb751ee13","deejay-modern-dr-m-assist-l","dee-jay","draft","unverified","GAME_VERIFICATION_REQUIRED","VERIFICATION_STATUS_NOT_VERIFIED","CURRENT_GAME_REPRODUCTION_NOT_DOCUMENTED","0"
"721c1fb7-bb1e-4626-b60e-5f87166ed24c","ed-y4-flicker-pc-dr-medium","ed","draft","unverified","GAME_VERIFICATION_REQUIRED","VERIFICATION_STATUS_NOT_VERIFIED","CURRENT_GAME_REPRODUCTION_NOT_DOCUMENTED","0"
"723133e2-8756-43e7-9e14-315f9f6d85ff","ken-y4-5mp-ch","ken","draft","unverified","GAME_VERIFICATION_REQUIRED","VERIFICATION_STATUS_NOT_VERIFIED","CURRENT_GAME_REPRODUCTION_NOT_DOCUMENTED","0"
"725fee24-4160-4cfe-b0b3-5cb095c505e5","ed-y4-modern-assisth","ed","draft","unverified","GAME_VERIFICATION_REQUIRED","VERIFICATION_STATUS_NOT_VERIFIED","CURRENT_GAME_REPRODUCTION_NOT_DOCUMENTED","0"
"72b24888-4ceb-45bc-9b45-7d9e3cdd3903","bison-y4-aa-lpsycho","m-bison","draft","unverified","GAME_VERIFICATION_REQUIRED","VERIFICATION_STATUS_NOT_VERIFIED","CURRENT_GAME_REPRODUCTION_NOT_DOCUMENTED","0"
"72c08260-c7b6-42be-aa20-03086dee4921","ryu-modern-hasho-corner-dp","ryu","draft","unverified","GAME_VERIFICATION_REQUIRED","VERIFICATION_STATUS_NOT_VERIFIED","CURRENT_GAME_REPRODUCTION_NOT_DOCUMENTED","0"
"73385a03-6a73-4072-a8c2-a28f2d66aa1e","jamie-legacy-drink0-light-rekka","jamie","draft","unverified","GAME_VERIFICATION_REQUIRED","NOTES_CONFLICT","VERIFICATION_STATUS_NOT_VERIFIED|CURRENT_GAME_REPRODUCTION_NOT_DOCUMENTED","0"
"73a3b6aa-10ef-4a31-a942-478207746f58","mai-y4-drev-punish","mai","draft","unverified","GAME_VERIFICATION_REQUIRED","VERIFICATION_STATUS_NOT_VERIFIED","CURRENT_GAME_REPRODUCTION_NOT_DOCUMENTED","0"
"73a78d8c-eea8-40f7-be9a-92f79b149d27","akuma-y4-stun-basic","akuma","draft","unverified","GAME_VERIFICATION_REQUIRED","VERIFICATION_STATUS_NOT_VERIFIED","CURRENT_GAME_REPRODUCTION_NOT_DOCUMENTED","0"
"73c847cd-5933-479c-b153-3f9f34e5c274","yasmine-y4-modern-assist-m","yasmine","draft","unverified","GAME_VERIFICATION_REQUIRED","VERIFICATION_STATUS_NOT_VERIFIED","CURRENT_GAME_REPRODUCTION_NOT_DOCUMENTED","0"
"74267597-bc17-46d7-b8ad-a0ec1a0c14d6","luke-y4-modern-suppressor-pc-amp-ddt","luke","draft","reviewed","GAME_VERIFICATION_REQUIRED","VERIFICATION_STATUS_NOT_VERIFIED","CURRENT_GAME_REPRODUCTION_NOT_DOCUMENTED","0"
"746fb273-abba-43e6-b3c6-da9ac4f472cb","kimberly-phase13-20260827-10","kimberly","archived","unverified","HOLD","ARCHIVED_RECORD","PLACEHOLDER_RECIPE|NOTES_CONFLICT|VERIFICATION_STATUS_NOT_VERIFIED|CURRENT_GAME_REPRODUCTION_NOT_DOCUMENTED|DUPLICATE_CANDIDATE_ONLY","9"
"7491fc73-6b8d-4a20-ba54-ff589a266a7d","sagat-y4-lights-lupper","sagat","draft","unverified","GAME_VERIFICATION_REQUIRED","VERIFICATION_STATUS_NOT_VERIFIED","CURRENT_GAME_REPRODUCTION_NOT_DOCUMENTED","0"
"750219a1-6bd5-4ccf-99f7-b0ff5b0db80b","m-bison-phase13-candidate-combo-05","m-bison","archived","unverified","HOLD","ARCHIVED_RECORD","PLACEHOLDER_RECIPE|NOTES_CONFLICT|VERIFICATION_STATUS_NOT_VERIFIED|CURRENT_GAME_REPRODUCTION_NOT_DOCUMENTED|SOURCE_NOT_READY|DUPLICATE_CANDIDATE_ONLY","9"
"7524360e-51a7-4aae-aa51-4abdae955015","ryu-y3-pc-hk-charge","ryu","draft","unverified","GAME_VERIFICATION_REQUIRED","VERIFICATION_STATUS_NOT_VERIFIED","CURRENT_GAME_REPRODUCTION_NOT_DOCUMENTED","0"
"7550e7eb-a46c-4d20-8b44-69c46d2b8e9c","alex-y4-modern-aa","alex","draft","unverified","GAME_VERIFICATION_REQUIRED","VERIFICATION_STATUS_NOT_VERIFIED","CURRENT_GAME_REPRODUCTION_NOT_DOCUMENTED","0"
"759a66ff-92f4-4666-bf3e-f1e3322f6e17","luke-y4-corner-dr-bhk-pc-hk-ddt","luke","draft","reviewed","GAME_VERIFICATION_REQUIRED","VERIFICATION_STATUS_NOT_VERIFIED","CURRENT_GAME_REPRODUCTION_NOT_DOCUMENTED","0"
"759b67ff-695d-4f5e-88db-78af283162f0","chun-written-dr-low-stance-lk","chun-li","draft","unverified","GAME_VERIFICATION_REQUIRED","VERIFICATION_STATUS_NOT_VERIFIED","CURRENT_GAME_REPRODUCTION_NOT_DOCUMENTED","0"
"75b5d588-c02d-40a8-9de1-10af703157f1","e-honda-sa3","e-honda","archived","unverified","HOLD","ARCHIVED_RECORD","PLACEHOLDER_RECIPE|NOTES_CONFLICT|VERIFICATION_STATUS_NOT_VERIFIED|CURRENT_GAME_REPRODUCTION_NOT_DOCUMENTED|SOURCE_NOT_READY","0"
"75d52788-c951-4684-84f3-6c604491f84d","luke-y4-hk-meaty-cmp-ddt","luke","draft","reviewed","GAME_VERIFICATION_REQUIRED","VERIFICATION_STATUS_NOT_VERIFIED","CURRENT_GAME_REPRODUCTION_NOT_DOCUMENTED","0"
"761436b4-3502-46e0-86f8-0575771a9ec8","ken-modern-stun-sa3","ken","draft","unverified","GAME_VERIFICATION_REQUIRED","VERIFICATION_STATUS_NOT_VERIFIED","CURRENT_GAME_REPRODUCTION_NOT_DOCUMENTED","0"
"765c6f6b-c7cc-4ed0-87b6-338a83797b8b","blanka-cdr-2mp-sa1","blanka","draft","unverified","GAME_VERIFICATION_REQUIRED","VERIFICATION_STATUS_NOT_VERIFIED","CURRENT_GAME_REPRODUCTION_NOT_DOCUMENTED","0"
"76d6ec41-53f0-4170-ac63-25392e4b5569","marisa-sa1","marisa","archived","unverified","HOLD","ARCHIVED_RECORD","PLACEHOLDER_RECIPE|NOTES_CONFLICT|VERIFICATION_STATUS_NOT_VERIFIED|CURRENT_GAME_REPRODUCTION_NOT_DOCUMENTED|SOURCE_NOT_READY|DUPLICATE_CANDIDATE_ONLY","1"
"77144086-8ff1-4498-913f-62e77693a2c5","bison-y4-dr-6hp-2mp","m-bison","draft","unverified","GAME_VERIFICATION_REQUIRED","VERIFICATION_STATUS_NOT_VERIFIED","CURRENT_GAME_REPRODUCTION_NOT_DOCUMENTED","0"
"773f6a1b-9fc3-4b2c-bf17-1f40483c16bb","ryu-y3-crmk-corner-meaty-mp","ryu","draft","unverified","GAME_VERIFICATION_REQUIRED","VERIFICATION_STATUS_NOT_VERIFIED","CURRENT_GAME_REPRODUCTION_NOT_DOCUMENTED","0"
"774fcdbc-ac92-4728-89bd-aa031b2d1b58","elena-y4-2mp-cdr-mk-hp","elena","draft","unverified","GAME_VERIFICATION_REQUIRED","VERIFICATION_STATUS_NOT_VERIFIED","CURRENT_GAME_REPRODUCTION_NOT_DOCUMENTED","0"
"7751f4ad-c750-439d-8b22-8c0539238a3b","yasmine-phase13-corner-carry","yasmine","archived","unverified","HOLD","ARCHIVED_RECORD","PLACEHOLDER_RECIPE|NOTES_CONFLICT|VERIFICATION_STATUS_NOT_VERIFIED|CURRENT_GAME_REPRODUCTION_NOT_DOCUMENTED|SOURCE_NOT_READY|DUPLICATE_CANDIDATE_ONLY","9"
"7764dd8b-6012-4299-ae8c-cb3f4d4642ad","manon-corner-od","manon","draft","unverified","GAME_VERIFICATION_REQUIRED","VERIFICATION_STATUS_NOT_VERIFIED","CURRENT_GAME_REPRODUCTION_NOT_DOCUMENTED","0"
"777085d7-d24d-47a6-bc2b-19d233a71489","rashid-y4-modern-pc-heavy","rashid","draft","unverified","GAME_VERIFICATION_REQUIRED","VERIFICATION_STATUS_NOT_VERIFIED","CURRENT_GAME_REPRODUCTION_NOT_DOCUMENTED","0"
"77ab0340-48b7-4985-abc6-3f2230565c89","sagat-y4-modern-assist-m","sagat","draft","unverified","GAME_VERIFICATION_REQUIRED","VERIFICATION_STATUS_NOT_VERIFIED","CURRENT_GAME_REPRODUCTION_NOT_DOCUMENTED","0"
"77f93ded-388e-45a4-aad9-391155961d46","ryu-y3-rush-low-donkey","ryu","draft","unverified","GAME_VERIFICATION_REQUIRED","VERIFICATION_STATUS_NOT_VERIFIED","CURRENT_GAME_REPRODUCTION_NOT_DOCUMENTED","0"
"7812eab2-6764-437a-b7b3-e7edce06dd7a","deejay-light-sobat","dee-jay","draft","unverified","GAME_VERIFICATION_REQUIRED","VERIFICATION_STATUS_NOT_VERIFIED","CURRENT_GAME_REPRODUCTION_NOT_DOCUMENTED","0"
"781b850d-14a3-4be3-9ad0-9abbf600187e","ryu-y4-pc-5hp-max-sa3","ryu","draft","reviewed","GAME_VERIFICATION_REQUIRED","VERIFICATION_STATUS_NOT_VERIFIED","CURRENT_GAME_REPRODUCTION_NOT_DOCUMENTED","0"
"785f3b02-2a6e-42eb-b006-5e71f58a74e2","alex-y4-2hp-stance-carry","alex","draft","unverified","GAME_VERIFICATION_REQUIRED","VERIFICATION_STATUS_NOT_VERIFIED","CURRENT_GAME_REPRODUCTION_NOT_DOCUMENTED","0"
"78967d7b-2989-4647-a109-e2778c26b02b","yasmine-y4-2mp-hdaloy","yasmine","draft","unverified","GAME_VERIFICATION_REQUIRED","VERIFICATION_STATUS_NOT_VERIFIED","CURRENT_GAME_REPRODUCTION_NOT_DOCUMENTED","0"
"78a5ad6e-64cf-489c-80c4-cbb60b21d8b5","sagat-y4-corner-2hp-odshot","sagat","draft","unverified","GAME_VERIFICATION_REQUIRED","VERIFICATION_STATUS_NOT_VERIFIED","CURRENT_GAME_REPRODUCTION_NOT_DOCUMENTED","0"
"78e62538-a9ad-4fe0-893e-41301c6213f0","ed-y4-modern-assistm","ed","draft","unverified","GAME_VERIFICATION_REQUIRED","VERIFICATION_STATUS_NOT_VERIFIED","CURRENT_GAME_REPRODUCTION_NOT_DOCUMENTED","0"
"7934e10f-88eb-4bc0-a5bd-14726a4fc101","zangief-y4-dr-2lp-ch-2hk","zangief","draft","unverified","GAME_VERIFICATION_REQUIRED","VERIFICATION_STATUS_NOT_VERIFIED","CURRENT_GAME_REPRODUCTION_NOT_DOCUMENTED","0"
"7938c1a3-bcf0-489a-8f43-dedb0a9fa4aa","elena-phase13-corner","elena","archived","unverified","HOLD","ARCHIVED_RECORD","PLACEHOLDER_RECIPE|NOTES_CONFLICT|VERIFICATION_STATUS_NOT_VERIFIED|CURRENT_GAME_REPRODUCTION_NOT_DOCUMENTED|SOURCE_NOT_READY|DUPLICATE_CANDIDATE_ONLY","9"
"7948ba2b-8577-480f-af4b-50b55ad16e60","ryu-y3-senpu-air-tatsu-overhead","ryu","draft","unverified","GAME_VERIFICATION_REQUIRED","VERIFICATION_STATUS_NOT_VERIFIED","CURRENT_GAME_REPRODUCTION_NOT_DOCUMENTED","0"
"797eda8e-1075-4547-830e-11d4037e1d8c","jp-dr-mk-sa3","jp","draft","reviewed","GAME_VERIFICATION_REQUIRED","VERIFICATION_STATUS_NOT_VERIFIED","CURRENT_GAME_REPRODUCTION_NOT_DOCUMENTED","0"
"79a36cef-62ab-4b96-bb58-4c787a688d4f","ed-y4-di-target-hblitz","ed","draft","unverified","GAME_VERIFICATION_REQUIRED","VERIFICATION_STATUS_NOT_VERIFIED","CURRENT_GAME_REPRODUCTION_NOT_DOCUMENTED","0"
"79aeaced-58ef-44e6-819d-204809f673cb","lily-y4-wall-4hp-hwind","lily","draft","unverified","GAME_VERIFICATION_REQUIRED","VERIFICATION_STATUS_NOT_VERIFIED","CURRENT_GAME_REPRODUCTION_NOT_DOCUMENTED","0"
"79b33f97-77bb-4ff1-b327-d62c7b8df3fc","lily-y4-2mk-od-wind-sa2","lily","draft","unverified","GAME_VERIFICATION_REQUIRED","VERIFICATION_STATUS_NOT_VERIFIED","CURRENT_GAME_REPRODUCTION_NOT_DOCUMENTED","0"
"7a72f9cc-bc21-48a0-acc4-3644fa32edb8","ryu-y4-crmk-drc-hhasho-mtatsu","ryu","draft","reviewed","GAME_VERIFICATION_REQUIRED","VERIFICATION_STATUS_NOT_VERIFIED","CURRENT_GAME_REPRODUCTION_NOT_DOCUMENTED","0"
"7ac4bde8-6e23-494d-ac6c-ae04e7735c42","viper-y4-dr-overhead","c-viper","draft","unverified","GAME_VERIFICATION_REQUIRED","VERIFICATION_STATUS_NOT_VERIFIED","CURRENT_GAME_REPRODUCTION_NOT_DOCUMENTED","0"
"7afc0c6b-d76a-4097-9099-95b3fce1471a","juri-modern-dr-m","juri","draft","unverified","GAME_VERIFICATION_REQUIRED","VERIFICATION_STATUS_NOT_VERIFIED","CURRENT_GAME_REPRODUCTION_NOT_DOCUMENTED","0"
"7b0095e2-9e0e-467c-8f7a-5dca178d8568","ken-y4-di-clean","ken","draft","unverified","GAME_VERIFICATION_REQUIRED","VERIFICATION_STATUS_NOT_VERIFIED","CURRENT_GAME_REPRODUCTION_NOT_DOCUMENTED","0"
"7b111f01-4439-4ad0-b056-b783e967b402","zangief-y4-di-jhp-dr-stab","zangief","draft","unverified","GAME_VERIFICATION_REQUIRED","VERIFICATION_STATUS_NOT_VERIFIED","CURRENT_GAME_REPRODUCTION_NOT_DOCUMENTED","0"
"7bf5f0c7-3a2e-4369-a6e9-1a759912c36f","aki-y4-dr-2mk-hk-chain","aki","draft","unverified","GAME_VERIFICATION_REQUIRED","VERIFICATION_STATUS_NOT_VERIFIED","CURRENT_GAME_REPRODUCTION_NOT_DOCUMENTED","0"
"7c069eef-9378-41fd-9bda-e8ba47d77a8a","guile-written-2mp-cdr-summer","guile","draft","unverified","GAME_VERIFICATION_REQUIRED","VERIFICATION_STATUS_NOT_VERIFIED","CURRENT_GAME_REPRODUCTION_NOT_DOCUMENTED","0"
"7c212dd8-5b3c-4767-93f1-ff5be32386d2","lily-pc-heavy","lily","archived","unverified","HOLD","ARCHIVED_RECORD","PLACEHOLDER_RECIPE|NOTES_CONFLICT|VERIFICATION_STATUS_NOT_VERIFIED|CURRENT_GAME_REPRODUCTION_NOT_DOCUMENTED|SOURCE_NOT_READY","0"
"7c3aada5-84b3-4611-9e49-c9edb51317d5","zangief-y4-punish-6hk-lariat","zangief","draft","unverified","GAME_VERIFICATION_REQUIRED","VERIFICATION_STATUS_NOT_VERIFIED","CURRENT_GAME_REPRODUCTION_NOT_DOCUMENTED","0"
"7c4d1c5b-7d3e-49c6-b551-4cc285c1c0a2","sagat-y4-5mp-pc-corner","sagat","draft","unverified","GAME_VERIFICATION_REQUIRED","VERIFICATION_STATUS_NOT_VERIFIED","CURRENT_GAME_REPRODUCTION_NOT_DOCUMENTED","0"
"7c65cbab-58cc-49c6-9df3-8b90a5d51e3b","guile-modern-light-dr-gauge","guile","draft","unverified","GAME_VERIFICATION_REQUIRED","VERIFICATION_STATUS_NOT_VERIFIED","CURRENT_GAME_REPRODUCTION_NOT_DOCUMENTED","0"
"7c80dc65-5ef7-4fce-9ce4-a090006fd68b","deejay-pc-tip-jack","dee-jay","draft","unverified","GAME_VERIFICATION_REQUIRED","VERIFICATION_STATUS_NOT_VERIFIED","CURRENT_GAME_REPRODUCTION_NOT_DOCUMENTED","0"
"7d1b0251-c6a2-4b2d-8e80-a988d8ad2652","kim-y4-dr-slide-sa3","kimberly","draft","unverified","GAME_VERIFICATION_REQUIRED","VERIFICATION_STATUS_NOT_VERIFIED","CURRENT_GAME_REPRODUCTION_NOT_DOCUMENTED","0"
"7d7bedf3-d48b-49b6-962a-52069d078e9f","elena-y4-6hp-target","elena","draft","unverified","GAME_VERIFICATION_REQUIRED","VERIFICATION_STATUS_NOT_VERIFIED","CURRENT_GAME_REPRODUCTION_NOT_DOCUMENTED","0"
"7da96698-3586-455c-a55c-59d9954ff6f3","ryu-y3-odtatsu-dr-mp-mhasho-hdp","ryu","draft","unverified","GAME_VERIFICATION_REQUIRED","VERIFICATION_STATUS_NOT_VERIFIED","CURRENT_GAME_REPRODUCTION_NOT_DOCUMENTED","0"
"7dc78f86-2e76-42c4-8a07-b09e7231a169","chun-li-20260803-od-hazanshu-pc","chun-li","draft","reviewed","GAME_VERIFICATION_REQUIRED","NOTES_CONFLICT","VERIFICATION_STATUS_NOT_VERIFIED|CURRENT_GAME_REPRODUCTION_NOT_DOCUMENTED","0"
"7dd293c8-19b1-4c3b-898a-abe46a887d5a","honda-2mp-cdr-butt","e-honda","draft","unverified","GAME_VERIFICATION_REQUIRED","VERIFICATION_STATUS_NOT_VERIFIED","CURRENT_GAME_REPRODUCTION_NOT_DOCUMENTED","0"
"7dec2dae-8cfb-4ffc-ad73-eccd6baeef62","cammy-phase13-candidate-combo-04","cammy","archived","unverified","HOLD","ARCHIVED_RECORD","PLACEHOLDER_RECIPE|NOTES_CONFLICT|VERIFICATION_STATUS_NOT_VERIFIED|CURRENT_GAME_REPRODUCTION_NOT_DOCUMENTED|SOURCE_NOT_READY|DUPLICATE_CANDIDATE_ONLY","9"
"7e1b828e-2e6a-4e1c-b7e3-d1c9926d6aa9","honda-di-pc-cannon-butt","e-honda","draft","unverified","GAME_VERIFICATION_REQUIRED","VERIFICATION_STATUS_NOT_VERIFIED","CURRENT_GAME_REPRODUCTION_NOT_DOCUMENTED","0"
"7e447da3-f9b2-438b-9296-4cb791fabb0b","cammy-y4-2hp-2mp-harrow","cammy","draft","unverified","GAME_VERIFICATION_REQUIRED","VERIFICATION_STATUS_NOT_VERIFIED","CURRENT_GAME_REPRODUCTION_NOT_DOCUMENTED","0"
"7e640de7-817f-41fd-9ba3-bf373078ddca","akuma-y4-5lp-ltatsu-sweep","akuma","draft","unverified","GAME_VERIFICATION_REQUIRED","VERIFICATION_STATUS_NOT_VERIFIED","CURRENT_GAME_REPRODUCTION_NOT_DOCUMENTED","0"
"7e6eb06f-b33a-4347-be76-567e3df6634d","zangief-y4-2lk-lp-od-lariat","zangief","draft","unverified","GAME_VERIFICATION_REQUIRED","VERIFICATION_STATUS_NOT_VERIFIED","CURRENT_GAME_REPRODUCTION_NOT_DOCUMENTED","0"
"7e9d2aa1-f423-4170-b268-56395256b61d","juri-y4-dr-overhead","juri","draft","unverified","GAME_VERIFICATION_REQUIRED","VERIFICATION_STATUS_NOT_VERIFIED","CURRENT_GAME_REPRODUCTION_NOT_DOCUMENTED","0"
"7ea06b67-7b95-4481-9f96-d9f2859143c5","manon-medium-confirm","manon","archived","unverified","HOLD","ARCHIVED_RECORD","PLACEHOLDER_RECIPE|NOTES_CONFLICT|VERIFICATION_STATUS_NOT_VERIFIED|CURRENT_GAME_REPRODUCTION_NOT_DOCUMENTED|SOURCE_NOT_READY","0"
"7eaa18c1-8046-4f3a-a621-0f0d0e163c70","mai-y4-mp-odshinobi-air","mai","draft","unverified","GAME_VERIFICATION_REQUIRED","VERIFICATION_STATUS_NOT_VERIFIED","CURRENT_GAME_REPRODUCTION_NOT_DOCUMENTED","0"
"7ed8d4e6-6774-4b7b-9ce0-647af691370d","ryu-y3-pc-corner-odhasho-mdp","ryu","draft","unverified","GAME_VERIFICATION_REQUIRED","VERIFICATION_STATUS_NOT_VERIFIED","CURRENT_GAME_REPRODUCTION_NOT_DOCUMENTED","0"
"7f6963f3-b3dd-4e6a-ad92-3ce64d06da78","jamie-phase13-20260827-9","jamie","archived","unverified","HOLD","ARCHIVED_RECORD","PLACEHOLDER_RECIPE|NOTES_CONFLICT|VERIFICATION_STATUS_NOT_VERIFIED|CURRENT_GAME_REPRODUCTION_NOT_DOCUMENTED|DUPLICATE_CANDIDATE_ONLY","9"
"7fc3c28b-ef06-4b33-9852-270dd269bff6","terry-y4-aa-5mp-dunk","terry","draft","unverified","GAME_VERIFICATION_REQUIRED","VERIFICATION_STATUS_NOT_VERIFIED","CURRENT_GAME_REPRODUCTION_NOT_DOCUMENTED","0"
"7fe981b9-6015-49d2-8cb8-b9e9a6576900","dhalsim-od-flame-sa1","dhalsim","draft","unverified","GAME_VERIFICATION_REQUIRED","VERIFICATION_STATUS_NOT_VERIFIED","CURRENT_GAME_REPRODUCTION_NOT_DOCUMENTED","0"
"80226fc3-e17c-4cda-a8c6-8965830cc4bb","blanka-sa2-od-airball","blanka","draft","unverified","GAME_VERIFICATION_REQUIRED","VERIFICATION_STATUS_NOT_VERIFIED","CURRENT_GAME_REPRODUCTION_NOT_DOCUMENTED","0"
"802349bf-1c3e-4e10-abba-9218720344b2","dee-jay-corner","dee-jay","archived","unverified","HOLD","ARCHIVED_RECORD","PLACEHOLDER_RECIPE|NOTES_CONFLICT|VERIFICATION_STATUS_NOT_VERIFIED|CURRENT_GAME_REPRODUCTION_NOT_DOCUMENTED|SOURCE_NOT_READY","0"
"804084fb-9c10-4620-9315-cc6c77cf7793","manon-di","manon","draft","unverified","GAME_VERIFICATION_REQUIRED","VERIFICATION_STATUS_NOT_VERIFIED","CURRENT_GAME_REPRODUCTION_NOT_DOCUMENTED","0"
"805cb6ab-8e69-4d78-bf73-b9f2d65f9491","akuma-y4-air-mp-odfireball","akuma","draft","unverified","GAME_VERIFICATION_REQUIRED","VERIFICATION_STATUS_NOT_VERIFIED","CURRENT_GAME_REPRODUCTION_NOT_DOCUMENTED","0"
"8073e114-6ade-42db-9707-8507878e1a4f","ryu-y3-pc-corner-donkey-max","ryu","draft","unverified","GAME_VERIFICATION_REQUIRED","VERIFICATION_STATUS_NOT_VERIFIED","CURRENT_GAME_REPRODUCTION_NOT_DOCUMENTED","0"
"807a32e8-525f-4577-b489-ff3d84089258","alex-y4-chop-oblique","alex","draft","unverified","GAME_VERIFICATION_REQUIRED","VERIFICATION_STATUS_NOT_VERIFIED","CURRENT_GAME_REPRODUCTION_NOT_DOCUMENTED","0"
"80ac9d6e-fbea-4f92-9c09-278e60c181e9","alex-y4-modern-assist-l","alex","draft","unverified","GAME_VERIFICATION_REQUIRED","VERIFICATION_STATUS_NOT_VERIFIED","CURRENT_GAME_REPRODUCTION_NOT_DOCUMENTED","0"
"80ad17d1-e532-4db5-9d27-35642c6d6d74","sagat-y4-light-nexus-might","sagat","draft","unverified","GAME_VERIFICATION_REQUIRED","VERIFICATION_STATUS_NOT_VERIFIED","CURRENT_GAME_REPRODUCTION_NOT_DOCUMENTED","0"
"80c9ec5d-3595-4d05-8f9e-45e7103cabc9","ingrid-y4-lights-sa3","ingrid","draft","unverified","GAME_VERIFICATION_REQUIRED","VERIFICATION_STATUS_NOT_VERIFIED","CURRENT_GAME_REPRODUCTION_NOT_DOCUMENTED","0"
"80e69373-ade3-4ef0-bda9-762236b9e213","ed-y4-wall-odflicker-hflicker","ed","draft","unverified","GAME_VERIFICATION_REQUIRED","VERIFICATION_STATUS_NOT_VERIFIED","CURRENT_GAME_REPRODUCTION_NOT_DOCUMENTED","0"
"811f0333-807b-424c-ac24-727af8e4feba","kimberly-phase13-20260827-5","kimberly","archived","unverified","HOLD","ARCHIVED_RECORD","PLACEHOLDER_RECIPE|NOTES_CONFLICT|VERIFICATION_STATUS_NOT_VERIFIED|CURRENT_GAME_REPRODUCTION_NOT_DOCUMENTED|DUPLICATE_CANDIDATE_ONLY","9"
"812082c0-78f6-4064-858f-50b4c7d7a28c","sagat-phase13-corner","sagat","archived","unverified","HOLD","ARCHIVED_RECORD","PLACEHOLDER_RECIPE|NOTES_CONFLICT|VERIFICATION_STATUS_NOT_VERIFIED|CURRENT_GAME_REPRODUCTION_NOT_DOCUMENTED|SOURCE_NOT_READY|DUPLICATE_CANDIDATE_ONLY","9"
"812a4b9d-4cbc-4e9b-a8eb-57ef9ae5d734","lily-y4-drev-punish-throw","lily","draft","unverified","GAME_VERIFICATION_REQUIRED","VERIFICATION_STATUS_NOT_VERIFIED","CURRENT_GAME_REPRODUCTION_NOT_DOCUMENTED","0"
"812a6838-9baa-4443-b847-b243fa3507e4","rashid-phase13-candidate-combo-05","rashid","archived","unverified","HOLD","ARCHIVED_RECORD","PLACEHOLDER_RECIPE|NOTES_CONFLICT|VERIFICATION_STATUS_NOT_VERIFIED|CURRENT_GAME_REPRODUCTION_NOT_DOCUMENTED|SOURCE_NOT_READY|DUPLICATE_CANDIDATE_ONLY","9"
"81335acb-cfb3-4f7b-96c5-18d9b685e717","chun-written-5mp-2mp-odsbk","chun-li","draft","unverified","GAME_VERIFICATION_REQUIRED","VERIFICATION_STATUS_NOT_VERIFIED","CURRENT_GAME_REPRODUCTION_NOT_DOCUMENTED","0"
"814513c9-150c-4679-b8d4-ab58b837f3a7","kim-y4-2mp-tc-run","kimberly","draft","unverified","GAME_VERIFICATION_REQUIRED","VERIFICATION_STATUS_NOT_VERIFIED","CURRENT_GAME_REPRODUCTION_NOT_DOCUMENTED","0"
"81599f46-07a6-44f6-bf62-ee1c32e3e6b3","jamie-20260803-light-freeflow","jamie","draft","reviewed","GAME_VERIFICATION_REQUIRED","NOTES_CONFLICT","VERIFICATION_STATUS_NOT_VERIFIED|CURRENT_GAME_REPRODUCTION_NOT_DOCUMENTED","0"
"81885a51-1b61-409a-afc0-30368ba3e353","blanka-sa2-od-electric","blanka","draft","unverified","GAME_VERIFICATION_REQUIRED","VERIFICATION_STATUS_NOT_VERIFIED","CURRENT_GAME_REPRODUCTION_NOT_DOCUMENTED","0"
"81b430dc-ee22-4637-b7f0-da4d6840594e","deejay-2hp-pc-sa3","dee-jay","draft","unverified","GAME_VERIFICATION_REQUIRED","VERIFICATION_STATUS_NOT_VERIFIED","CURRENT_GAME_REPRODUCTION_NOT_DOCUMENTED","0"
"8247cd4e-a291-4c82-8f93-069009ba58f3","cammy-y4-modern-di-corner","cammy","draft","unverified","GAME_VERIFICATION_REQUIRED","VERIFICATION_STATUS_NOT_VERIFIED","CURRENT_GAME_REPRODUCTION_NOT_DOCUMENTED","0"
"8263716b-931d-4f0f-8cdb-4e9f8c7d77dc","deejay-modern-light-jack","dee-jay","draft","unverified","GAME_VERIFICATION_REQUIRED","VERIFICATION_STATUS_NOT_VERIFIED","CURRENT_GAME_REPRODUCTION_NOT_DOCUMENTED","0"
"8272e0ce-b95b-4a7c-a7b4-5453bb2b711d","mai-y4-stun-basic","mai","draft","unverified","GAME_VERIFICATION_REQUIRED","VERIFICATION_STATUS_NOT_VERIFIED","CURRENT_GAME_REPRODUCTION_NOT_DOCUMENTED","0"
"8279ad32-3318-4df6-9108-513756578e56","lily-y4-2hp-double-cdr-sa3","lily","draft","unverified","GAME_VERIFICATION_REQUIRED","VERIFICATION_STATUS_NOT_VERIFIED","CURRENT_GAME_REPRODUCTION_NOT_DOCUMENTED","0"
"829c8016-93e5-4de1-a1ad-fdb074f3a091","jamie-20260803-corner-di-wall","jamie","draft","reviewed","GAME_VERIFICATION_REQUIRED","VERIFICATION_STATUS_NOT_VERIFIED","CURRENT_GAME_REPRODUCTION_NOT_DOCUMENTED","0"
"82ec8eb4-dee9-4ca8-a044-32328c66a256","ingrid-y4-modern-assist-h","ingrid","draft","unverified","GAME_VERIFICATION_REQUIRED","VERIFICATION_STATUS_NOT_VERIFIED","CURRENT_GAME_REPRODUCTION_NOT_DOCUMENTED","0"
"83232c4d-cd7c-4632-b072-274521d70a13","aki-phase13-candidate-combo-07","aki","archived","unverified","HOLD","ARCHIVED_RECORD","PLACEHOLDER_RECIPE|NOTES_CONFLICT|VERIFICATION_STATUS_NOT_VERIFIED|CURRENT_GAME_REPRODUCTION_NOT_DOCUMENTED|SOURCE_NOT_READY|DUPLICATE_CANDIDATE_ONLY","9"
"833ee038-aeb8-4954-8f78-49ddd3f06011","zangief-y4-dr-2mk-od-lariat","zangief","draft","unverified","GAME_VERIFICATION_REQUIRED","VERIFICATION_STATUS_NOT_VERIFIED","CURRENT_GAME_REPRODUCTION_NOT_DOCUMENTED","0"
"83572bf5-c5ca-4283-8feb-4e6f2ee34393","sagat-y4-modern-assist-l","sagat","draft","unverified","GAME_VERIFICATION_REQUIRED","VERIFICATION_STATUS_NOT_VERIFIED","CURRENT_GAME_REPRODUCTION_NOT_DOCUMENTED","0"
"8363543b-2a01-48d9-9e0b-a09f1825621d","yasmine-y4-lights-mdaloy","yasmine","draft","unverified","GAME_VERIFICATION_REQUIRED","VERIFICATION_STATUS_NOT_VERIFIED","CURRENT_GAME_REPRODUCTION_NOT_DOCUMENTED","0"
"83788502-8245-4f74-ab68-76c865a10b9d","rashid-phase13-candidate-combo-03","rashid","archived","unverified","HOLD","ARCHIVED_RECORD","PLACEHOLDER_RECIPE|NOTES_CONFLICT|VERIFICATION_STATUS_NOT_VERIFIED|CURRENT_GAME_REPRODUCTION_NOT_DOCUMENTED|SOURCE_NOT_READY|DUPLICATE_CANDIDATE_ONLY","9"
"837d43f5-5b56-4d5e-8360-74161a210183","akuma-phase13-candidate-combo-06","akuma","archived","unverified","HOLD","ARCHIVED_RECORD","PLACEHOLDER_RECIPE|NOTES_CONFLICT|VERIFICATION_STATUS_NOT_VERIFIED|CURRENT_GAME_REPRODUCTION_NOT_DOCUMENTED|SOURCE_NOT_READY|DUPLICATE_CANDIDATE_ONLY","9"
"83cd64cd-0734-42c9-912b-4db4f882f3a5","mai-phase13-sa3","mai","archived","unverified","HOLD","ARCHIVED_RECORD","PLACEHOLDER_RECIPE|NOTES_CONFLICT|VERIFICATION_STATUS_NOT_VERIFIED|CURRENT_GAME_REPRODUCTION_NOT_DOCUMENTED|SOURCE_NOT_READY|DUPLICATE_CANDIDATE_ONLY","9"
"84056127-0f72-4d7b-8a21-eec4db482c37","aki-y4-2lp-lights-hwhip","aki","draft","unverified","GAME_VERIFICATION_REQUIRED","VERIFICATION_STATUS_NOT_VERIFIED","CURRENT_GAME_REPRODUCTION_NOT_DOCUMENTED","0"
"845451ae-a48d-4dc7-abb3-6de729164760","yasmine-phase13-drive-rush","yasmine","archived","unverified","HOLD","ARCHIVED_RECORD","PLACEHOLDER_RECIPE|NOTES_CONFLICT|VERIFICATION_STATUS_NOT_VERIFIED|CURRENT_GAME_REPRODUCTION_NOT_DOCUMENTED|SOURCE_NOT_READY|DUPLICATE_CANDIDATE_ONLY","9"
"848b1a0d-6074-4a35-9ec0-4cc1839aefe7","akuma-phase13-candidate-combo-05","akuma","archived","unverified","HOLD","ARCHIVED_RECORD","PLACEHOLDER_RECIPE|NOTES_CONFLICT|VERIFICATION_STATUS_NOT_VERIFIED|CURRENT_GAME_REPRODUCTION_NOT_DOCUMENTED|SOURCE_NOT_READY|DUPLICATE_CANDIDATE_ONLY","9"
"8496d518-c97a-4ca0-a01f-8f87798945b1","aki-y4-modern-bo-assistm","aki","draft","unverified","GAME_VERIFICATION_REQUIRED","VERIFICATION_STATUS_NOT_VERIFIED","CURRENT_GAME_REPRODUCTION_NOT_DOCUMENTED","0"
"849f9b85-b4c9-4782-8b3a-f408037a475f","marisa-p25d-modern-6m-pc-sa1","marisa","draft","unverified","GAME_VERIFICATION_REQUIRED","VERIFICATION_STATUS_NOT_VERIFIED","CURRENT_GAME_REPRODUCTION_NOT_DOCUMENTED","0"
"84a6840e-48a0-432a-8ab0-282f1a110e25","jp-modern-punish-vihart-loop","jp","draft","unverified","GAME_VERIFICATION_REQUIRED","VERIFICATION_STATUS_NOT_VERIFIED","CURRENT_GAME_REPRODUCTION_NOT_DOCUMENTED","0"
"84aba74d-954e-456a-bc2c-e3c163aadd2a","akuma-y4-5hk-target-hdp","akuma","draft","unverified","GAME_VERIFICATION_REQUIRED","VERIFICATION_STATUS_NOT_VERIFIED","CURRENT_GAME_REPRODUCTION_NOT_DOCUMENTED","0"
"84abef15-f386-4aec-bd1d-857ab16af583","blanka-corner-light-od-thunder","blanka","draft","unverified","GAME_VERIFICATION_REQUIRED","VERIFICATION_STATUS_NOT_VERIFIED","CURRENT_GAME_REPRODUCTION_NOT_DOCUMENTED","0"
"84dc0a26-bb9d-431c-8bf6-b86f0531367d","aki-phase13-candidate-combo-08","aki","archived","unverified","HOLD","ARCHIVED_RECORD","PLACEHOLDER_RECIPE|NOTES_CONFLICT|VERIFICATION_STATUS_NOT_VERIFIED|CURRENT_GAME_REPRODUCTION_NOT_DOCUMENTED|SOURCE_NOT_READY|DUPLICATE_CANDIDATE_ONLY","9"
"8504e98f-6cc3-40e8-93fb-e4d2212adea9","cammy-y4-modern-strike-assistl","cammy","draft","unverified","GAME_VERIFICATION_REQUIRED","VERIFICATION_STATUS_NOT_VERIFIED","CURRENT_GAME_REPRODUCTION_NOT_DOCUMENTED","0"
"85c141e4-d739-487b-abf3-98ff7bc6b937","marisa-p25d-modern-astrong-pc-sa3","marisa","draft","unverified","GAME_VERIFICATION_REQUIRED","VERIFICATION_STATUS_NOT_VERIFIED","CURRENT_GAME_REPRODUCTION_NOT_DOCUMENTED","0"
"85e62348-ec0c-409f-9ced-2d71ce049909","luke-y4-hp-lflash-charge-sa2","luke","draft","reviewed","GAME_VERIFICATION_REQUIRED","VERIFICATION_STATUS_NOT_VERIFIED","CURRENT_GAME_REPRODUCTION_NOT_DOCUMENTED","0"
"860c005c-507c-4dca-8bbc-4bec6850ee7e","chun-modern-y4-air-hyakuretsu-pc","chun-li","draft","unverified","GAME_VERIFICATION_REQUIRED","VERIFICATION_STATUS_NOT_VERIFIED","CURRENT_GAME_REPRODUCTION_NOT_DOCUMENTED","0"
"86cfc72e-d43f-4775-b05c-5e5755a68221","jamie-modern-y4-lv0-light-arrow","jamie","draft","unverified","GAME_VERIFICATION_REQUIRED","VERIFICATION_STATUS_NOT_VERIFIED","CURRENT_GAME_REPRODUCTION_NOT_DOCUMENTED","0"
"86ef718c-3d4d-4858-b9d7-f02e0d4f0511","sagat-y4-di-wall","sagat","draft","unverified","GAME_VERIFICATION_REQUIRED","VERIFICATION_STATUS_NOT_VERIFIED","CURRENT_GAME_REPRODUCTION_NOT_DOCUMENTED","0"
"87273370-0fcd-42f0-b333-0c4750d064c1","ken-y4-5hp-jinrai","ken","draft","unverified","GAME_VERIFICATION_REQUIRED","VERIFICATION_STATUS_NOT_VERIFIED","CURRENT_GAME_REPRODUCTION_NOT_DOCUMENTED","0"
"87c8be4b-fc33-403d-82f3-cf2877e0ad68","akuma-phase13-candidate-combo-08","akuma","archived","unverified","HOLD","ARCHIVED_RECORD","PLACEHOLDER_RECIPE|NOTES_CONFLICT|VERIFICATION_STATUS_NOT_VERIFIED|CURRENT_GAME_REPRODUCTION_NOT_DOCUMENTED|SOURCE_NOT_READY|DUPLICATE_CANDIDATE_ONLY","9"
"87d4d52d-141e-4fe3-bb6e-ef3163c0f562","ryu-y3-stun-sa2-sa1","ryu","draft","unverified","GAME_VERIFICATION_REQUIRED","VERIFICATION_STATUS_NOT_VERIFIED","CURRENT_GAME_REPRODUCTION_NOT_DOCUMENTED","0"
"880ec635-27e9-4dd7-bc57-5c3a9ecf87d1","zangief-y4-2lp2-lariat","zangief","draft","unverified","GAME_VERIFICATION_REQUIRED","VERIFICATION_STATUS_NOT_VERIFIED","CURRENT_GAME_REPRODUCTION_NOT_DOCUMENTED","0"
"8816c416-f900-4b5c-99f1-915afc22bacf","cammy-y4-wall-hp-arrow-spike","cammy","draft","unverified","GAME_VERIFICATION_REQUIRED","VERIFICATION_STATUS_NOT_VERIFIED","CURRENT_GAME_REPRODUCTION_NOT_DOCUMENTED","0"
"88189139-3aa7-4692-a59a-015588e979c6","viper-y4-2hp-seismo-jhp-switch","c-viper","draft","unverified","GAME_VERIFICATION_REQUIRED","VERIFICATION_STATUS_NOT_VERIFIED","CURRENT_GAME_REPRODUCTION_NOT_DOCUMENTED","0"
"88aa7a1f-5c6e-440b-aa3c-1ea39ef0124c","aki-phase13-candidate-combo-01","aki","archived","unverified","HOLD","ARCHIVED_RECORD","PLACEHOLDER_RECIPE|NOTES_CONFLICT|VERIFICATION_STATUS_NOT_VERIFIED|CURRENT_GAME_REPRODUCTION_NOT_DOCUMENTED|SOURCE_NOT_READY|DUPLICATE_CANDIDATE_ONLY","9"
"88c40897-0b1b-4361-9788-867e942ad54a","deejay-hk-pc-dr-jack","dee-jay","draft","unverified","GAME_VERIFICATION_REQUIRED","VERIFICATION_STATUS_NOT_VERIFIED","CURRENT_GAME_REPRODUCTION_NOT_DOCUMENTED","0"
"897516d8-3b7e-4d5a-b814-cae1b6147df0","zangief-y4-headbutt-od-sa3","zangief","draft","unverified","GAME_VERIFICATION_REQUIRED","VERIFICATION_STATUS_NOT_VERIFIED","CURRENT_GAME_REPRODUCTION_NOT_DOCUMENTED","0"
"89998467-149e-4837-9212-04146736b4d9","rashid-y4-2mp-5lk-leagle","rashid","draft","unverified","GAME_VERIFICATION_REQUIRED","VERIFICATION_STATUS_NOT_VERIFIED","CURRENT_GAME_REPRODUCTION_NOT_DOCUMENTED","0"
"89b50092-907b-4a72-97bc-436e8e813e17","cammy-y4-hk-pc-hp-harrow","cammy","draft","unverified","GAME_VERIFICATION_REQUIRED","VERIFICATION_STATUS_NOT_VERIFIED","CURRENT_GAME_REPRODUCTION_NOT_DOCUMENTED","0"
"8a2c9311-984e-4c67-b38e-2cb78cc5a4be","dhalsim-light-flame","dhalsim","draft","unverified","GAME_VERIFICATION_REQUIRED","VERIFICATION_STATUS_NOT_VERIFIED","CURRENT_GAME_REPRODUCTION_NOT_DOCUMENTED","0"
"8a42ce8a-d3f7-4e2f-afc8-b97b6a530f72","bison-y4-dr-2lk-5mp","m-bison","draft","unverified","GAME_VERIFICATION_REQUIRED","VERIFICATION_STATUS_NOT_VERIFIED","CURRENT_GAME_REPRODUCTION_NOT_DOCUMENTED","0"
"8a524a1e-9f01-4dc3-9297-a1f5dd0cacb6","dhalsim-2mp-dr-hflame","dhalsim","draft","unverified","GAME_VERIFICATION_REQUIRED","VERIFICATION_STATUS_NOT_VERIFIED","CURRENT_GAME_REPRODUCTION_NOT_DOCUMENTED","0"
"8a61e5a5-9fc4-43fd-aae7-8949593eb5dd","kim-modern-overhead","kimberly","draft","unverified","GAME_VERIFICATION_REQUIRED","VERIFICATION_STATUS_NOT_VERIFIED","CURRENT_GAME_REPRODUCTION_NOT_DOCUMENTED","0"
"8a788b17-dfef-4a3a-a650-111d3ddc9d80","yasmine-phase13-light-confirm","yasmine","archived","unverified","HOLD","ARCHIVED_RECORD","PLACEHOLDER_RECIPE|NOTES_CONFLICT|VERIFICATION_STATUS_NOT_VERIFIED|CURRENT_GAME_REPRODUCTION_NOT_DOCUMENTED|SOURCE_NOT_READY|DUPLICATE_CANDIDATE_ONLY","9"
"8a9fcadd-969b-44f4-9bcb-0749c8106ab0","juri-modern-hp-juggle","juri","draft","unverified","GAME_VERIFICATION_REQUIRED","VERIFICATION_STATUS_NOT_VERIFIED","CURRENT_GAME_REPRODUCTION_NOT_DOCUMENTED","0"
"8ab94ab9-1093-44eb-a7a0-e8f7af67c827","luke-light-sa3","luke","draft","reviewed","GAME_VERIFICATION_REQUIRED","VERIFICATION_STATUS_NOT_VERIFIED","CURRENT_GAME_REPRODUCTION_NOT_DOCUMENTED","0"
"8b08e983-077f-4f52-9dc8-92f5c0f3477a","ingrid-y4-di-guard","ingrid","draft","unverified","GAME_VERIFICATION_REQUIRED","VERIFICATION_STATUS_NOT_VERIFIED","CURRENT_GAME_REPRODUCTION_NOT_DOCUMENTED","0"
"8b46f814-9374-4cb7-a9db-08b9d17e9f93","zangief-y4-2lk-lp-lariat","zangief","draft","unverified","GAME_VERIFICATION_REQUIRED","VERIFICATION_STATUS_NOT_VERIFIED","CURRENT_GAME_REPRODUCTION_NOT_DOCUMENTED","0"
"8b771c41-40cf-4148-9157-ab41393e601c","bison-y4-modern-assist-l","m-bison","draft","unverified","GAME_VERIFICATION_REQUIRED","VERIFICATION_STATUS_NOT_VERIFIED","CURRENT_GAME_REPRODUCTION_NOT_DOCUMENTED","0"
"8b80db1c-6212-48f3-9ebf-b4f48000586e","alex-y4-lights-hknee","alex","draft","unverified","GAME_VERIFICATION_REQUIRED","VERIFICATION_STATUS_NOT_VERIFIED","CURRENT_GAME_REPRODUCTION_NOT_DOCUMENTED","0"
"8b8471f4-f99f-4196-9a45-066052c52c7f","e-honda-burnout","e-honda","archived","unverified","HOLD","ARCHIVED_RECORD","PLACEHOLDER_RECIPE|NOTES_CONFLICT|VERIFICATION_STATUS_NOT_VERIFIED|CURRENT_GAME_REPRODUCTION_NOT_DOCUMENTED|SOURCE_NOT_READY|DUPLICATE_CANDIDATE_ONLY","1"
"8bbe5be2-6d9d-4d72-88d9-115909ffba5c","ryu-phase13-corner-carry","ryu","archived","unverified","HOLD","ARCHIVED_RECORD","PLACEHOLDER_RECIPE|NOTES_CONFLICT|VERIFICATION_STATUS_NOT_VERIFIED|CURRENT_GAME_REPRODUCTION_NOT_DOCUMENTED|SOURCE_NOT_READY|DUPLICATE_CANDIDATE_ONLY","3"
"8bcaf304-e9ec-4669-b55d-011642579571","aki-y4-di-hk-chain-hwhip","aki","draft","unverified","GAME_VERIFICATION_REQUIRED","VERIFICATION_STATUS_NOT_VERIFIED","CURRENT_GAME_REPRODUCTION_NOT_DOCUMENTED","0"
"8cd27b04-4896-4132-8f09-e7781bd60605","bison-y4-mine-psycho-detonate","m-bison","draft","unverified","GAME_VERIFICATION_REQUIRED","VERIFICATION_STATUS_NOT_VERIFIED","CURRENT_GAME_REPRODUCTION_NOT_DOCUMENTED","0"
"8cd407ac-0b58-49d3-8f0c-75c6dd18a7a3","rashid-y4-dr-6hp-hcyclone","rashid","draft","unverified","GAME_VERIFICATION_REQUIRED","VERIFICATION_STATUS_NOT_VERIFIED","CURRENT_GAME_REPRODUCTION_NOT_DOCUMENTED","0"
"8d361cb7-1ad5-489c-8621-ebbc42dc2762","manon-burnout","manon","archived","unverified","HOLD","ARCHIVED_RECORD","PLACEHOLDER_RECIPE|NOTES_CONFLICT|VERIFICATION_STATUS_NOT_VERIFIED|CURRENT_GAME_REPRODUCTION_NOT_DOCUMENTED|SOURCE_NOT_READY|DUPLICATE_CANDIDATE_ONLY","1"
"8d449f96-5489-481c-a479-59425b585f55","ken-y4-corner-light-jinrai","ken","draft","unverified","GAME_VERIFICATION_REQUIRED","VERIFICATION_STATUS_NOT_VERIFIED","CURRENT_GAME_REPRODUCTION_NOT_DOCUMENTED","0"
"8d8830b8-e62d-4b47-8d7d-b7ff75f59d9d","e-honda-sa1","e-honda","archived","unverified","HOLD","ARCHIVED_RECORD","PLACEHOLDER_RECIPE|NOTES_CONFLICT|VERIFICATION_STATUS_NOT_VERIFIED|CURRENT_GAME_REPRODUCTION_NOT_DOCUMENTED|SOURCE_NOT_READY|DUPLICATE_CANDIDATE_ONLY","1"
"8d980e80-843d-45ce-abda-c8f909a25360","elena-y4-aa-2hp-lynx","elena","draft","unverified","GAME_VERIFICATION_REQUIRED","VERIFICATION_STATUS_NOT_VERIFIED","CURRENT_GAME_REPRODUCTION_NOT_DOCUMENTED","0"
"8db01aa3-c7ef-4ad8-817b-b9ee9ff2c490","alex-y4-dr2hp-chop","alex","draft","unverified","GAME_VERIFICATION_REQUIRED","VERIFICATION_STATUS_NOT_VERIFIED","CURRENT_GAME_REPRODUCTION_NOT_DOCUMENTED","0"
"8e2ef249-e716-4053-8309-edf1c0c524f5","viper-y4-2hp-seismo-odtf-sa1","c-viper","draft","unverified","GAME_VERIFICATION_REQUIRED","VERIFICATION_STATUS_NOT_VERIFIED","CURRENT_GAME_REPRODUCTION_NOT_DOCUMENTED","0"
"8e3e3125-979e-433e-81f6-91b88d22d113","akuma-y4-aa-hdp","akuma","draft","unverified","GAME_VERIFICATION_REQUIRED","VERIFICATION_STATUS_NOT_VERIFIED","CURRENT_GAME_REPRODUCTION_NOT_DOCUMENTED","0"
"8f4392e6-6909-45ce-a173-9824dde18dd6","rashid-phase13-candidate-combo-01","rashid","archived","unverified","HOLD","ARCHIVED_RECORD","PLACEHOLDER_RECIPE|NOTES_CONFLICT|VERIFICATION_STATUS_NOT_VERIFIED|CURRENT_GAME_REPRODUCTION_NOT_DOCUMENTED|SOURCE_NOT_READY|DUPLICATE_CANDIDATE_ONLY","9"
"8f4f1374-2736-4bba-a03c-bb33ffd09821","terry-y4-modern-2m-firekick","terry","draft","unverified","GAME_VERIFICATION_REQUIRED","VERIFICATION_STATUS_NOT_VERIFIED","CURRENT_GAME_REPRODUCTION_NOT_DOCUMENTED","0"
"8f82d386-af48-47ae-ac32-9fb8ee0a11de","guile-modern-2l-pc-sa1","guile","draft","unverified","GAME_VERIFICATION_REQUIRED","VERIFICATION_STATUS_NOT_VERIFIED","CURRENT_GAME_REPRODUCTION_NOT_DOCUMENTED","0"
"8f88d2d2-0f79-45b3-919c-0ff0a8aa4872","ryu-y3-burnout-crmk-lhasho-sa3","ryu","draft","unverified","GAME_VERIFICATION_REQUIRED","VERIFICATION_STATUS_NOT_VERIFIED","CURRENT_GAME_REPRODUCTION_NOT_DOCUMENTED","0"
"8fa8438b-17cb-4323-8197-476da18d3d24","ed-y4-flicker-pc-assisth-sa1","ed","draft","unverified","GAME_VERIFICATION_REQUIRED","VERIFICATION_STATUS_NOT_VERIFIED","CURRENT_GAME_REPRODUCTION_NOT_DOCUMENTED","0"
"905134fb-6429-4e62-85b4-297d63eb9c09","m-bison-phase13-candidate-combo-10","m-bison","archived","unverified","HOLD","ARCHIVED_RECORD","PLACEHOLDER_RECIPE|NOTES_CONFLICT|VERIFICATION_STATUS_NOT_VERIFIED|CURRENT_GAME_REPRODUCTION_NOT_DOCUMENTED|SOURCE_NOT_READY|DUPLICATE_CANDIDATE_ONLY","9"
"9074e2c4-a92f-4006-b6b6-aae4329e202b","bison-y4-5lp-mknee","m-bison","draft","unverified","GAME_VERIFICATION_REQUIRED","VERIFICATION_STATUS_NOT_VERIFIED","CURRENT_GAME_REPRODUCTION_NOT_DOCUMENTED","0"
"9089b063-d5a2-4149-9e07-941212547f07","jp-modern-amnesia-corner-assist","jp","draft","unverified","GAME_VERIFICATION_REQUIRED","VERIFICATION_STATUS_NOT_VERIFIED","CURRENT_GAME_REPRODUCTION_NOT_DOCUMENTED","0"
"909ef53f-00a9-47ae-a2d0-911f9276b000","chun-modern-y4-corner-odsbk-lhyakuretsu","chun-li","draft","unverified","GAME_VERIFICATION_REQUIRED","VERIFICATION_STATUS_NOT_VERIFIED","CURRENT_GAME_REPRODUCTION_NOT_DOCUMENTED","0"
"90bd57ca-7907-47e9-9392-0c08f33f2588","ken-y4-2mp-tc-qdsr","ken","draft","reviewed","GAME_VERIFICATION_REQUIRED","VERIFICATION_STATUS_NOT_VERIFIED","CURRENT_GAME_REPRODUCTION_NOT_DOCUMENTED","0"
"90c775c7-eb1f-4c7a-b392-d543ebbdda0d","ed-y4-5mk-target","ed","draft","unverified","GAME_VERIFICATION_REQUIRED","VERIFICATION_STATUS_NOT_VERIFIED","CURRENT_GAME_REPRODUCTION_NOT_DOCUMENTED","0"
"90d8b658-a96f-4684-b333-32128f061910","zangief-y4-jmk-sa2-sa1","zangief","draft","unverified","GAME_VERIFICATION_REQUIRED","VERIFICATION_STATUS_NOT_VERIFIED","CURRENT_GAME_REPRODUCTION_NOT_DOCUMENTED","0"
"911f8a0a-5fa6-4936-98d2-fda542aa5e19","guile-written-2mp-tc-summer","guile","draft","unverified","GAME_VERIFICATION_REQUIRED","VERIFICATION_STATUS_NOT_VERIFIED","CURRENT_GAME_REPRODUCTION_NOT_DOCUMENTED","0"
"918b6e61-2fa8-40d6-a09c-9e713a08b730","lily-y4-modern-assist-medium-spire","lily","draft","unverified","GAME_VERIFICATION_REQUIRED","VERIFICATION_STATUS_NOT_VERIFIED","CURRENT_GAME_REPRODUCTION_NOT_DOCUMENTED","0"
"918d862d-38ad-47f8-8ad7-ae2c976167d6","aki-phase13-candidate-combo-02","aki","archived","unverified","HOLD","ARCHIVED_RECORD","PLACEHOLDER_RECIPE|NOTES_CONFLICT|VERIFICATION_STATUS_NOT_VERIFIED|CURRENT_GAME_REPRODUCTION_NOT_DOCUMENTED|SOURCE_NOT_READY|DUPLICATE_CANDIDATE_ONLY","9"
"91b05258-a7bb-4bd7-b604-fa6b80da7a36","ken-modern-mid-cdr","ken","draft","unverified","GAME_VERIFICATION_REQUIRED","VERIFICATION_STATUS_NOT_VERIFIED","CURRENT_GAME_REPRODUCTION_NOT_DOCUMENTED","0"
"920c3d9a-c70c-4d9e-99d2-81c2b2f90c20","cammy-y4-strike-light-marrow","cammy","draft","unverified","GAME_VERIFICATION_REQUIRED","VERIFICATION_STATUS_NOT_VERIFIED","CURRENT_GAME_REPRODUCTION_NOT_DOCUMENTED","0"
"9237116c-3d86-46a3-8c70-d03621c600ea","deejay-light-jackknife","dee-jay","draft","unverified","GAME_VERIFICATION_REQUIRED","VERIFICATION_STATUS_NOT_VERIFIED","CURRENT_GAME_REPRODUCTION_NOT_DOCUMENTED","0"
"92657a4a-439b-48c9-a371-2d0a128fb107","dhalsim-1hp-dr-flame","dhalsim","draft","unverified","GAME_VERIFICATION_REQUIRED","VERIFICATION_STATUS_NOT_VERIFIED","CURRENT_GAME_REPRODUCTION_NOT_DOCUMENTED","0"
"927f139b-a257-47b4-ad62-793463e11f2e","luke-light-ddt","luke","draft","reviewed","GAME_VERIFICATION_REQUIRED","VERIFICATION_STATUS_NOT_VERIFIED","CURRENT_GAME_REPRODUCTION_NOT_DOCUMENTED","0"
"92b2900e-f774-405c-b8bd-b96498d1f006","aki-phase13-candidate-combo-04","aki","archived","unverified","HOLD","ARCHIVED_RECORD","PLACEHOLDER_RECIPE|NOTES_CONFLICT|VERIFICATION_STATUS_NOT_VERIFIED|CURRENT_GAME_REPRODUCTION_NOT_DOCUMENTED|SOURCE_NOT_READY|DUPLICATE_CANDIDATE_ONLY","9"
"93166613-7c25-4149-9dee-4f0d35a0ec27","jp-di-pc-sa3","jp","draft","reviewed","GAME_VERIFICATION_REQUIRED","VERIFICATION_STATUS_NOT_VERIFIED","CURRENT_GAME_REPRODUCTION_NOT_DOCUMENTED","0"
"940c1506-906e-458c-ab0c-41e0e35f388c","kim-y4-dr-low-aranya","kimberly","draft","unverified","GAME_VERIFICATION_REQUIRED","VERIFICATION_STATUS_NOT_VERIFIED","CURRENT_GAME_REPRODUCTION_NOT_DOCUMENTED","0"
"941879b8-4159-4f7f-a7a8-21cba52aeedf","ryu-y3-ltatsu-overhead-conversion","ryu","draft","unverified","GAME_VERIFICATION_REQUIRED","VERIFICATION_STATUS_NOT_VERIFIED","CURRENT_GAME_REPRODUCTION_NOT_DOCUMENTED","0"
"94886e19-7597-4b17-a610-349e890e7c77","blanka-pc-river","blanka","draft","unverified","GAME_VERIFICATION_REQUIRED","VERIFICATION_STATUS_NOT_VERIFIED","CURRENT_GAME_REPRODUCTION_NOT_DOCUMENTED","0"
"94b24478-d5b6-4bf2-92d4-dda357f629bf","c-viper-phase13-burnout","c-viper","archived","unverified","HOLD","ARCHIVED_RECORD","PLACEHOLDER_RECIPE|NOTES_CONFLICT|VERIFICATION_STATUS_NOT_VERIFIED|CURRENT_GAME_REPRODUCTION_NOT_DOCUMENTED|SOURCE_NOT_READY|DUPLICATE_CANDIDATE_ONLY","9"
"94b54952-583c-40d6-8a90-ef259df0512a","alex-y4-2hp-stance-basic","alex","draft","unverified","GAME_VERIFICATION_REQUIRED","VERIFICATION_STATUS_NOT_VERIFIED","CURRENT_GAME_REPRODUCTION_NOT_DOCUMENTED","0"
"94bfa425-6aa3-406b-a94a-1b713d041131","blanka-mp-electric","blanka","draft","unverified","GAME_VERIFICATION_REQUIRED","VERIFICATION_STATUS_NOT_VERIFIED","CURRENT_GAME_REPRODUCTION_NOT_DOCUMENTED","0"
"94c043e6-7ceb-45cc-a321-05659b401f84","juri-y4-light-cdr","juri","draft","unverified","GAME_VERIFICATION_REQUIRED","VERIFICATION_STATUS_NOT_VERIFIED","CURRENT_GAME_REPRODUCTION_NOT_DOCUMENTED","0"
"94ca22c3-dc03-41ba-a3d5-63027729f7c6","cammy-y4-corner-2hp-cdr-lift","cammy","draft","unverified","GAME_VERIFICATION_REQUIRED","VERIFICATION_STATUS_NOT_VERIFIED","CURRENT_GAME_REPRODUCTION_NOT_DOCUMENTED","0"
"94d16b2f-211a-480a-b714-251b52da9263","manon-p25g-4hp-od-rond-mdegage","manon","draft","unverified","GAME_VERIFICATION_REQUIRED","VERIFICATION_STATUS_NOT_VERIFIED","CURRENT_GAME_REPRODUCTION_NOT_DOCUMENTED","0"
"94f43dcf-2418-42e4-ac2c-ee503f40e616","ed-y4-sa2-central","ed","draft","unverified","GAME_VERIFICATION_REQUIRED","VERIFICATION_STATUS_NOT_VERIFIED","CURRENT_GAME_REPRODUCTION_NOT_DOCUMENTED","0"
"94f73949-bada-4091-955c-a98b509e2548","ingrid-phase13-drive-rush","ingrid","archived","unverified","HOLD","ARCHIVED_RECORD","PLACEHOLDER_RECIPE|NOTES_CONFLICT|VERIFICATION_STATUS_NOT_VERIFIED|CURRENT_GAME_REPRODUCTION_NOT_DOCUMENTED|SOURCE_NOT_READY|DUPLICATE_CANDIDATE_ONLY","9"
"95072d17-e8d0-4468-ac1e-a44880bcac0a","aki-phase13-candidate-combo-09","aki","archived","unverified","HOLD","ARCHIVED_RECORD","PLACEHOLDER_RECIPE|NOTES_CONFLICT|VERIFICATION_STATUS_NOT_VERIFIED|CURRENT_GAME_REPRODUCTION_NOT_DOCUMENTED|SOURCE_NOT_READY|DUPLICATE_CANDIDATE_ONLY","9"
"950c74aa-a78c-4e91-912c-867bc1143f5e","jamie-phase13-20260827-7","jamie","archived","unverified","HOLD","ARCHIVED_RECORD","PLACEHOLDER_RECIPE|NOTES_CONFLICT|VERIFICATION_STATUS_NOT_VERIFIED|CURRENT_GAME_REPRODUCTION_NOT_DOCUMENTED|DUPLICATE_CANDIDATE_ONLY","9"
"9533d251-7829-462d-8897-4d6c1fe4d141","luke-y4-5hp-cdr-outlaw","luke","draft","reviewed","GAME_VERIFICATION_REQUIRED","VERIFICATION_STATUS_NOT_VERIFIED","CURRENT_GAME_REPRODUCTION_NOT_DOCUMENTED","0"
"955a1a0c-fb49-4737-88d6-4858b239cf80","lily-y4-2hp-mwind","lily","draft","unverified","GAME_VERIFICATION_REQUIRED","VERIFICATION_STATUS_NOT_VERIFIED","CURRENT_GAME_REPRODUCTION_NOT_DOCUMENTED","0"
"9564d1dc-cd20-4330-ba6e-ee51a1207420","aki-phase13-candidate-combo-05","aki","archived","unverified","HOLD","ARCHIVED_RECORD","PLACEHOLDER_RECIPE|NOTES_CONFLICT|VERIFICATION_STATUS_NOT_VERIFIED|CURRENT_GAME_REPRODUCTION_NOT_DOCUMENTED|SOURCE_NOT_READY|DUPLICATE_CANDIDATE_ONLY","9"
"96126a39-c962-4642-8925-2e76b2ecd8b6","aki-y4-5mp-5lk-hwhip","aki","draft","unverified","GAME_VERIFICATION_REQUIRED","VERIFICATION_STATUS_NOT_VERIFIED","CURRENT_GAME_REPRODUCTION_NOT_DOCUMENTED","0"
"964e5327-a1ea-4266-aca0-827529ce9aa6","ed-y4-modern-2m-cdr","ed","draft","unverified","GAME_VERIFICATION_REQUIRED","VERIFICATION_STATUS_NOT_VERIFIED","CURRENT_GAME_REPRODUCTION_NOT_DOCUMENTED","0"
"967667b0-508d-4466-942b-4fd4ef996034","akuma-y4-sa3-basic","akuma","draft","unverified","GAME_VERIFICATION_REQUIRED","VERIFICATION_STATUS_NOT_VERIFIED","CURRENT_GAME_REPRODUCTION_NOT_DOCUMENTED","0"
"96b111f0-58c4-4d26-b39a-f2b59bfd287f","mai-y4-2mk-cdr-lktc","mai","draft","unverified","GAME_VERIFICATION_REQUIRED","VERIFICATION_STATUS_NOT_VERIFIED","CURRENT_GAME_REPRODUCTION_NOT_DOCUMENTED","0"
"96b53d3c-41e3-4e4c-9d70-0572047ff244","blanka-modern-di","blanka","draft","unverified","GAME_VERIFICATION_REQUIRED","VERIFICATION_STATUS_NOT_VERIFIED","CURRENT_GAME_REPRODUCTION_NOT_DOCUMENTED","0"
"97297c1b-6a05-40aa-ab27-1b547096c1e8","lily-y4-di-windless-recovery","lily","draft","unverified","GAME_VERIFICATION_REQUIRED","VERIFICATION_STATUS_NOT_VERIFIED","CURRENT_GAME_REPRODUCTION_NOT_DOCUMENTED","0"
"97350923-1958-4389-ba5f-8162fe922a98","lily-y4-modern-assist-light-odspire","lily","draft","unverified","GAME_VERIFICATION_REQUIRED","VERIFICATION_STATUS_NOT_VERIFIED","CURRENT_GAME_REPRODUCTION_NOT_DOCUMENTED","0"
"97431a31-6ec7-40ba-99a6-e993216b22fe","juri-y4-2hp-juggle","juri","draft","unverified","GAME_VERIFICATION_REQUIRED","VERIFICATION_STATUS_NOT_VERIFIED","CURRENT_GAME_REPRODUCTION_NOT_DOCUMENTED","0"
"97678a10-cd85-4350-a36c-c9ace3f97493","ed-y4-punish-pc-sa2","ed","draft","unverified","GAME_VERIFICATION_REQUIRED","VERIFICATION_STATUS_NOT_VERIFIED","CURRENT_GAME_REPRODUCTION_NOT_DOCUMENTED","0"
"97899dc1-29d6-4169-a278-31e5142c60fa","ryu-y3-video-slp-hasho-side-switch-sa3","ryu","draft","unverified","GAME_VERIFICATION_REQUIRED","VERIFICATION_STATUS_NOT_VERIFIED","CURRENT_GAME_REPRODUCTION_NOT_DOCUMENTED","0"
"97b7241d-35a2-44f1-839c-9e95600982d7","ed-phase13-candidate-combo-05","ed","archived","unverified","HOLD","ARCHIVED_RECORD","PLACEHOLDER_RECIPE|NOTES_CONFLICT|VERIFICATION_STATUS_NOT_VERIFIED|CURRENT_GAME_REPRODUCTION_NOT_DOCUMENTED|SOURCE_NOT_READY|DUPLICATE_CANDIDATE_ONLY","9"
"97bbdd7d-f985-411d-b0ec-da3bd2b9e99d","cammy-y4-modern-assist-l","cammy","draft","unverified","GAME_VERIFICATION_REQUIRED","VERIFICATION_STATUS_NOT_VERIFIED","CURRENT_GAME_REPRODUCTION_NOT_DOCUMENTED","0"
"97bd54f5-e0d9-4fda-9569-fdb0a0f72d67","ken-y4-meaty-overhead-ch","ken","draft","reviewed","GAME_VERIFICATION_REQUIRED","VERIFICATION_STATUS_NOT_VERIFIED","CURRENT_GAME_REPRODUCTION_NOT_DOCUMENTED","0"
"97c0722a-76e8-4e5a-9f2c-a36e1cdb25c0","rashid-phase13-candidate-combo-06","rashid","archived","unverified","HOLD","ARCHIVED_RECORD","PLACEHOLDER_RECIPE|NOTES_CONFLICT|VERIFICATION_STATUS_NOT_VERIFIED|CURRENT_GAME_REPRODUCTION_NOT_DOCUMENTED|SOURCE_NOT_READY|DUPLICATE_CANDIDATE_ONLY","9"
"97cfcf08-5261-446b-a052-63645c89e800","manon-exp-modern-od-renverse-dr","manon","draft","unverified","GAME_VERIFICATION_REQUIRED","VERIFICATION_STATUS_NOT_VERIFIED","CURRENT_GAME_REPRODUCTION_NOT_DOCUMENTED","0"
"97d21840-1dab-4cc9-b6e7-1fe599e5b637","zangief-sa1","zangief","archived","unverified","HOLD","ARCHIVED_RECORD","PLACEHOLDER_RECIPE|NOTES_CONFLICT|VERIFICATION_STATUS_NOT_VERIFIED|CURRENT_GAME_REPRODUCTION_NOT_DOCUMENTED|SOURCE_NOT_READY|DUPLICATE_CANDIDATE_ONLY","1"
"980ab6b7-2089-469b-a6a0-60bcd4186102","ed-phase13-candidate-combo-07","ed","archived","unverified","HOLD","ARCHIVED_RECORD","PLACEHOLDER_RECIPE|NOTES_CONFLICT|VERIFICATION_STATUS_NOT_VERIFIED|CURRENT_GAME_REPRODUCTION_NOT_DOCUMENTED|SOURCE_NOT_READY|DUPLICATE_CANDIDATE_ONLY","9"
"983578bb-9052-4848-85c2-f9df8399901c","viper-y4-pc-feint-loop-sa3","c-viper","draft","unverified","GAME_VERIFICATION_REQUIRED","VERIFICATION_STATUS_NOT_VERIFIED","CURRENT_GAME_REPRODUCTION_NOT_DOCUMENTED","0"
"98739d70-4976-49dc-96d0-5993f4bbf568","bison-y4-modern-dr-low","m-bison","draft","unverified","GAME_VERIFICATION_REQUIRED","VERIFICATION_STATUS_NOT_VERIFIED","CURRENT_GAME_REPRODUCTION_NOT_DOCUMENTED","0"
"990d8f5d-4f00-4728-90c7-5adab5307c35","akuma-y4-corner-odadamant-ltatsu","akuma","draft","unverified","GAME_VERIFICATION_REQUIRED","VERIFICATION_STATUS_NOT_VERIFIED","CURRENT_GAME_REPRODUCTION_NOT_DOCUMENTED","0"
"990fedbd-a977-4531-95ea-ca1edb98ffcf","manon-di-wall","manon","draft","unverified","GAME_VERIFICATION_REQUIRED","VERIFICATION_STATUS_NOT_VERIFIED","CURRENT_GAME_REPRODUCTION_NOT_DOCUMENTED","0"
"994d573d-9655-4e1a-9ed4-e431e42638a7","marisa-p25d-modern-charge5h-od-dimach-sa2","marisa","draft","unverified","GAME_VERIFICATION_REQUIRED","VERIFICATION_STATUS_NOT_VERIFIED","CURRENT_GAME_REPRODUCTION_NOT_DOCUMENTED","0"
"9956287c-a531-4dba-8afb-6f9c1cc4d7d1","lily-corner","lily","archived","unverified","HOLD","ARCHIVED_RECORD","PLACEHOLDER_RECIPE|NOTES_CONFLICT|VERIFICATION_STATUS_NOT_VERIFIED|CURRENT_GAME_REPRODUCTION_NOT_DOCUMENTED|SOURCE_NOT_READY","0"
"997b03ac-323d-451f-8174-c997fe7e7dae","jamie-phase13-20260827-6","jamie","archived","unverified","HOLD","ARCHIVED_RECORD","PLACEHOLDER_RECIPE|NOTES_CONFLICT|VERIFICATION_STATUS_NOT_VERIFIED|CURRENT_GAME_REPRODUCTION_NOT_DOCUMENTED|DUPLICATE_CANDIDATE_ONLY","9"
"998823e3-3360-4a11-981a-df85c02a2c4b","ed-y4-sa2-corner","ed","draft","unverified","GAME_VERIFICATION_REQUIRED","VERIFICATION_STATUS_NOT_VERIFIED","CURRENT_GAME_REPRODUCTION_NOT_DOCUMENTED","0"
"99a566eb-edb6-4cdf-b234-2d5f6471d226","jamie-20260803-corner-od-swagger-drink","jamie","draft","reviewed","GAME_VERIFICATION_REQUIRED","NOTES_CONFLICT","VERIFICATION_STATUS_NOT_VERIFIED|CURRENT_GAME_REPRODUCTION_NOT_DOCUMENTED","0"
"99aca58c-662a-4888-bc06-62b3084e01e7","yasmine-y4-lp-ch-mtalim","yasmine","draft","unverified","GAME_VERIFICATION_REQUIRED","VERIFICATION_STATUS_NOT_VERIFIED","CURRENT_GAME_REPRODUCTION_NOT_DOCUMENTED","0"
"99b6fec5-85a8-432c-a32b-16c1d8ee4a1d","jamie-y4-momochi-carry-drink","jamie","draft","unverified","GAME_VERIFICATION_REQUIRED","VERIFICATION_STATUS_NOT_VERIFIED","CURRENT_GAME_REPRODUCTION_NOT_DOCUMENTED","0"
"99cc13ed-4495-402f-b843-b3604c9599ec","sagat-phase13-sa2","sagat","archived","unverified","HOLD","ARCHIVED_RECORD","PLACEHOLDER_RECIPE|NOTES_CONFLICT|VERIFICATION_STATUS_NOT_VERIFIED|CURRENT_GAME_REPRODUCTION_NOT_DOCUMENTED|SOURCE_NOT_READY|DUPLICATE_CANDIDATE_ONLY","9"
"9a33263a-00f0-4ad4-b962-1e85bc7e9ba8","guile-phase13-20260827-3","guile","archived","unverified","HOLD","ARCHIVED_RECORD","PLACEHOLDER_RECIPE|NOTES_CONFLICT|VERIFICATION_STATUS_NOT_VERIFIED|CURRENT_GAME_REPRODUCTION_NOT_DOCUMENTED|DUPLICATE_CANDIDATE_ONLY","9"
"9ab269c3-4c0a-400e-8006-57d8925b34ae","marisa-burnout","marisa","archived","unverified","HOLD","ARCHIVED_RECORD","PLACEHOLDER_RECIPE|NOTES_CONFLICT|VERIFICATION_STATUS_NOT_VERIFIED|CURRENT_GAME_REPRODUCTION_NOT_DOCUMENTED|SOURCE_NOT_READY|DUPLICATE_CANDIDATE_ONLY","1"
"9ad650a5-456e-4cda-a81c-57dc4222c649","manon-exp-jump-od-sa3","manon","draft","unverified","GAME_VERIFICATION_REQUIRED","VERIFICATION_STATUS_NOT_VERIFIED","CURRENT_GAME_REPRODUCTION_NOT_DOCUMENTED","0"
"9b1dc825-d424-49fc-8b34-463781d12dca","luke-light-l-flash","luke","draft","reviewed","GAME_VERIFICATION_REQUIRED","VERIFICATION_STATUS_NOT_VERIFIED","CURRENT_GAME_REPRODUCTION_NOT_DOCUMENTED","0"
"9b2a86e6-f879-4ba4-9297-5e8306f61aff","luke-y4-modern-corner-2hp-lcharge-msand-mupper","luke","draft","reviewed","GAME_VERIFICATION_REQUIRED","VERIFICATION_STATUS_NOT_VERIFIED","CURRENT_GAME_REPRODUCTION_NOT_DOCUMENTED","0"
"9b396997-ef03-4faa-8a42-5ccf2df6e6d8","bison-y4-corner-mine-loop","m-bison","draft","unverified","GAME_VERIFICATION_REQUIRED","VERIFICATION_STATUS_NOT_VERIFIED","CURRENT_GAME_REPRODUCTION_NOT_DOCUMENTED","0"
"9b448e6e-0a94-4928-9477-2ce7c29d38e8","rashid-y4-aa-hmixer","rashid","draft","unverified","GAME_VERIFICATION_REQUIRED","VERIFICATION_STATUS_NOT_VERIFIED","CURRENT_GAME_REPRODUCTION_NOT_DOCUMENTED","0"
"9b5389ef-b70f-4b07-b01c-7cd0eb054c01","cammy-phase13-candidate-combo-10","cammy","archived","unverified","HOLD","ARCHIVED_RECORD","PLACEHOLDER_RECIPE|NOTES_CONFLICT|VERIFICATION_STATUS_NOT_VERIFIED|CURRENT_GAME_REPRODUCTION_NOT_DOCUMENTED|SOURCE_NOT_READY|DUPLICATE_CANDIDATE_ONLY","9"
"9be5c893-7378-4f12-a8f0-29f27a5e801c","zangief-y4-jmk-od-sa3","zangief","draft","unverified","GAME_VERIFICATION_REQUIRED","VERIFICATION_STATUS_NOT_VERIFIED","CURRENT_GAME_REPRODUCTION_NOT_DOCUMENTED","0"
"9c5ba267-369b-4c8f-9754-166ca41f7ec0","chun-li-phase13-20260827-10","chun-li","archived","unverified","HOLD","ARCHIVED_RECORD","PLACEHOLDER_RECIPE|NOTES_CONFLICT|VERIFICATION_STATUS_NOT_VERIFIED|CURRENT_GAME_REPRODUCTION_NOT_DOCUMENTED|DUPLICATE_CANDIDATE_ONLY","9"
"9c5c8fc0-ea81-409d-b7ee-36e1b5c86f79","guile-modern-corner-light-sa3","guile","draft","unverified","GAME_VERIFICATION_REQUIRED","VERIFICATION_STATUS_NOT_VERIFIED","CURRENT_GAME_REPRODUCTION_NOT_DOCUMENTED","0"
"9c949561-bc16-44a4-9d04-5dc5047e2bf5","dhalsim-corner-arch","dhalsim","draft","unverified","GAME_VERIFICATION_REQUIRED","VERIFICATION_STATUS_NOT_VERIFIED","CURRENT_GAME_REPRODUCTION_NOT_DOCUMENTED","0"
"9ca27bbc-3ebb-4850-be3a-cde48c97fab1","lily-y4-modern-air-od-dive","lily","draft","unverified","GAME_VERIFICATION_REQUIRED","VERIFICATION_STATUS_NOT_VERIFIED","CURRENT_GAME_REPRODUCTION_NOT_DOCUMENTED","0"
"9ce97010-d20b-4801-9173-46bf73b8092f","alex-y4-air-stamp-pc","alex","draft","unverified","GAME_VERIFICATION_REQUIRED","VERIFICATION_STATUS_NOT_VERIFIED","CURRENT_GAME_REPRODUCTION_NOT_DOCUMENTED","0"
"9cf1341d-403a-45b7-931e-d160c9177eeb","c-viper-phase13-sa1","c-viper","archived","unverified","HOLD","ARCHIVED_RECORD","PLACEHOLDER_RECIPE|NOTES_CONFLICT|VERIFICATION_STATUS_NOT_VERIFIED|CURRENT_GAME_REPRODUCTION_NOT_DOCUMENTED|SOURCE_NOT_READY|DUPLICATE_CANDIDATE_ONLY","9"
"9d04f935-5640-4619-bbcd-e8f576d97756","bison-y4-drev-punish","m-bison","draft","unverified","GAME_VERIFICATION_REQUIRED","VERIFICATION_STATUS_NOT_VERIFIED","CURRENT_GAME_REPRODUCTION_NOT_DOCUMENTED","0"
"9d25284b-adc4-4425-b4d6-84bf11764a0b","marisa-corner-wall","marisa","draft","unverified","GAME_VERIFICATION_REQUIRED","VERIFICATION_STATUS_NOT_VERIFIED","CURRENT_GAME_REPRODUCTION_NOT_DOCUMENTED","0"
"9d2d4482-35f1-451d-b324-98a9010b59b3","bison-y4-stun-mine","m-bison","draft","unverified","GAME_VERIFICATION_REQUIRED","VERIFICATION_STATUS_NOT_VERIFIED","CURRENT_GAME_REPRODUCTION_NOT_DOCUMENTED","0"
"9d328581-345b-40bc-b835-c404754e76f1","manon-exp-dr-mp-ch-medal","manon","draft","unverified","GAME_VERIFICATION_REQUIRED","VERIFICATION_STATUS_NOT_VERIFIED","CURRENT_GAME_REPRODUCTION_NOT_DOCUMENTED","0"
"9d6eb65b-1311-4d7b-8f31-3b0ce9660da6","marisa-resource","marisa","archived","unverified","HOLD","ARCHIVED_RECORD","PLACEHOLDER_RECIPE|NOTES_CONFLICT|VERIFICATION_STATUS_NOT_VERIFIED|CURRENT_GAME_REPRODUCTION_NOT_DOCUMENTED|SOURCE_NOT_READY","0"
"9d8b1d95-a452-4bce-8d0a-40ff561ceb13","lily-di-pc","lily","archived","unverified","HOLD","ARCHIVED_RECORD","PLACEHOLDER_RECIPE|NOTES_CONFLICT|VERIFICATION_STATUS_NOT_VERIFIED|CURRENT_GAME_REPRODUCTION_NOT_DOCUMENTED|SOURCE_NOT_READY","0"
"9da144fe-2664-4a70-98de-c6d9218957d7","chun-modern-y4-sa2-air-follow","chun-li","draft","unverified","GAME_VERIFICATION_REQUIRED","VERIFICATION_STATUS_NOT_VERIFIED","CURRENT_GAME_REPRODUCTION_NOT_DOCUMENTED","0"
"9dd0ab8c-271d-4c7e-9a58-60c730675c58","blanka-sa3","blanka","archived","unverified","HOLD","ARCHIVED_RECORD","PLACEHOLDER_RECIPE|NOTES_CONFLICT|VERIFICATION_STATUS_NOT_VERIFIED|CURRENT_GAME_REPRODUCTION_NOT_DOCUMENTED|SOURCE_NOT_READY","0"
"9dfffbe7-75c4-4a6c-9ce7-c1075cd57d1f","ken-modern-heavy-run","ken","draft","unverified","GAME_VERIFICATION_REQUIRED","VERIFICATION_STATUS_NOT_VERIFIED","CURRENT_GAME_REPRODUCTION_NOT_DOCUMENTED","0"
"9e14e4c6-199f-458a-8c36-4b882cbe9b31","ingrid-y4-hk-pc","ingrid","draft","unverified","GAME_VERIFICATION_REQUIRED","VERIFICATION_STATUS_NOT_VERIFIED","CURRENT_GAME_REPRODUCTION_NOT_DOCUMENTED","0"
"9e1cb217-9b05-49a1-baab-f8e8cb630b91","lily-burnout","lily","archived","unverified","HOLD","ARCHIVED_RECORD","PLACEHOLDER_RECIPE|NOTES_CONFLICT|VERIFICATION_STATUS_NOT_VERIFIED|CURRENT_GAME_REPRODUCTION_NOT_DOCUMENTED|SOURCE_NOT_READY|DUPLICATE_CANDIDATE_ONLY","1"
"9e4e4a96-2357-4ddc-b3a8-b280a71f1f8f","juri-y4-5mp-punish","juri","draft","unverified","GAME_VERIFICATION_REQUIRED","VERIFICATION_STATUS_NOT_VERIFIED","CURRENT_GAME_REPRODUCTION_NOT_DOCUMENTED","0"
"9e652959-2d48-4b56-bb8d-80097edd9242","terry-y4-hp-charge-wave-dr","terry","draft","unverified","GAME_VERIFICATION_REQUIRED","VERIFICATION_STATUS_NOT_VERIFIED","CURRENT_GAME_REPRODUCTION_NOT_DOCUMENTED","0"
"9e9573c1-c54b-44f0-bbf8-ba746dc27338","elena-y4-modern-sa2-heal","elena","draft","unverified","GAME_VERIFICATION_REQUIRED","VERIFICATION_STATUS_NOT_VERIFIED","CURRENT_GAME_REPRODUCTION_NOT_DOCUMENTED","0"
"9e96f657-3db2-45b2-abb0-6ac55ff9f5f4","ingrid-y4-mptc-cdr-lairflare","ingrid","draft","unverified","GAME_VERIFICATION_REQUIRED","VERIFICATION_STATUS_NOT_VERIFIED","CURRENT_GAME_REPRODUCTION_NOT_DOCUMENTED","0"
"9ea978a6-9234-4813-8974-7b938c286ec0","jamie-20260803-basic-light-arrow","jamie","draft","reviewed","GAME_VERIFICATION_REQUIRED","NOTES_CONFLICT","VERIFICATION_STATUS_NOT_VERIFIED|CURRENT_GAME_REPRODUCTION_NOT_DOCUMENTED","0"
"9f332463-6fd9-4c7b-a243-db8994ef3b26","chun-li-20260803-dr-overhead","chun-li","draft","reviewed","GAME_VERIFICATION_REQUIRED","NOTES_CONFLICT","VERIFICATION_STATUS_NOT_VERIFIED|CURRENT_GAME_REPRODUCTION_NOT_DOCUMENTED","0"
"9f68c564-7a02-4b71-ba02-80290a943656","marisa-p25d-modern-4h-hdimach-sa3","marisa","draft","unverified","GAME_VERIFICATION_REQUIRED","VERIFICATION_STATUS_NOT_VERIFIED","CURRENT_GAME_REPRODUCTION_NOT_DOCUMENTED","0"
"a01e7fff-3c97-458a-bc76-cee5ebddff19","e-honda-pc-heavy","e-honda","archived","unverified","HOLD","ARCHIVED_RECORD","PLACEHOLDER_RECIPE|NOTES_CONFLICT|VERIFICATION_STATUS_NOT_VERIFIED|CURRENT_GAME_REPRODUCTION_NOT_DOCUMENTED|SOURCE_NOT_READY","0"
"a03aea59-1795-4bf5-a736-79094d4c7ebf","cammy-phase13-candidate-combo-03","cammy","archived","unverified","HOLD","ARCHIVED_RECORD","PLACEHOLDER_RECIPE|NOTES_CONFLICT|VERIFICATION_STATUS_NOT_VERIFIED|CURRENT_GAME_REPRODUCTION_NOT_DOCUMENTED|SOURCE_NOT_READY|DUPLICATE_CANDIDATE_ONLY","9"
"a05fa388-d20a-4b88-b15b-5d614372c849","ryu-y4-cmp-od-donkey-tatsu","ryu","draft","reviewed","GAME_VERIFICATION_REQUIRED","VERIFICATION_STATUS_NOT_VERIFIED","CURRENT_GAME_REPRODUCTION_NOT_DOCUMENTED","0"
"a1319fd8-314d-4f62-a8cc-731fd8340fcc","yasmine-y4-corner-2mp-rise","yasmine","draft","unverified","GAME_VERIFICATION_REQUIRED","VERIFICATION_STATUS_NOT_VERIFIED","CURRENT_GAME_REPRODUCTION_NOT_DOCUMENTED","0"
"a1748bc2-3368-45e7-a40a-56597b1904d9","akuma-y4-dr-2lk-5mk-htatsu","akuma","draft","unverified","GAME_VERIFICATION_REQUIRED","VERIFICATION_STATUS_NOT_VERIFIED","CURRENT_GAME_REPRODUCTION_NOT_DOCUMENTED","0"
"a1b28fd2-bc53-4adb-b75a-7471303ffd1c","sagat-y4-step-high-pc-oki","sagat","draft","unverified","GAME_VERIFICATION_REQUIRED","VERIFICATION_STATUS_NOT_VERIFIED","CURRENT_GAME_REPRODUCTION_NOT_DOCUMENTED","0"
"a20e21cb-307a-4958-b4c5-223066a8814a","bison-y4-modern-dr-overhead","m-bison","draft","unverified","GAME_VERIFICATION_REQUIRED","VERIFICATION_STATUS_NOT_VERIFIED","CURRENT_GAME_REPRODUCTION_NOT_DOCUMENTED","0"
"a23e5b69-22f4-4d99-994e-c56646e9dd5d","c-viper-phase13-corner","c-viper","archived","unverified","HOLD","ARCHIVED_RECORD","PLACEHOLDER_RECIPE|NOTES_CONFLICT|VERIFICATION_STATUS_NOT_VERIFIED|CURRENT_GAME_REPRODUCTION_NOT_DOCUMENTED|SOURCE_NOT_READY|DUPLICATE_CANDIDATE_ONLY","9"
"a2984b02-39a9-481c-83a0-3568479d80cf","jp-canon-di-wall-sa3-5490","jp","draft","reviewed","GAME_VERIFICATION_REQUIRED","VERIFICATION_STATUS_NOT_VERIFIED","CURRENT_GAME_REPRODUCTION_NOT_DOCUMENTED","0"
"a2cdab3c-1341-4797-8273-1f5f4aa63a2d","terry-y4-sa2-triple","terry","draft","unverified","GAME_VERIFICATION_REQUIRED","VERIFICATION_STATUS_NOT_VERIFIED","CURRENT_GAME_REPRODUCTION_NOT_DOCUMENTED","0"
"a2cf32fa-8bbe-4d98-98a9-b0f6df1ec9bf","ken-y4-2mp-ch-sa1","ken","draft","reviewed","GAME_VERIFICATION_REQUIRED","VERIFICATION_STATUS_NOT_VERIFIED","CURRENT_GAME_REPRODUCTION_NOT_DOCUMENTED","0"
"a3293db6-b8bf-4ba6-816b-bcbc97cde009","dhalsim-lp-hblast","dhalsim","draft","unverified","GAME_VERIFICATION_REQUIRED","VERIFICATION_STATUS_NOT_VERIFIED","CURRENT_GAME_REPRODUCTION_NOT_DOCUMENTED","0"
"a37b94c1-feab-4337-9f78-c9303496e470","ingrid-y4-modern-assist-l","ingrid","draft","unverified","GAME_VERIFICATION_REQUIRED","VERIFICATION_STATUS_NOT_VERIFIED","CURRENT_GAME_REPRODUCTION_NOT_DOCUMENTED","0"
"a37c898f-9bde-41c4-98c7-c664f7ac8204","viper-y4-modern-light-hthunder","c-viper","draft","unverified","GAME_VERIFICATION_REQUIRED","VERIFICATION_STATUS_NOT_VERIFIED","CURRENT_GAME_REPRODUCTION_NOT_DOCUMENTED","0"
"a38b7a37-4cad-4ea6-8e51-a2bc83a0fc6a","yasmine-phase13-corner","yasmine","archived","unverified","HOLD","ARCHIVED_RECORD","PLACEHOLDER_RECIPE|NOTES_CONFLICT|VERIFICATION_STATUS_NOT_VERIFIED|CURRENT_GAME_REPRODUCTION_NOT_DOCUMENTED|SOURCE_NOT_READY|DUPLICATE_CANDIDATE_ONLY","9"
"a3b0d192-84db-4404-ae62-5a22716d56d9","honda-hp-pc","e-honda","draft","unverified","GAME_VERIFICATION_REQUIRED","VERIFICATION_STATUS_NOT_VERIFIED","CURRENT_GAME_REPRODUCTION_NOT_DOCUMENTED","0"
"a3e9e076-d8cd-49de-a70e-81bca56e7616","chun-modern-y4-corner-cdr-hyakuretsu","chun-li","draft","unverified","GAME_VERIFICATION_REQUIRED","VERIFICATION_STATUS_NOT_VERIFIED","CURRENT_GAME_REPRODUCTION_NOT_DOCUMENTED","0"
"a40969a3-0954-4662-98ca-5b42b4a73e9d","mai-phase13-corner-carry","mai","archived","unverified","HOLD","ARCHIVED_RECORD","PLACEHOLDER_RECIPE|NOTES_CONFLICT|VERIFICATION_STATUS_NOT_VERIFIED|CURRENT_GAME_REPRODUCTION_NOT_DOCUMENTED|SOURCE_NOT_READY|DUPLICATE_CANDIDATE_ONLY","9"
"a4b992b0-64ab-4c15-8022-0e41925ae102","ryu-y4-crmk-drc-hhasho-dr-bhk-lhasho","ryu","draft","reviewed","GAME_VERIFICATION_REQUIRED","VERIFICATION_STATUS_NOT_VERIFIED","CURRENT_GAME_REPRODUCTION_NOT_DOCUMENTED","0"
"a5137dda-b7cf-42f4-8a2f-e254731e30de","kim-y4-5mk-cdr-runstop","kimberly","draft","unverified","GAME_VERIFICATION_REQUIRED","VERIFICATION_STATUS_NOT_VERIFIED","CURRENT_GAME_REPRODUCTION_NOT_DOCUMENTED","0"
"a519ed92-85ad-4779-b385-859c6828c34f","yasmine-phase13-burnout","yasmine","archived","unverified","HOLD","ARCHIVED_RECORD","PLACEHOLDER_RECIPE|NOTES_CONFLICT|VERIFICATION_STATUS_NOT_VERIFIED|CURRENT_GAME_REPRODUCTION_NOT_DOCUMENTED|SOURCE_NOT_READY|DUPLICATE_CANDIDATE_ONLY","9"
"a55481e8-d13a-4cb4-b281-fa591262e4fd","c-viper-phase13-drive-rush","c-viper","archived","unverified","HOLD","ARCHIVED_RECORD","PLACEHOLDER_RECIPE|NOTES_CONFLICT|VERIFICATION_STATUS_NOT_VERIFIED|CURRENT_GAME_REPRODUCTION_NOT_DOCUMENTED|SOURCE_NOT_READY|DUPLICATE_CANDIDATE_ONLY","9"
"a5552eee-975b-48ad-b674-d76b0105ddca","deejay-od-jus-corner","dee-jay","draft","unverified","GAME_VERIFICATION_REQUIRED","VERIFICATION_STATUS_NOT_VERIFIED","CURRENT_GAME_REPRODUCTION_NOT_DOCUMENTED","0"
"a5b533cd-982b-450f-bb81-bed3db99fd36","elena-y4-lights-hrising","elena","draft","unverified","GAME_VERIFICATION_REQUIRED","VERIFICATION_STATUS_NOT_VERIFIED","CURRENT_GAME_REPRODUCTION_NOT_DOCUMENTED","0"
"a5e2b28e-5d0f-4aa7-aa67-68d60e643ef9","guile-modern-di-wall-gauge","guile","draft","unverified","GAME_VERIFICATION_REQUIRED","VERIFICATION_STATUS_NOT_VERIFIED","CURRENT_GAME_REPRODUCTION_NOT_DOCUMENTED","0"
"a5fdb70d-e3b9-4a6a-86ca-ca95a53f1122","dhalsim-corner-odfire-hk","dhalsim","draft","unverified","GAME_VERIFICATION_REQUIRED","VERIFICATION_STATUS_NOT_VERIFIED","CURRENT_GAME_REPRODUCTION_NOT_DOCUMENTED","0"
"a604c9a3-2bb3-4688-b5b4-cb02e615da28","manon-sa3","manon","archived","unverified","HOLD","ARCHIVED_RECORD","PLACEHOLDER_RECIPE|NOTES_CONFLICT|VERIFICATION_STATUS_NOT_VERIFIED|CURRENT_GAME_REPRODUCTION_NOT_DOCUMENTED|SOURCE_NOT_READY","0"
"a640cfbf-f48e-4a99-bc8f-cbc72317ec61","cammy-y4-stun-jhk-max","cammy","draft","unverified","GAME_VERIFICATION_REQUIRED","VERIFICATION_STATUS_NOT_VERIFIED","CURRENT_GAME_REPRODUCTION_NOT_DOCUMENTED","0"
"a650b25e-5007-4ad5-8310-99f02c37c2e2","rashid-y4-modern-onebutton-sa2","rashid","draft","unverified","GAME_VERIFICATION_REQUIRED","VERIFICATION_STATUS_NOT_VERIFIED","CURRENT_GAME_REPRODUCTION_NOT_DOCUMENTED","0"
"a654b915-e0f2-43f2-bd15-19a809bd88bf","marisa-p25d-2mp-mgradius","marisa","draft","unverified","GAME_VERIFICATION_REQUIRED","VERIFICATION_STATUS_NOT_VERIFIED","CURRENT_GAME_REPRODUCTION_NOT_DOCUMENTED","0"
"a672e058-a365-4e81-b4f0-4f03f749971d","honda-cannon-hheadbutt","e-honda","draft","unverified","GAME_VERIFICATION_REQUIRED","VERIFICATION_STATUS_NOT_VERIFIED","CURRENT_GAME_REPRODUCTION_NOT_DOCUMENTED","0"
"a67f5dcc-2c0e-434c-96a7-2a97ccfa9166","aki-y4-poison-mwhip-dash-chain","aki","draft","unverified","GAME_VERIFICATION_REQUIRED","VERIFICATION_STATUS_NOT_VERIFIED","CURRENT_GAME_REPRODUCTION_NOT_DOCUMENTED","0"
"a6d6a0d7-309e-487a-b619-a01ce4f973c2","aki-y4-corner-od-bubble-whips","aki","draft","unverified","GAME_VERIFICATION_REQUIRED","VERIFICATION_STATUS_NOT_VERIFIED","CURRENT_GAME_REPRODUCTION_NOT_DOCUMENTED","0"
"a6f5a9ce-e1f1-408a-89bc-409bc9b313c5","bison-y4-5mp-2mp-mknee","m-bison","draft","unverified","GAME_VERIFICATION_REQUIRED","VERIFICATION_STATUS_NOT_VERIFIED","CURRENT_GAME_REPRODUCTION_NOT_DOCUMENTED","0"
"a6f6396a-4a8e-4f71-a55a-b2ad68c7bb0d","ed-y4-modern-di","ed","draft","unverified","GAME_VERIFICATION_REQUIRED","VERIFICATION_STATUS_NOT_VERIFIED","CURRENT_GAME_REPRODUCTION_NOT_DOCUMENTED","0"
"a70028f7-0e99-42bb-ba9d-4f4c98d3af9e","m-bison-phase13-candidate-combo-08","m-bison","archived","unverified","HOLD","ARCHIVED_RECORD","PLACEHOLDER_RECIPE|NOTES_CONFLICT|VERIFICATION_STATUS_NOT_VERIFIED|CURRENT_GAME_REPRODUCTION_NOT_DOCUMENTED|SOURCE_NOT_READY|DUPLICATE_CANDIDATE_ONLY","9"
"a74d9d52-ac46-4d36-af75-0ef58285d308","marisa-p25d-dr-overhead-sa3","marisa","draft","unverified","GAME_VERIFICATION_REQUIRED","VERIFICATION_STATUS_NOT_VERIFIED","CURRENT_GAME_REPRODUCTION_NOT_DOCUMENTED","0"
"a77c2ac8-a44f-4a83-a179-f9db128c3fb0","aki-y4-corner-lethal-sa3","aki","draft","unverified","GAME_VERIFICATION_REQUIRED","VERIFICATION_STATUS_NOT_VERIFIED","CURRENT_GAME_REPRODUCTION_NOT_DOCUMENTED","0"
"a78368bc-6b5d-4c21-b0d8-0512ca98143b","ryu-phase13-pc","ryu","archived","unverified","HOLD","ARCHIVED_RECORD","PLACEHOLDER_RECIPE|NOTES_CONFLICT|VERIFICATION_STATUS_NOT_VERIFIED|CURRENT_GAME_REPRODUCTION_NOT_DOCUMENTED|SOURCE_NOT_READY|DUPLICATE_CANDIDATE_ONLY","3"
"a784ac9b-80de-4971-9dc5-4ce9bcc774cc","mai-y4-dr-overhead-odryuen","mai","draft","unverified","GAME_VERIFICATION_REQUIRED","VERIFICATION_STATUS_NOT_VERIFIED","CURRENT_GAME_REPRODUCTION_NOT_DOCUMENTED","0"
"a7b2677e-2417-4ceb-9ea2-df785aa4c9f9","yasmine-y4-mptc","yasmine","draft","unverified","GAME_VERIFICATION_REQUIRED","VERIFICATION_STATUS_NOT_VERIFIED","CURRENT_GAME_REPRODUCTION_NOT_DOCUMENTED","0"
"a84eb0cf-7531-4907-94ac-e1db1796df63","akuma-y4-corner-fireball-loop","akuma","draft","unverified","GAME_VERIFICATION_REQUIRED","VERIFICATION_STATUS_NOT_VERIFIED","CURRENT_GAME_REPRODUCTION_NOT_DOCUMENTED","0"
"a88a3b47-8a9e-418a-beed-5c26dc0f657b","ingrid-y4-2hp-lv3-mrise","ingrid","draft","unverified","GAME_VERIFICATION_REQUIRED","VERIFICATION_STATUS_NOT_VERIFIED","CURRENT_GAME_REPRODUCTION_NOT_DOCUMENTED","0"
"a88d47c1-4cbc-4a2a-a239-c99728d8464e","aki-y4-poison-mwhip-odwhip","aki","draft","unverified","GAME_VERIFICATION_REQUIRED","VERIFICATION_STATUS_NOT_VERIFIED","CURRENT_GAME_REPRODUCTION_NOT_DOCUMENTED","0"
"a8bfe464-cc1d-4057-9666-b281b68591ca","ryu-y4-pc-5hp-hhasho-dr-mtatsu","ryu","draft","reviewed","GAME_VERIFICATION_REQUIRED","VERIFICATION_STATUS_NOT_VERIFIED","CURRENT_GAME_REPRODUCTION_NOT_DOCUMENTED","0"
"a8c299de-ddd5-4683-aabc-35e36f193550","blanka-dr-overhead","blanka","draft","unverified","GAME_VERIFICATION_REQUIRED","VERIFICATION_STATUS_NOT_VERIFIED","CURRENT_GAME_REPRODUCTION_NOT_DOCUMENTED","0"
"a8ca4656-ec2e-423f-a7e8-9b8bb30c311d","blanka-di-wall","blanka","draft","unverified","GAME_VERIFICATION_REQUIRED","VERIFICATION_STATUS_NOT_VERIFIED","CURRENT_GAME_REPRODUCTION_NOT_DOCUMENTED","0"
"a90a3a5f-8b9e-4dcf-8ccf-b7b85d69683a","luke-y4-doubleimpact-pc-charge-sa3","luke","draft","reviewed","GAME_VERIFICATION_REQUIRED","VERIFICATION_STATUS_NOT_VERIFIED","CURRENT_GAME_REPRODUCTION_NOT_DOCUMENTED","0"
"a9132957-2310-4762-af6e-247e56a77d5a","ingrid-y4-punish-stock","ingrid","draft","unverified","GAME_VERIFICATION_REQUIRED","VERIFICATION_STATUS_NOT_VERIFIED","CURRENT_GAME_REPRODUCTION_NOT_DOCUMENTED","0"
"a9296af6-4255-40cd-9f57-f688dd77d0ce","terry-y4-aa-hrising","terry","draft","unverified","GAME_VERIFICATION_REQUIRED","VERIFICATION_STATUS_NOT_VERIFIED","CURRENT_GAME_REPRODUCTION_NOT_DOCUMENTED","0"
"a94f2f3d-3abc-466d-aa28-8a3f7e7be655","ken-y4-2mk-cdr-run-tatsu","ken","draft","unverified","GAME_VERIFICATION_REQUIRED","VERIFICATION_STATUS_NOT_VERIFIED","CURRENT_GAME_REPRODUCTION_NOT_DOCUMENTED","0"
"a97b22b5-1748-4131-8dca-24308e7c9dd6","mai-y4-di-air-musasabi","mai","draft","unverified","GAME_VERIFICATION_REQUIRED","VERIFICATION_STATUS_NOT_VERIFIED","CURRENT_GAME_REPRODUCTION_NOT_DOCUMENTED","0"
"a9c23e95-a714-4337-82a9-dd0106395260","ryu-y3-gosho-odhasho-sa1","ryu","draft","unverified","GAME_VERIFICATION_REQUIRED","VERIFICATION_STATUS_NOT_VERIFIED","CURRENT_GAME_REPRODUCTION_NOT_DOCUMENTED","0"
"a9d6b418-de5c-477a-87b7-ad80f86f5f54","aki-y4-hk-chain-lights-hwhip","aki","draft","unverified","GAME_VERIFICATION_REQUIRED","VERIFICATION_STATUS_NOT_VERIFIED","CURRENT_GAME_REPRODUCTION_NOT_DOCUMENTED","0"
"a9e2f39f-40f4-4627-8b1a-0765ceb15a6a","blanka-5hp-lift","blanka","draft","unverified","GAME_VERIFICATION_REQUIRED","VERIFICATION_STATUS_NOT_VERIFIED","CURRENT_GAME_REPRODUCTION_NOT_DOCUMENTED","0"
"a9ef38bc-d8a4-4b71-b68e-ce936597fab8","ed-phase13-candidate-combo-06","ed","archived","unverified","HOLD","ARCHIVED_RECORD","PLACEHOLDER_RECIPE|NOTES_CONFLICT|VERIFICATION_STATUS_NOT_VERIFIED|CURRENT_GAME_REPRODUCTION_NOT_DOCUMENTED|SOURCE_NOT_READY|DUPLICATE_CANDIDATE_ONLY","9"
"a9f7b399-c5a9-423f-964b-94c89818c137","ingrid-y4-mptc-cdr-mairflare","ingrid","draft","unverified","GAME_VERIFICATION_REQUIRED","VERIFICATION_STATUS_NOT_VERIFIED","CURRENT_GAME_REPRODUCTION_NOT_DOCUMENTED","0"
"aa08c19c-eed0-4ceb-a9df-169320630ecd","c-viper-phase13-sa2","c-viper","archived","unverified","HOLD","ARCHIVED_RECORD","PLACEHOLDER_RECIPE|NOTES_CONFLICT|VERIFICATION_STATUS_NOT_VERIFIED|CURRENT_GAME_REPRODUCTION_NOT_DOCUMENTED|SOURCE_NOT_READY|DUPLICATE_CANDIDATE_ONLY","9"
"aa0c767c-6f92-4e37-b8d3-2bad8c5d7c20","zangief-y4-di-double-cdr","zangief","draft","unverified","GAME_VERIFICATION_REQUIRED","VERIFICATION_STATUS_NOT_VERIFIED","CURRENT_GAME_REPRODUCTION_NOT_DOCUMENTED","0"
"aa1d0e66-2e92-4207-b38c-4a6c8ec5cb31","lily-y4-wind-air-max","lily","draft","unverified","GAME_VERIFICATION_REQUIRED","VERIFICATION_STATUS_NOT_VERIFIED","CURRENT_GAME_REPRODUCTION_NOT_DOCUMENTED","0"
"aa1d6cbd-e06d-4259-ba46-9f4f74e00bd4","kim-y4-heavy-run-vault","kimberly","draft","unverified","GAME_VERIFICATION_REQUIRED","VERIFICATION_STATUS_NOT_VERIFIED","CURRENT_GAME_REPRODUCTION_NOT_DOCUMENTED","0"
"aa30ae67-aa84-404e-a033-d0bfb7049c7f","rashid-y4-corner-oikin-safejump","rashid","draft","unverified","GAME_VERIFICATION_REQUIRED","VERIFICATION_STATUS_NOT_VERIFIED","CURRENT_GAME_REPRODUCTION_NOT_DOCUMENTED","0"
"aa767fb6-ad99-4a41-b4ad-49ae86f9da6d","mai-y4-kachousen-fall-drhp","mai","draft","unverified","GAME_VERIFICATION_REQUIRED","VERIFICATION_STATUS_NOT_VERIFIED","CURRENT_GAME_REPRODUCTION_NOT_DOCUMENTED","0"
"aaa6f7e7-9f75-47f1-9c1d-ba4c0b61ed55","marisa-mptc-gladius","marisa","draft","unverified","GAME_VERIFICATION_REQUIRED","VERIFICATION_STATUS_NOT_VERIFIED","CURRENT_GAME_REPRODUCTION_NOT_DOCUMENTED","0"
"aaae2f4a-a593-40e5-b8da-bcd107bf4559","rashid-y4-stun-jump-route","rashid","draft","unverified","GAME_VERIFICATION_REQUIRED","VERIFICATION_STATUS_NOT_VERIFIED","CURRENT_GAME_REPRODUCTION_NOT_DOCUMENTED","0"
"aabcba06-dddf-4515-9604-cff94cc09d05","chun-modern-y4-od-hazanshu","chun-li","draft","unverified","GAME_VERIFICATION_REQUIRED","VERIFICATION_STATUS_NOT_VERIFIED","CURRENT_GAME_REPRODUCTION_NOT_DOCUMENTED","0"
"aae5eef7-a4ac-4155-99f6-dd70ee0debaa","mai-phase13-drive-rush","mai","archived","unverified","HOLD","ARCHIVED_RECORD","PLACEHOLDER_RECIPE|NOTES_CONFLICT|VERIFICATION_STATUS_NOT_VERIFIED|CURRENT_GAME_REPRODUCTION_NOT_DOCUMENTED|SOURCE_NOT_READY|DUPLICATE_CANDIDATE_ONLY","9"
"aaead2bc-0d56-4d0f-b519-238c4af4730c","dhalsim-sa3","dhalsim","archived","unverified","HOLD","ARCHIVED_RECORD","PLACEHOLDER_RECIPE|NOTES_CONFLICT|VERIFICATION_STATUS_NOT_VERIFIED|CURRENT_GAME_REPRODUCTION_NOT_DOCUMENTED|SOURCE_NOT_READY","0"
"ab002188-9b1a-4cf4-8968-c471fcd61aad","terry-y4-5mp-ch-target","terry","draft","unverified","GAME_VERIFICATION_REQUIRED","VERIFICATION_STATUS_NOT_VERIFIED","CURRENT_GAME_REPRODUCTION_NOT_DOCUMENTED","0"
"ab7b7424-0124-4b38-8e83-36d05f12f991","mai-y4-sa2-carry","mai","draft","unverified","GAME_VERIFICATION_REQUIRED","VERIFICATION_STATUS_NOT_VERIFIED","CURRENT_GAME_REPRODUCTION_NOT_DOCUMENTED","0"
"ab7d2e99-6eda-400e-b956-a0b333059440","mai-phase13-light-confirm","mai","archived","unverified","HOLD","ARCHIVED_RECORD","PLACEHOLDER_RECIPE|NOTES_CONFLICT|VERIFICATION_STATUS_NOT_VERIFIED|CURRENT_GAME_REPRODUCTION_NOT_DOCUMENTED|SOURCE_NOT_READY|DUPLICATE_CANDIDATE_ONLY","9"
"ab82d2d1-f10c-43ec-bc5b-8597844cc440","ken-y4-mptc-run-tatsu","ken","draft","unverified","GAME_VERIFICATION_REQUIRED","VERIFICATION_STATUS_NOT_VERIFIED","CURRENT_GAME_REPRODUCTION_NOT_DOCUMENTED","0"
"ab9c5202-ad1d-41f0-9a47-b2d53f364f19","ken-y4-2mp-ch-sa2","ken","draft","reviewed","GAME_VERIFICATION_REQUIRED","VERIFICATION_STATUS_NOT_VERIFIED","CURRENT_GAME_REPRODUCTION_NOT_DOCUMENTED","0"
"abaa97b4-8045-4fcf-9cc4-eacebabc5eab","zangief-y4-dr-2mk-lariat","zangief","draft","unverified","GAME_VERIFICATION_REQUIRED","VERIFICATION_STATUS_NOT_VERIFIED","CURRENT_GAME_REPRODUCTION_NOT_DOCUMENTED","0"
"ac19340d-112d-49ef-a441-e23b53a65972","ingrid-y4-modern-sa2","ingrid","draft","unverified","GAME_VERIFICATION_REQUIRED","VERIFICATION_STATUS_NOT_VERIFIED","CURRENT_GAME_REPRODUCTION_NOT_DOCUMENTED","0"
"ac3404b8-9cf3-413d-b4d8-9bedb31ace3d","zangief-y4-modern-di-spd","zangief","draft","unverified","GAME_VERIFICATION_REQUIRED","VERIFICATION_STATUS_NOT_VERIFIED","CURRENT_GAME_REPRODUCTION_NOT_DOCUMENTED","0"
"ac7718e2-34a6-492e-9706-3d7e475fa58e","elena-y4-modern-assist-h","elena","draft","unverified","GAME_VERIFICATION_REQUIRED","VERIFICATION_STATUS_NOT_VERIFIED","CURRENT_GAME_REPRODUCTION_NOT_DOCUMENTED","0"
"ac850ff3-29a9-4967-95c4-4d177f62e0fc","alex-y4-modern-onebutton-pb","alex","draft","unverified","GAME_VERIFICATION_REQUIRED","VERIFICATION_STATUS_NOT_VERIFIED","CURRENT_GAME_REPRODUCTION_NOT_DOCUMENTED","0"
"accc9e90-c8ea-4a3a-91c3-87276b2c5372","aki-phase13-candidate-combo-03","aki","archived","unverified","HOLD","ARCHIVED_RECORD","PLACEHOLDER_RECIPE|NOTES_CONFLICT|VERIFICATION_STATUS_NOT_VERIFIED|CURRENT_GAME_REPRODUCTION_NOT_DOCUMENTED|SOURCE_NOT_READY|DUPLICATE_CANDIDATE_ONLY","9"
"ad31eb7f-5dc3-4a8a-a02c-887ae2cb869d","jp-canon-5hk-pc-max-6220","jp","draft","reviewed","GAME_VERIFICATION_REQUIRED","VERIFICATION_STATUS_NOT_VERIFIED","CURRENT_GAME_REPRODUCTION_NOT_DOCUMENTED","0"
"ad3464f7-7852-473b-8a78-f2d7349bfd36","terry-y4-lights-hrising","terry","draft","unverified","GAME_VERIFICATION_REQUIRED","VERIFICATION_STATUS_NOT_VERIFIED","CURRENT_GAME_REPRODUCTION_NOT_DOCUMENTED","0"
"ad3a06a0-6203-41db-94fb-a1cf3ca42ca7","terry-y4-2mp-odcharge-hburn","terry","draft","unverified","GAME_VERIFICATION_REQUIRED","VERIFICATION_STATUS_NOT_VERIFIED","CURRENT_GAME_REPRODUCTION_NOT_DOCUMENTED","0"
"ad42a230-abad-4e9a-ad4f-f2d02a0e8e5a","honda-di-switch-stomp","e-honda","draft","unverified","GAME_VERIFICATION_REQUIRED","VERIFICATION_STATUS_NOT_VERIFIED","CURRENT_GAME_REPRODUCTION_NOT_DOCUMENTED","0"
"ad4827d2-a860-4023-879a-1d65c9539197","aki-y4-modern-assist-h","aki","draft","unverified","GAME_VERIFICATION_REQUIRED","VERIFICATION_STATUS_NOT_VERIFIED","CURRENT_GAME_REPRODUCTION_NOT_DOCUMENTED","0"
"ad5e1292-8e78-4bb1-b10e-f020a8559470","alex-y4-air-stamp-pc-sa1","alex","draft","unverified","GAME_VERIFICATION_REQUIRED","VERIFICATION_STATUS_NOT_VERIFIED","CURRENT_GAME_REPRODUCTION_NOT_DOCUMENTED","0"
"ad66a211-ad99-432b-927b-f431e2940527","chun-modern-y4-di-pc-air","chun-li","draft","unverified","GAME_VERIFICATION_REQUIRED","VERIFICATION_STATUS_NOT_VERIFIED","CURRENT_GAME_REPRODUCTION_NOT_DOCUMENTED","0"
"ad86b2d8-26c2-4fcd-a6be-1e4ca8ffe70c","zangief-y4-bodypress-light-lariat","zangief","draft","unverified","GAME_VERIFICATION_REQUIRED","VERIFICATION_STATUS_NOT_VERIFIED","CURRENT_GAME_REPRODUCTION_NOT_DOCUMENTED","0"
"adc25a73-7ed7-40e8-98f0-26f4b1492cd2","ken-y4-stun-sa3","ken","draft","unverified","GAME_VERIFICATION_REQUIRED","VERIFICATION_STATUS_NOT_VERIFIED","CURRENT_GAME_REPRODUCTION_NOT_DOCUMENTED","0"
"adf5ba40-65b2-4a69-a636-d7678511adba","honda-stock-max-sa3","e-honda","draft","unverified","GAME_VERIFICATION_REQUIRED","VERIFICATION_STATUS_NOT_VERIFIED","CURRENT_GAME_REPRODUCTION_NOT_DOCUMENTED","0"
"ae60cd0a-082b-4bf9-be64-42b7c6cd0433","viper-y4-modern-assist-m-burn","c-viper","draft","unverified","GAME_VERIFICATION_REQUIRED","VERIFICATION_STATUS_NOT_VERIFIED","CURRENT_GAME_REPRODUCTION_NOT_DOCUMENTED","0"
"ae67f7a9-e1e1-45bb-8a27-ea94f8367b7f","chun-li-phase13-20260827-4","chun-li","archived","unverified","HOLD","ARCHIVED_RECORD","PLACEHOLDER_RECIPE|NOTES_CONFLICT|VERIFICATION_STATUS_NOT_VERIFIED|CURRENT_GAME_REPRODUCTION_NOT_DOCUMENTED|DUPLICATE_CANDIDATE_ONLY","9"
"aea2c329-fd95-4161-ac5a-d83b080f60c7","yasmine-phase13-sa2","yasmine","archived","unverified","HOLD","ARCHIVED_RECORD","PLACEHOLDER_RECIPE|NOTES_CONFLICT|VERIFICATION_STATUS_NOT_VERIFIED|CURRENT_GAME_REPRODUCTION_NOT_DOCUMENTED|SOURCE_NOT_READY|DUPLICATE_CANDIDATE_ONLY","9"
"aeabe7e0-b720-40ef-bdb6-90ac8f974a2c","zangief-y4-5lk-ch-cdr","zangief","draft","unverified","GAME_VERIFICATION_REQUIRED","VERIFICATION_STATUS_NOT_VERIFIED","CURRENT_GAME_REPRODUCTION_NOT_DOCUMENTED","0"
"aeaeb51b-b93a-4f04-a733-10023672c7b3","viper-y4-seismo-airburn-safejump","c-viper","draft","unverified","GAME_VERIFICATION_REQUIRED","VERIFICATION_STATUS_NOT_VERIFIED","CURRENT_GAME_REPRODUCTION_NOT_DOCUMENTED","0"
"af5047cb-98b5-4736-bb16-9fd83e1bc411","ingrid-y4-6hp-lv3","ingrid","draft","unverified","GAME_VERIFICATION_REQUIRED","VERIFICATION_STATUS_NOT_VERIFIED","CURRENT_GAME_REPRODUCTION_NOT_DOCUMENTED","0"
"af95a4ee-47e0-4eaa-a1fc-31eeefee35ec","akuma-y4-modern-assist-l","akuma","draft","unverified","GAME_VERIFICATION_REQUIRED","VERIFICATION_STATUS_NOT_VERIFIED","CURRENT_GAME_REPRODUCTION_NOT_DOCUMENTED","0"
"afbfb9ab-ec42-4f1d-8e03-90b02ef5dd44","elena-y4-modern-assist-m","elena","draft","unverified","GAME_VERIFICATION_REQUIRED","VERIFICATION_STATUS_NOT_VERIFIED","CURRENT_GAME_REPRODUCTION_NOT_DOCUMENTED","0"
"afd86a6e-85f8-40f2-9313-a74446539064","guile-modern-di-pc-sa1","guile","draft","unverified","GAME_VERIFICATION_REQUIRED","VERIFICATION_STATUS_NOT_VERIFIED","CURRENT_GAME_REPRODUCTION_NOT_DOCUMENTED","0"
"b01b99bb-1a49-45f1-80f8-042e064e62eb","jamie-legacy-sa3-corner-damage","jamie","draft","unverified","GAME_VERIFICATION_REQUIRED","NOTES_CONFLICT","VERIFICATION_STATUS_NOT_VERIFIED|CURRENT_GAME_REPRODUCTION_NOT_DOCUMENTED","0"
"b0294aa5-e4c8-4ba3-8c72-809c01439cef","honda-modern-di","e-honda","draft","unverified","GAME_VERIFICATION_REQUIRED","VERIFICATION_STATUS_NOT_VERIFIED","CURRENT_GAME_REPRODUCTION_NOT_DOCUMENTED","0"
"b061d369-34ba-41cd-a1ce-d8bce92344e3","terry-phase13-candidate-combo-03","terry","archived","unverified","HOLD","ARCHIVED_RECORD","PLACEHOLDER_RECIPE|NOTES_CONFLICT|VERIFICATION_STATUS_NOT_VERIFIED|CURRENT_GAME_REPRODUCTION_NOT_DOCUMENTED|SOURCE_NOT_READY|DUPLICATE_CANDIDATE_ONLY","9"
"b070fe84-134f-4282-b722-53c74c5589ef","akuma-y4-drev-punish","akuma","draft","unverified","GAME_VERIFICATION_REQUIRED","VERIFICATION_STATUS_NOT_VERIFIED","CURRENT_GAME_REPRODUCTION_NOT_DOCUMENTED","0"
"b085eb84-0c89-4dd6-b422-adedf38474c4","yasmine-y4-sa2-mktc","yasmine","draft","unverified","GAME_VERIFICATION_REQUIRED","VERIFICATION_STATUS_NOT_VERIFIED","CURRENT_GAME_REPRODUCTION_NOT_DOCUMENTED","0"
"b0de2004-a301-4b2e-959e-80b5b93f29dc","honda-cannon-teppo-sa1","e-honda","draft","unverified","GAME_VERIFICATION_REQUIRED","VERIFICATION_STATUS_NOT_VERIFIED","CURRENT_GAME_REPRODUCTION_NOT_DOCUMENTED","0"
"b0f4810d-d204-480f-a7c9-0e59615165a7","zangief-y4-punish-russian","zangief","draft","unverified","GAME_VERIFICATION_REQUIRED","VERIFICATION_STATUS_NOT_VERIFIED","CURRENT_GAME_REPRODUCTION_NOT_DOCUMENTED","0"
"b10e7c6e-e95f-4765-b62d-ac79a5480b38","juri-modern-od-divekick","juri","draft","unverified","GAME_VERIFICATION_REQUIRED","VERIFICATION_STATUS_NOT_VERIFIED","CURRENT_GAME_REPRODUCTION_NOT_DOCUMENTED","0"
"b1378269-8c0e-4e85-afb6-ba4acf040d16","ken-y4-run-ryubi-sa3","ken","draft","unverified","GAME_VERIFICATION_REQUIRED","VERIFICATION_STATUS_NOT_VERIFIED","CURRENT_GAME_REPRODUCTION_NOT_DOCUMENTED","0"
"b1437053-5318-44b6-b12b-038608e56170","ryu-y3-video-denjin-sa2-manual-dr","ryu","draft","unverified","GAME_VERIFICATION_REQUIRED","VERIFICATION_STATUS_NOT_VERIFIED","CURRENT_GAME_REPRODUCTION_NOT_DOCUMENTED","0"
"b164a8ef-38ff-4286-8782-141d87cdda7b","juri-y4-light-fuhajin","juri","draft","reviewed","GAME_VERIFICATION_REQUIRED","VERIFICATION_STATUS_NOT_VERIFIED","CURRENT_GAME_REPRODUCTION_NOT_DOCUMENTED","0"
"b1829e5a-3dac-49f7-a36d-beb8682d1d66","blanka-medium-confirm","blanka","archived","unverified","HOLD","ARCHIVED_RECORD","PLACEHOLDER_RECIPE|NOTES_CONFLICT|VERIFICATION_STATUS_NOT_VERIFIED|CURRENT_GAME_REPRODUCTION_NOT_DOCUMENTED|SOURCE_NOT_READY","0"
"b18b8aa3-e57d-4746-bea4-31d836080bb2","terry-y4-modern-di-wall","terry","draft","unverified","GAME_VERIFICATION_REQUIRED","VERIFICATION_STATUS_NOT_VERIFIED","CURRENT_GAME_REPRODUCTION_NOT_DOCUMENTED","0"
"b18d7272-9be9-415b-9929-e213e2c1fe28","lily-y4-modern-hornbreak-cdr","lily","draft","unverified","GAME_VERIFICATION_REQUIRED","VERIFICATION_STATUS_NOT_VERIFIED","CURRENT_GAME_REPRODUCTION_NOT_DOCUMENTED","0"
"b190ae0a-e0b4-4891-b274-a18ec97936ea","ed-y4-2mp-cdr-target","ed","draft","unverified","GAME_VERIFICATION_REQUIRED","VERIFICATION_STATUS_NOT_VERIFIED","CURRENT_GAME_REPRODUCTION_NOT_DOCUMENTED","0"
"b19f4672-7cac-43cd-bfa5-015b2969a021","jamie-modern-y4-2mk-cdr-heavy-swagger","jamie","draft","unverified","GAME_VERIFICATION_REQUIRED","VERIFICATION_STATUS_NOT_VERIFIED","CURRENT_GAME_REPRODUCTION_NOT_DOCUMENTED","0"
"b1b10ec4-bfb0-488b-a089-a269a564a7f8","akuma-y4-sa1-basic","akuma","draft","unverified","GAME_VERIFICATION_REQUIRED","VERIFICATION_STATUS_NOT_VERIFIED","CURRENT_GAME_REPRODUCTION_NOT_DOCUMENTED","0"
"b1bcd251-f331-4fa1-9211-6f263489099a","honda-jump-hp-butt","e-honda","draft","unverified","GAME_VERIFICATION_REQUIRED","VERIFICATION_STATUS_NOT_VERIFIED","CURRENT_GAME_REPRODUCTION_NOT_DOCUMENTED","0"
"b2290847-1e69-4b6c-8d53-05df9fd89d25","yasmine-y4-stun-sa3","yasmine","draft","unverified","GAME_VERIFICATION_REQUIRED","VERIFICATION_STATUS_NOT_VERIFIED","CURRENT_GAME_REPRODUCTION_NOT_DOCUMENTED","0"
"b271d589-19bd-4ceb-b414-4fb9faa63d05","marisa-p25d-modern-2l-pc-sa3","marisa","draft","unverified","GAME_VERIFICATION_REQUIRED","VERIFICATION_STATUS_NOT_VERIFIED","CURRENT_GAME_REPRODUCTION_NOT_DOCUMENTED","0"
"b280ac4b-a05b-49cf-a35e-e31935d0007d","bison-y4-2mp-odknee-hbackfist","m-bison","draft","unverified","GAME_VERIFICATION_REQUIRED","VERIFICATION_STATUS_NOT_VERIFIED","CURRENT_GAME_REPRODUCTION_NOT_DOCUMENTED","0"
"b2ca9f76-e5b4-4b21-a84b-e579ef1f4cb3","marisa-p25d-modern-5h-pc-amtc","marisa","draft","unverified","GAME_VERIFICATION_REQUIRED","VERIFICATION_STATUS_NOT_VERIFIED","CURRENT_GAME_REPRODUCTION_NOT_DOCUMENTED","0"
"b2cb1021-2121-4560-a29d-6e87e7a0f7b5","manon-modern-cdr","manon","draft","unverified","GAME_VERIFICATION_REQUIRED","VERIFICATION_STATUS_NOT_VERIFIED","CURRENT_GAME_REPRODUCTION_NOT_DOCUMENTED","0"
"b3317eac-72a6-4fca-922d-f9496edfffb9","alex-y4-target-stance","alex","draft","unverified","GAME_VERIFICATION_REQUIRED","VERIFICATION_STATUS_NOT_VERIFIED","CURRENT_GAME_REPRODUCTION_NOT_DOCUMENTED","0"
"b3812c80-41a3-4915-a443-799c4904e762","guile-classic-di-full-sa1","guile","draft","unverified","GAME_VERIFICATION_REQUIRED","VERIFICATION_STATUS_NOT_VERIFIED","CURRENT_GAME_REPRODUCTION_NOT_DOCUMENTED","0"
"b3a7ed77-8229-47c4-ba84-65166fbb7b15","luke-double-impact-oki","luke","draft","reviewed","GAME_VERIFICATION_REQUIRED","VERIFICATION_STATUS_NOT_VERIFIED","CURRENT_GAME_REPRODUCTION_NOT_DOCUMENTED","0"
"b3f3b162-f737-4f46-959e-d599cfb12bc8","jamie-phase13-20260827-10","jamie","archived","unverified","HOLD","ARCHIVED_RECORD","PLACEHOLDER_RECIPE|NOTES_CONFLICT|VERIFICATION_STATUS_NOT_VERIFIED|CURRENT_GAME_REPRODUCTION_NOT_DOCUMENTED|DUPLICATE_CANDIDATE_ONLY","9"
"b3f8ea61-82c5-4a6c-9423-38710f3d9e03","terry-y4-firekick-odcrack-rising","terry","draft","unverified","GAME_VERIFICATION_REQUIRED","VERIFICATION_STATUS_NOT_VERIFIED","CURRENT_GAME_REPRODUCTION_NOT_DOCUMENTED","0"
"b3fce6a8-9a2c-4ead-8613-94b6543a0cef","blanka-corner","blanka","archived","unverified","HOLD","ARCHIVED_RECORD","PLACEHOLDER_RECIPE|NOTES_CONFLICT|VERIFICATION_STATUS_NOT_VERIFIED|CURRENT_GAME_REPRODUCTION_NOT_DOCUMENTED|SOURCE_NOT_READY","0"
"b40bf0ca-aace-4c70-bf81-27538a410187","jp-modern-wall-torbalan-stribog","jp","draft","unverified","GAME_VERIFICATION_REQUIRED","VERIFICATION_STATUS_NOT_VERIFIED","CURRENT_GAME_REPRODUCTION_NOT_DOCUMENTED","0"
"b43998a9-142c-4b9f-8823-c3ab4e658311","kim-y4-di-wall","kimberly","draft","unverified","GAME_VERIFICATION_REQUIRED","VERIFICATION_STATUS_NOT_VERIFIED","CURRENT_GAME_REPRODUCTION_NOT_DOCUMENTED","0"
"b43bdd17-9cf8-4205-b3fe-e51236f57984","honda-stock-hands","e-honda","draft","unverified","GAME_VERIFICATION_REQUIRED","VERIFICATION_STATUS_NOT_VERIFIED","CURRENT_GAME_REPRODUCTION_NOT_DOCUMENTED","0"
"b44f173f-fda6-4d7a-a2f1-194a59689fee","zangief-di-pc","zangief","archived","unverified","HOLD","ARCHIVED_RECORD","PLACEHOLDER_RECIPE|NOTES_CONFLICT|VERIFICATION_STATUS_NOT_VERIFIED|CURRENT_GAME_REPRODUCTION_NOT_DOCUMENTED|SOURCE_NOT_READY","0"
"b44fcd14-a583-410b-bba1-017131aea24f","honda-light-headbutt","e-honda","draft","unverified","GAME_VERIFICATION_REQUIRED","VERIFICATION_STATUS_NOT_VERIFIED","CURRENT_GAME_REPRODUCTION_NOT_DOCUMENTED","0"
"b4a322a1-730e-4374-ba6a-2acc838817ae","ingrid-y4-lp-lk-mrise","ingrid","draft","unverified","GAME_VERIFICATION_REQUIRED","VERIFICATION_STATUS_NOT_VERIFIED","CURRENT_GAME_REPRODUCTION_NOT_DOCUMENTED","0"
"b4a50987-6242-45ed-9e1c-007c65c5b44d","elena-y4-mktc-odspin-sa1","elena","draft","unverified","GAME_VERIFICATION_REQUIRED","VERIFICATION_STATUS_NOT_VERIFIED","CURRENT_GAME_REPRODUCTION_NOT_DOCUMENTED","0"
"b4af16c8-ca02-434a-9ebc-de0931d98390","aki-y4-poison-mwhip-sa","aki","draft","unverified","GAME_VERIFICATION_REQUIRED","VERIFICATION_STATUS_NOT_VERIFIED","CURRENT_GAME_REPRODUCTION_NOT_DOCUMENTED","0"
"b527b718-0323-43bd-9046-29e7629982f2","guile-modern-corner-odblade-sa3","guile","draft","unverified","GAME_VERIFICATION_REQUIRED","VERIFICATION_STATUS_NOT_VERIFIED","CURRENT_GAME_REPRODUCTION_NOT_DOCUMENTED","0"
"b52b22bd-3d65-4b61-8460-54772931f693","ryu-y3-stun-jump-sa1","ryu","draft","unverified","GAME_VERIFICATION_REQUIRED","VERIFICATION_STATUS_NOT_VERIFIED","CURRENT_GAME_REPRODUCTION_NOT_DOCUMENTED","0"
"b54100a8-4d34-4c71-9fd9-13513a761ecf","deejay-pc-mid-sobat","dee-jay","draft","unverified","GAME_VERIFICATION_REQUIRED","VERIFICATION_STATUS_NOT_VERIFIED","CURRENT_GAME_REPRODUCTION_NOT_DOCUMENTED","0"
"b584d1d9-3e47-4124-9b57-978ae80f3590","luke-y4-modern-burnout-anywhere-sa3","luke","draft","reviewed","GAME_VERIFICATION_REQUIRED","VERIFICATION_STATUS_NOT_VERIFIED","CURRENT_GAME_REPRODUCTION_NOT_DOCUMENTED","0"
"b5850613-f3da-4ab8-8b7b-97651495d657","honda-modern-2l-cdr-max","e-honda","draft","unverified","GAME_VERIFICATION_REQUIRED","VERIFICATION_STATUS_NOT_VERIFIED","CURRENT_GAME_REPRODUCTION_NOT_DOCUMENTED","0"
"b58e8ef6-1c8d-452f-93f7-1e5f14f46ca4","blanka-2lk-light-ball","blanka","draft","unverified","GAME_VERIFICATION_REQUIRED","VERIFICATION_STATUS_NOT_VERIFIED","CURRENT_GAME_REPRODUCTION_NOT_DOCUMENTED","0"
"b5d1dbd8-177f-4bc7-b3fe-d4aff61ecf9a","guile-sa2-di-loop","guile","draft","unverified","GAME_VERIFICATION_REQUIRED","VERIFICATION_STATUS_NOT_VERIFIED","CURRENT_GAME_REPRODUCTION_NOT_DOCUMENTED","0"
"b5d76829-3386-4c7a-bcc0-3c2bf4719a70","akuma-y4-hadamant-pc-5hp","akuma","draft","unverified","GAME_VERIFICATION_REQUIRED","VERIFICATION_STATUS_NOT_VERIFIED","CURRENT_GAME_REPRODUCTION_NOT_DOCUMENTED","0"
"b60dd0c3-aa0b-4069-ac0e-dd364823e25c","yasmine-y4-mktc","yasmine","draft","unverified","GAME_VERIFICATION_REQUIRED","VERIFICATION_STATUS_NOT_VERIFIED","CURRENT_GAME_REPRODUCTION_NOT_DOCUMENTED","0"
"b62c5b4e-c0d4-45b5-ac35-58fd8c62c153","cammy-phase13-candidate-combo-08","cammy","archived","unverified","HOLD","ARCHIVED_RECORD","PLACEHOLDER_RECIPE|NOTES_CONFLICT|VERIFICATION_STATUS_NOT_VERIFIED|CURRENT_GAME_REPRODUCTION_NOT_DOCUMENTED|SOURCE_NOT_READY|DUPLICATE_CANDIDATE_ONLY","9"
"b63f71a1-802d-4ba8-9b6a-a5feb7830886","ryu-y3-gosho-od-donkey-senpu","ryu","draft","unverified","GAME_VERIFICATION_REQUIRED","VERIFICATION_STATUS_NOT_VERIFIED","CURRENT_GAME_REPRODUCTION_NOT_DOCUMENTED","0"
"b64a53d0-e781-4d1e-9369-24af5c6bb300","jamie-y4-corner-2kk-5hp-sweep","jamie","draft","unverified","GAME_VERIFICATION_REQUIRED","VERIFICATION_STATUS_NOT_VERIFIED","CURRENT_GAME_REPRODUCTION_NOT_DOCUMENTED","0"
"b66a2bae-85fb-44b4-a3da-96e6bafac2fb","lily-basic-light","lily","archived","unverified","HOLD","ARCHIVED_RECORD","PLACEHOLDER_RECIPE|NOTES_CONFLICT|VERIFICATION_STATUS_NOT_VERIFIED|CURRENT_GAME_REPRODUCTION_NOT_DOCUMENTED|SOURCE_NOT_READY","0"
"b66da4b0-ecea-43ad-8c63-32d21313602f","deejay-modern-assist-h-sa3","dee-jay","draft","unverified","GAME_VERIFICATION_REQUIRED","VERIFICATION_STATUS_NOT_VERIFIED","CURRENT_GAME_REPRODUCTION_NOT_DOCUMENTED","0"
"b67d55f7-0a9f-4140-b9e4-39bca6fc29f3","dhalsim-burnout","dhalsim","archived","unverified","HOLD","ARCHIVED_RECORD","PLACEHOLDER_RECIPE|NOTES_CONFLICT|VERIFICATION_STATUS_NOT_VERIFIED|CURRENT_GAME_REPRODUCTION_NOT_DOCUMENTED|SOURCE_NOT_READY|DUPLICATE_CANDIDATE_ONLY","1"
"b6aa4a97-6e63-4952-8bbf-a04bfbd6d2eb","rashid-y4-modern-assist-l","rashid","draft","unverified","GAME_VERIFICATION_REQUIRED","VERIFICATION_STATUS_NOT_VERIFIED","CURRENT_GAME_REPRODUCTION_NOT_DOCUMENTED","0"
"b6ab6aab-c1f0-4dc2-8947-d27a7c77bd5c","honda-stun-odhands-sa3","e-honda","draft","unverified","GAME_VERIFICATION_REQUIRED","VERIFICATION_STATUS_NOT_VERIFIED","CURRENT_GAME_REPRODUCTION_NOT_DOCUMENTED","0"
"b6d6b046-16e2-42f6-a213-6938e263a23a","jamie-y4-dr-2lk-2mk-finish","jamie","draft","unverified","GAME_VERIFICATION_REQUIRED","VERIFICATION_STATUS_NOT_VERIFIED","CURRENT_GAME_REPRODUCTION_NOT_DOCUMENTED","0"
"b6e3ca21-aa45-4f69-8071-9f422683237f","lily-y4-wind-2mk-mspire","lily","draft","unverified","GAME_VERIFICATION_REQUIRED","VERIFICATION_STATUS_NOT_VERIFIED","CURRENT_GAME_REPRODUCTION_NOT_DOCUMENTED","0"
"b6fd8278-a651-4723-82a2-c4e9b77bed05","akuma-y4-2lp-hdp","akuma","draft","unverified","GAME_VERIFICATION_REQUIRED","VERIFICATION_STATUS_NOT_VERIFIED","CURRENT_GAME_REPRODUCTION_NOT_DOCUMENTED","0"
"b7127793-ec1f-496a-be86-1780efaa05b4","lily-y4-wind-corner-mspire-od-air","lily","draft","unverified","GAME_VERIFICATION_REQUIRED","VERIFICATION_STATUS_NOT_VERIFIED","CURRENT_GAME_REPRODUCTION_NOT_DOCUMENTED","0"
"b72f8c5c-e1a1-4594-81ea-00647955bd21","blanka-cdr-2mp-3hp","blanka","draft","unverified","GAME_VERIFICATION_REQUIRED","VERIFICATION_STATUS_NOT_VERIFIED","CURRENT_GAME_REPRODUCTION_NOT_DOCUMENTED","0"
"b73d00fa-d074-4422-9897-0cc3df0c24eb","kimberly-phase13-20260827-8","kimberly","archived","unverified","HOLD","ARCHIVED_RECORD","PLACEHOLDER_RECIPE|NOTES_CONFLICT|VERIFICATION_STATUS_NOT_VERIFIED|CURRENT_GAME_REPRODUCTION_NOT_DOCUMENTED|DUPLICATE_CANDIDATE_ONLY","9"
"b741a869-405e-43c6-87c3-e96e7f6cb343","jp-canon-medium-cdr-sa3-4822","jp","draft","reviewed","GAME_VERIFICATION_REQUIRED","VERIFICATION_STATUS_NOT_VERIFIED","CURRENT_GAME_REPRODUCTION_NOT_DOCUMENTED","0"
"b7897166-175f-4f54-bf65-f556b62dbb20","alex-y4-shimmy-2mk","alex","draft","unverified","GAME_VERIFICATION_REQUIRED","VERIFICATION_STATUS_NOT_VERIFIED","CURRENT_GAME_REPRODUCTION_NOT_DOCUMENTED","0"
"b78b7d2d-2b6c-4b84-b126-f66cd0f56e34","kimberly-phase13-20260827-4","kimberly","archived","unverified","HOLD","ARCHIVED_RECORD","PLACEHOLDER_RECIPE|NOTES_CONFLICT|VERIFICATION_STATUS_NOT_VERIFIED|CURRENT_GAME_REPRODUCTION_NOT_DOCUMENTED|DUPLICATE_CANDIDATE_ONLY","9"
"b79d8557-0ac1-458d-be3a-37a0a8b6b3fc","chun-li-phase13-20260827-7","chun-li","archived","unverified","HOLD","ARCHIVED_RECORD","PLACEHOLDER_RECIPE|NOTES_CONFLICT|VERIFICATION_STATUS_NOT_VERIFIED|CURRENT_GAME_REPRODUCTION_NOT_DOCUMENTED|DUPLICATE_CANDIDATE_ONLY","9"
"b7b2502c-b69a-4f1a-83a6-1ba3c5ee3c60","chun-modern-y4-5lp-ch-cdr","chun-li","draft","unverified","GAME_VERIFICATION_REQUIRED","VERIFICATION_STATUS_NOT_VERIFIED","CURRENT_GAME_REPRODUCTION_NOT_DOCUMENTED","0"
"b7ba1ed2-337d-4767-b680-4feced5e2889","luke-y4-modern-jhp-ah-odflash-ddt","luke","draft","reviewed","GAME_VERIFICATION_REQUIRED","VERIFICATION_STATUS_NOT_VERIFIED","CURRENT_GAME_REPRODUCTION_NOT_DOCUMENTED","0"
"b7d9768a-cc7c-48d2-bebd-bd6c3d007268","ken-y4-crmk-dr-damage","ken","draft","reviewed","GAME_VERIFICATION_REQUIRED","VERIFICATION_STATUS_NOT_VERIFIED","CURRENT_GAME_REPRODUCTION_NOT_DOCUMENTED","0"
"b8182a75-710c-4152-b08a-b97a69f4f881","luke-y4-modern-burnout-center-sa3","luke","draft","reviewed","GAME_VERIFICATION_REQUIRED","VERIFICATION_STATUS_NOT_VERIFIED","CURRENT_GAME_REPRODUCTION_NOT_DOCUMENTED","0"
"b826f227-141c-44ac-82a7-a02ec3cf06a0","elena-y4-2mp-lmoonglide","elena","draft","unverified","GAME_VERIFICATION_REQUIRED","VERIFICATION_STATUS_NOT_VERIFIED","CURRENT_GAME_REPRODUCTION_NOT_DOCUMENTED","0"
"b86060a6-5fd8-429f-9e33-9cd778d27aeb","honda-di-wall-cannon-stomp","e-honda","draft","unverified","GAME_VERIFICATION_REQUIRED","VERIFICATION_STATUS_NOT_VERIFIED","CURRENT_GAME_REPRODUCTION_NOT_DOCUMENTED","0"
"b8792723-93a0-4a44-9641-b0a519b6674f","yasmine-y4-lights-sa2","yasmine","draft","unverified","GAME_VERIFICATION_REQUIRED","VERIFICATION_STATUS_NOT_VERIFIED","CURRENT_GAME_REPRODUCTION_NOT_DOCUMENTED","0"
"b8fd0aae-24d5-47d2-8530-a4e91b3021c7","sagat-y4-light-knee","sagat","draft","unverified","GAME_VERIFICATION_REQUIRED","VERIFICATION_STATUS_NOT_VERIFIED","CURRENT_GAME_REPRODUCTION_NOT_DOCUMENTED","0"
"b9378135-68f8-4a28-add5-534eaa257dc8","mai-y4-flame3-corner","mai","draft","unverified","GAME_VERIFICATION_REQUIRED","VERIFICATION_STATUS_NOT_VERIFIED","CURRENT_GAME_REPRODUCTION_NOT_DOCUMENTED","0"
"b966a3b6-cb00-4066-9f9f-1934075e3ae9","dhalsim-4mk-flame","dhalsim","draft","unverified","GAME_VERIFICATION_REQUIRED","VERIFICATION_STATUS_NOT_VERIFIED","CURRENT_GAME_REPRODUCTION_NOT_DOCUMENTED","0"
"b985f521-abfd-4c47-86af-c2216471926b","aki-y4-2mk-5lk-hwhip","aki","draft","unverified","GAME_VERIFICATION_REQUIRED","VERIFICATION_STATUS_NOT_VERIFIED","CURRENT_GAME_REPRODUCTION_NOT_DOCUMENTED","0"
"b98cf601-396d-4f06-9e75-99759fba4c0d","marisa-light-dimach","marisa","draft","unverified","GAME_VERIFICATION_REQUIRED","VERIFICATION_STATUS_NOT_VERIFIED","CURRENT_GAME_REPRODUCTION_NOT_DOCUMENTED","0"
"b98f6960-6cc0-4d27-9447-76a551e53652","aki-y4-modern-dr-overhead","aki","draft","unverified","GAME_VERIFICATION_REQUIRED","VERIFICATION_STATUS_NOT_VERIFIED","CURRENT_GAME_REPRODUCTION_NOT_DOCUMENTED","0"
"b9943813-9ad9-4d0c-a9bb-d21022c98923","elena-y4-sa3-rhino","elena","draft","unverified","GAME_VERIFICATION_REQUIRED","VERIFICATION_STATUS_NOT_VERIFIED","CURRENT_GAME_REPRODUCTION_NOT_DOCUMENTED","0"
"b9a3e45e-f14c-4aed-aece-a3f81ce3b51d","dhalsim-basic-light","dhalsim","archived","unverified","HOLD","ARCHIVED_RECORD","PLACEHOLDER_RECIPE|NOTES_CONFLICT|VERIFICATION_STATUS_NOT_VERIFIED|CURRENT_GAME_REPRODUCTION_NOT_DOCUMENTED|SOURCE_NOT_READY","0"
"b9ab6a3f-ab23-49f1-8e84-01595b137e81","luke-y4-mflash-dr-hp-hflash","luke","draft","reviewed","GAME_VERIFICATION_REQUIRED","VERIFICATION_STATUS_NOT_VERIFIED","CURRENT_GAME_REPRODUCTION_NOT_DOCUMENTED","0"
"ba62000b-456d-4938-a17b-149ef91e483c","viper-y4-modern-5m-thunder","c-viper","draft","unverified","GAME_VERIFICATION_REQUIRED","VERIFICATION_STATUS_NOT_VERIFIED","CURRENT_GAME_REPRODUCTION_NOT_DOCUMENTED","0"
"bab109ac-2a75-42c5-88f6-46f2e826b18e","marisa-mptc-dimach","marisa","draft","unverified","GAME_VERIFICATION_REQUIRED","VERIFICATION_STATUS_NOT_VERIFIED","CURRENT_GAME_REPRODUCTION_NOT_DOCUMENTED","0"
"bab138c1-cdfd-4352-a6ce-7b611c51e82f","aki-y4-aa-hwhip","aki","draft","unverified","GAME_VERIFICATION_REQUIRED","VERIFICATION_STATUS_NOT_VERIFIED","CURRENT_GAME_REPRODUCTION_NOT_DOCUMENTED","0"
"bab8e29b-077d-41e1-98d3-4d5b38a78419","guile-written-2mp-double-cdr-sa3","guile","draft","unverified","GAME_VERIFICATION_REQUIRED","VERIFICATION_STATUS_NOT_VERIFIED","CURRENT_GAME_REPRODUCTION_NOT_DOCUMENTED","0"
"bacf5e28-e9df-451c-bba0-35f00caa78a0","terry-y4-modern-assist-h","terry","draft","unverified","GAME_VERIFICATION_REQUIRED","VERIFICATION_STATUS_NOT_VERIFIED","CURRENT_GAME_REPRODUCTION_NOT_DOCUMENTED","0"
"bb1c7089-6e4a-40d5-a97d-5c408ab8d9df","jp-di-wall-sa3","jp","draft","reviewed","GAME_VERIFICATION_REQUIRED","VERIFICATION_STATUS_NOT_VERIFIED","CURRENT_GAME_REPRODUCTION_NOT_DOCUMENTED","0"
"bb3224e4-d0be-4a0d-a5f0-46db3435b111","bison-y4-stun-no-mine","m-bison","draft","unverified","GAME_VERIFICATION_REQUIRED","VERIFICATION_STATUS_NOT_VERIFIED","CURRENT_GAME_REPRODUCTION_NOT_DOCUMENTED","0"
"bb46409d-ed4a-411f-98c3-1e9924f4abe0","alex-y4-max-sa3","alex","draft","unverified","GAME_VERIFICATION_REQUIRED","VERIFICATION_STATUS_NOT_VERIFIED","CURRENT_GAME_REPRODUCTION_NOT_DOCUMENTED","0"
"bb6ca335-800c-4c89-9c01-8f25eb251ea3","ryu-y4-denjin-hasho-dr-bhp-hdp","ryu","draft","reviewed","GAME_VERIFICATION_REQUIRED","VERIFICATION_STATUS_NOT_VERIFIED","CURRENT_GAME_REPRODUCTION_NOT_DOCUMENTED","0"
"bb904038-a09b-4a09-9aef-df2b7b27f5e4","lily-y4-aa-2hp-mwind","lily","draft","unverified","GAME_VERIFICATION_REQUIRED","VERIFICATION_STATUS_NOT_VERIFIED","CURRENT_GAME_REPRODUCTION_NOT_DOCUMENTED","0"
"bb98f742-dc45-45a5-a949-7d2b0f53fbb4","yasmine-y4-modern-assist-h","yasmine","draft","unverified","GAME_VERIFICATION_REQUIRED","VERIFICATION_STATUS_NOT_VERIFIED","CURRENT_GAME_REPRODUCTION_NOT_DOCUMENTED","0"
"bbd9423e-b79d-427c-89d2-b9f0ac5124b2","zangief-y4-modern-medium-manual","zangief","draft","unverified","GAME_VERIFICATION_REQUIRED","VERIFICATION_STATUS_NOT_VERIFIED","CURRENT_GAME_REPRODUCTION_NOT_DOCUMENTED","0"
"bbe40233-1fc7-43ea-add8-fb5b682792d5","manon-di-pc","manon","archived","unverified","HOLD","ARCHIVED_RECORD","PLACEHOLDER_RECIPE|NOTES_CONFLICT|VERIFICATION_STATUS_NOT_VERIFIED|CURRENT_GAME_REPRODUCTION_NOT_DOCUMENTED|SOURCE_NOT_READY","0"
"bbf82cff-636d-4298-8afb-6fc0f1ebc4ea","alex-y4-cdr-mp-4k","alex","draft","unverified","GAME_VERIFICATION_REQUIRED","VERIFICATION_STATUS_NOT_VERIFIED","CURRENT_GAME_REPRODUCTION_NOT_DOCUMENTED","0"
"bc43f375-2a89-4899-9b1e-b9a053c17b47","elena-phase13-medium-confirm","elena","archived","unverified","HOLD","ARCHIVED_RECORD","PLACEHOLDER_RECIPE|NOTES_CONFLICT|VERIFICATION_STATUS_NOT_VERIFIED|CURRENT_GAME_REPRODUCTION_NOT_DOCUMENTED|SOURCE_NOT_READY|DUPLICATE_CANDIDATE_ONLY","9"
"bcb85f14-5a46-48f4-91d6-7fb8111ca6af","marisa-sa3","marisa","archived","unverified","HOLD","ARCHIVED_RECORD","PLACEHOLDER_RECIPE|NOTES_CONFLICT|VERIFICATION_STATUS_NOT_VERIFIED|CURRENT_GAME_REPRODUCTION_NOT_DOCUMENTED|SOURCE_NOT_READY","0"
"bcc095b6-6fc2-43e1-bde5-8d6865598106","jp-canon-light-basic-1140","jp","draft","reviewed","GAME_VERIFICATION_REQUIRED","VERIFICATION_STATUS_NOT_VERIFIED","CURRENT_GAME_REPRODUCTION_NOT_DOCUMENTED","0"
"bce31ddc-33ba-4db0-aeb2-14064936449c","manon-sa1","manon","archived","unverified","HOLD","ARCHIVED_RECORD","PLACEHOLDER_RECIPE|NOTES_CONFLICT|VERIFICATION_STATUS_NOT_VERIFIED|CURRENT_GAME_REPRODUCTION_NOT_DOCUMENTED|SOURCE_NOT_READY|DUPLICATE_CANDIDATE_ONLY","1"
"bd0758c1-3c0a-4ecb-853c-0496ad6f3a4d","luke-y4-dreversal-punish-hflash","luke","draft","reviewed","GAME_VERIFICATION_REQUIRED","VERIFICATION_STATUS_NOT_VERIFIED","CURRENT_GAME_REPRODUCTION_NOT_DOCUMENTED","0"
"bd316ca8-c2bf-4be7-87dd-34d58d0f0258","juri-y4-light-sa3","juri","draft","reviewed","GAME_VERIFICATION_REQUIRED","VERIFICATION_STATUS_NOT_VERIFIED","CURRENT_GAME_REPRODUCTION_NOT_DOCUMENTED","0"
"bd31af37-ad6a-4a5a-bc49-43e8276dd53c","cammy-y4-2mk-cdr-hp-harrow","cammy","draft","unverified","GAME_VERIFICATION_REQUIRED","VERIFICATION_STATUS_NOT_VERIFIED","CURRENT_GAME_REPRODUCTION_NOT_DOCUMENTED","0"
"bd4ca86f-6d70-4326-ad38-7f6b5b099994","ed-phase13-candidate-combo-04","ed","archived","unverified","HOLD","ARCHIVED_RECORD","PLACEHOLDER_RECIPE|NOTES_CONFLICT|VERIFICATION_STATUS_NOT_VERIFIED|CURRENT_GAME_REPRODUCTION_NOT_DOCUMENTED|SOURCE_NOT_READY|DUPLICATE_CANDIDATE_ONLY","9"
"bd63df1b-7b45-4e3c-810b-59baca704290","jamie-phase13-20260827-3","jamie","archived","unverified","HOLD","ARCHIVED_RECORD","PLACEHOLDER_RECIPE|NOTES_CONFLICT|VERIFICATION_STATUS_NOT_VERIFIED|CURRENT_GAME_REPRODUCTION_NOT_DOCUMENTED|DUPLICATE_CANDIDATE_ONLY","9"
"bd78823d-37ae-43c7-a1fb-377d9611df68","zangief-y4-di-sa2-borscht","zangief","draft","unverified","GAME_VERIFICATION_REQUIRED","VERIFICATION_STATUS_NOT_VERIFIED","CURRENT_GAME_REPRODUCTION_NOT_DOCUMENTED","0"
"be1f206d-1858-4bca-8223-2ff670f77bab","ken-y4-2mk-cdr-2hp","ken","draft","unverified","GAME_VERIFICATION_REQUIRED","VERIFICATION_STATUS_NOT_VERIFIED","CURRENT_GAME_REPRODUCTION_NOT_DOCUMENTED","0"
"be5d8599-bcb8-4317-9042-8492b63327ad","jamie-phase13-20260827-5","jamie","archived","unverified","HOLD","ARCHIVED_RECORD","PLACEHOLDER_RECIPE|NOTES_CONFLICT|VERIFICATION_STATUS_NOT_VERIFIED|CURRENT_GAME_REPRODUCTION_NOT_DOCUMENTED|DUPLICATE_CANDIDATE_ONLY","9"
"bea092e2-6d7f-49b8-8bb6-a8484b05cf7c","rashid-y4-di-jump-max","rashid","draft","unverified","GAME_VERIFICATION_REQUIRED","VERIFICATION_STATUS_NOT_VERIFIED","CURRENT_GAME_REPRODUCTION_NOT_DOCUMENTED","0"
"bea351fb-fa78-466e-b30d-7f0e938db883","ed-phase13-candidate-combo-09","ed","archived","unverified","HOLD","ARCHIVED_RECORD","PLACEHOLDER_RECIPE|NOTES_CONFLICT|VERIFICATION_STATUS_NOT_VERIFIED|CURRENT_GAME_REPRODUCTION_NOT_DOCUMENTED|SOURCE_NOT_READY|DUPLICATE_CANDIDATE_ONLY","9"
"bea4f705-1042-4034-a4b1-bd31903cd0e3","rashid-y4-dr-2lk-2mk-leagle","rashid","draft","unverified","GAME_VERIFICATION_REQUIRED","VERIFICATION_STATUS_NOT_VERIFIED","CURRENT_GAME_REPRODUCTION_NOT_DOCUMENTED","0"
"beaaf890-9c18-447e-94ac-bc0a83297d94","mai-y4-2mp-ch-2mk","mai","draft","unverified","GAME_VERIFICATION_REQUIRED","VERIFICATION_STATUS_NOT_VERIFIED","CURRENT_GAME_REPRODUCTION_NOT_DOCUMENTED","0"
"becbb10f-606a-43fd-8f59-a1962fc4525c","jamie-legacy-5mk-cdr-mp-hp","jamie","draft","unverified","GAME_VERIFICATION_REQUIRED","NOTES_CONFLICT","VERIFICATION_STATUS_NOT_VERIFIED|CURRENT_GAME_REPRODUCTION_NOT_DOCUMENTED","0"
"bf2345a6-b663-4add-85a4-a002b6c8f635","elena-y4-di-central","elena","draft","unverified","GAME_VERIFICATION_REQUIRED","VERIFICATION_STATUS_NOT_VERIFIED","CURRENT_GAME_REPRODUCTION_NOT_DOCUMENTED","0"
"bf2eafa7-5d20-4dff-8e4e-5d3190e63fac","rashid-y4-di-basic-tc","rashid","draft","unverified","GAME_VERIFICATION_REQUIRED","VERIFICATION_STATUS_NOT_VERIFIED","CURRENT_GAME_REPRODUCTION_NOT_DOCUMENTED","0"
"bf45d277-6b36-4a5c-bdd4-8024e157d941","zangief-y4-modern-jm-sa2-sa1","zangief","draft","unverified","GAME_VERIFICATION_REQUIRED","VERIFICATION_STATUS_NOT_VERIFIED","CURRENT_GAME_REPRODUCTION_NOT_DOCUMENTED","0"
"bf4f60b3-62cf-487d-b4e2-9386f1cb089f","guile-sa2-burnstraight-loop","guile","draft","unverified","GAME_VERIFICATION_REQUIRED","VERIFICATION_STATUS_NOT_VERIFIED","CURRENT_GAME_REPRODUCTION_NOT_DOCUMENTED","0"
"bf7f0a29-ace9-444c-8008-3178abcce55b","jamie-phase13-20260827-1","jamie","archived","unverified","HOLD","ARCHIVED_RECORD","PLACEHOLDER_RECIPE|NOTES_CONFLICT|VERIFICATION_STATUS_NOT_VERIFIED|CURRENT_GAME_REPRODUCTION_NOT_DOCUMENTED|DUPLICATE_CANDIDATE_ONLY","9"
"bfb2e920-65f9-4759-92d9-0fcee27bf90a","ryu-y4-pc-5hk-lhasho-sa1","ryu","draft","reviewed","GAME_VERIFICATION_REQUIRED","VERIFICATION_STATUS_NOT_VERIFIED","CURRENT_GAME_REPRODUCTION_NOT_DOCUMENTED","0"
"bfbbb2a7-a87c-4f7e-bab1-50f5c666c9a4","deejay-modern-sunrise-ch-jack","dee-jay","draft","unverified","GAME_VERIFICATION_REQUIRED","VERIFICATION_STATUS_NOT_VERIFIED","CURRENT_GAME_REPRODUCTION_NOT_DOCUMENTED","0"
"bfdfaab9-5245-473c-9000-f44c082a4bcf","manon-exp-modern-aa-od-rond","manon","draft","unverified","GAME_VERIFICATION_REQUIRED","VERIFICATION_STATUS_NOT_VERIFIED","CURRENT_GAME_REPRODUCTION_NOT_DOCUMENTED","0"
"c03140f1-311f-4f89-82f8-47b515aa4f63","dhalsim-sa1","dhalsim","archived","unverified","HOLD","ARCHIVED_RECORD","PLACEHOLDER_RECIPE|NOTES_CONFLICT|VERIFICATION_STATUS_NOT_VERIFIED|CURRENT_GAME_REPRODUCTION_NOT_DOCUMENTED|SOURCE_NOT_READY|DUPLICATE_CANDIDATE_ONLY","1"
"c037a850-9056-405c-8853-697bf5186f04","sagat-phase13-sa1","sagat","archived","unverified","HOLD","ARCHIVED_RECORD","PLACEHOLDER_RECIPE|NOTES_CONFLICT|VERIFICATION_STATUS_NOT_VERIFIED|CURRENT_GAME_REPRODUCTION_NOT_DOCUMENTED|SOURCE_NOT_READY|DUPLICATE_CANDIDATE_ONLY","9"
"c03bd012-1476-41c8-a881-b6fe4fc6e54e","zangief-y4-modern-bodypress-light","zangief","draft","unverified","GAME_VERIFICATION_REQUIRED","VERIFICATION_STATUS_NOT_VERIFIED","CURRENT_GAME_REPRODUCTION_NOT_DOCUMENTED","0"
"c04450ba-00e7-4cc8-8615-3ef5a9277ffb","terry-y4-2mp-mburn","terry","draft","unverified","GAME_VERIFICATION_REQUIRED","VERIFICATION_STATUS_NOT_VERIFIED","CURRENT_GAME_REPRODUCTION_NOT_DOCUMENTED","0"
"c063461c-b113-46e3-9ded-249fc0cf7567","dhalsim-4mk-blast","dhalsim","draft","unverified","GAME_VERIFICATION_REQUIRED","VERIFICATION_STATUS_NOT_VERIFIED","CURRENT_GAME_REPRODUCTION_NOT_DOCUMENTED","0"
"c06d4f96-25bb-4f59-8f6b-70e5a5582143","ken-y4-low-light-dp","ken","draft","unverified","GAME_VERIFICATION_REQUIRED","VERIFICATION_STATUS_NOT_VERIFIED","CURRENT_GAME_REPRODUCTION_NOT_DOCUMENTED","0"
"c082f9bf-488d-40b0-9aa5-bb36292edbb4","kim-y4-light-tc","kimberly","draft","unverified","GAME_VERIFICATION_REQUIRED","VERIFICATION_STATUS_NOT_VERIFIED","CURRENT_GAME_REPRODUCTION_NOT_DOCUMENTED","0"
"c0d4b021-db2e-4f3a-8cb5-1738db331282","e-honda-di-pc","e-honda","archived","unverified","HOLD","ARCHIVED_RECORD","PLACEHOLDER_RECIPE|NOTES_CONFLICT|VERIFICATION_STATUS_NOT_VERIFIED|CURRENT_GAME_REPRODUCTION_NOT_DOCUMENTED|SOURCE_NOT_READY","0"
"c0e315b3-50a1-4c7f-bbef-76f3993031b7","dhalsim-dr-hk-pc","dhalsim","draft","unverified","GAME_VERIFICATION_REQUIRED","VERIFICATION_STATUS_NOT_VERIFIED","CURRENT_GAME_REPRODUCTION_NOT_DOCUMENTED","0"
"c13dfb3d-91a0-4ccd-b287-3d8b298c5fb5","terry-y4-sa1-light","terry","draft","unverified","GAME_VERIFICATION_REQUIRED","VERIFICATION_STATUS_NOT_VERIFIED","CURRENT_GAME_REPRODUCTION_NOT_DOCUMENTED","0"
"c17c0ede-af9a-4c07-95c9-faaa9febc57f","ingrid-y4-aa-lrise","ingrid","draft","unverified","GAME_VERIFICATION_REQUIRED","VERIFICATION_STATUS_NOT_VERIFIED","CURRENT_GAME_REPRODUCTION_NOT_DOCUMENTED","0"
"c1ea2a92-8460-4923-b14b-b56b3a629c31","marisa-modern-od-phalanx","marisa","draft","unverified","GAME_VERIFICATION_REQUIRED","VERIFICATION_STATUS_NOT_VERIFIED","CURRENT_GAME_REPRODUCTION_NOT_DOCUMENTED","0"
"c239a7e6-2ddb-4bba-9721-cd64a43d58d9","ed-y4-5hp-lflicker","ed","draft","unverified","GAME_VERIFICATION_REQUIRED","VERIFICATION_STATUS_NOT_VERIFIED","CURRENT_GAME_REPRODUCTION_NOT_DOCUMENTED","0"
"c23ba611-e7d2-4cf7-aa59-e203e42d095f","yasmine-y4-side-switch","yasmine","draft","unverified","GAME_VERIFICATION_REQUIRED","VERIFICATION_STATUS_NOT_VERIFIED","CURRENT_GAME_REPRODUCTION_NOT_DOCUMENTED","0"
"c2607aea-a5e9-4d07-80c0-2f040a32d32b","kim-y4-5f-punish","kimberly","draft","unverified","GAME_VERIFICATION_REQUIRED","VERIFICATION_STATUS_NOT_VERIFIED","CURRENT_GAME_REPRODUCTION_NOT_DOCUMENTED","0"
"c2bf29ae-b038-4c2b-b387-3770437f70ba","ingrid-y4-hp-pc","ingrid","draft","unverified","GAME_VERIFICATION_REQUIRED","VERIFICATION_STATUS_NOT_VERIFIED","CURRENT_GAME_REPRODUCTION_NOT_DOCUMENTED","0"
"c2c1e62d-26c2-437b-b5c0-1d1bf8616166","cammy-y4-sa2-air-enhanced-arrow","cammy","draft","unverified","GAME_VERIFICATION_REQUIRED","VERIFICATION_STATUS_NOT_VERIFIED","CURRENT_GAME_REPRODUCTION_NOT_DOCUMENTED","0"
"c302b362-506b-4654-99ba-a28b8837bd7d","sagat-y4-2mp-cdr-charged-upper","sagat","draft","unverified","GAME_VERIFICATION_REQUIRED","VERIFICATION_STATUS_NOT_VERIFIED","CURRENT_GAME_REPRODUCTION_NOT_DOCUMENTED","0"
"c35a2bc6-cf01-4d82-ba6b-80cb816a4051","manon-exp-hk-pc-degage","manon","draft","unverified","GAME_VERIFICATION_REQUIRED","VERIFICATION_STATUS_NOT_VERIFIED","CURRENT_GAME_REPRODUCTION_NOT_DOCUMENTED","0"
"c368034e-9ec8-4c24-a5d8-2c06236797cc","ed-y4-modern-assistl","ed","draft","unverified","GAME_VERIFICATION_REQUIRED","VERIFICATION_STATUS_NOT_VERIFIED","CURRENT_GAME_REPRODUCTION_NOT_DOCUMENTED","0"
"c3ddfda9-f3d0-4561-827f-4e50950dbede","deejay-modern-basic","dee-jay","draft","unverified","GAME_VERIFICATION_REQUIRED","VERIFICATION_STATUS_NOT_VERIFIED","CURRENT_GAME_REPRODUCTION_NOT_DOCUMENTED","0"
"c40fd083-0e8e-48da-9762-a620826a9a64","elena-y4-enhanced-leopard","elena","draft","unverified","GAME_VERIFICATION_REQUIRED","VERIFICATION_STATUS_NOT_VERIFIED","CURRENT_GAME_REPRODUCTION_NOT_DOCUMENTED","0"
"c41374e9-0226-46fa-b8e3-71f3dd27fca9","yasmine-y4-stun-basic","yasmine","draft","unverified","GAME_VERIFICATION_REQUIRED","VERIFICATION_STATUS_NOT_VERIFIED","CURRENT_GAME_REPRODUCTION_NOT_DOCUMENTED","0"
"c4304c97-5cba-478c-a7a7-ce7c9282c301","aki-y4-hp-target-poison","aki","draft","unverified","GAME_VERIFICATION_REQUIRED","VERIFICATION_STATUS_NOT_VERIFIED","CURRENT_GAME_REPRODUCTION_NOT_DOCUMENTED","0"
"c46b890c-8a56-4c75-912c-c43ccd00e861","jamie-y4-corner-od-divekick-5hp-sweep","jamie","draft","unverified","GAME_VERIFICATION_REQUIRED","VERIFICATION_STATUS_NOT_VERIFIED","CURRENT_GAME_REPRODUCTION_NOT_DOCUMENTED","0"
"c47a5916-35c0-4dee-b51d-126d7c4cfd7e","sagat-y4-sting-target","sagat","draft","unverified","GAME_VERIFICATION_REQUIRED","VERIFICATION_STATUS_NOT_VERIFIED","CURRENT_GAME_REPRODUCTION_NOT_DOCUMENTED","0"
"c480dc24-416e-492c-8bce-0dacafbe2acb","lily-sa3","lily","archived","unverified","HOLD","ARCHIVED_RECORD","PLACEHOLDER_RECIPE|NOTES_CONFLICT|VERIFICATION_STATUS_NOT_VERIFIED|CURRENT_GAME_REPRODUCTION_NOT_DOCUMENTED|SOURCE_NOT_READY","0"
"c4823450-3af9-4bc1-ad74-3c96ebf3908b","elena-y4-hptc-pc-dr","elena","draft","unverified","GAME_VERIFICATION_REQUIRED","VERIFICATION_STATUS_NOT_VERIFIED","CURRENT_GAME_REPRODUCTION_NOT_DOCUMENTED","0"
"c496a6d1-ba7f-49d3-9101-17cdc8f5b9a8","viper-y4-modern-aa","c-viper","draft","unverified","GAME_VERIFICATION_REQUIRED","VERIFICATION_STATUS_NOT_VERIFIED","CURRENT_GAME_REPRODUCTION_NOT_DOCUMENTED","0"
"c4aa8cdb-bd5e-4062-8f03-8ae465bbb089","marisa-p25d-modern-di-wall-hdimach","marisa","draft","unverified","GAME_VERIFICATION_REQUIRED","VERIFICATION_STATUS_NOT_VERIFIED","CURRENT_GAME_REPRODUCTION_NOT_DOCUMENTED","0"
"c4d34fc6-523d-47f9-8e7f-bb25371b2636","mai-y4-lktc-odmusasabi-shoryu","mai","draft","unverified","GAME_VERIFICATION_REQUIRED","VERIFICATION_STATUS_NOT_VERIFIED","CURRENT_GAME_REPRODUCTION_NOT_DOCUMENTED","0"
"c50d3bca-ab3f-4cdc-8d10-8322d6ef9bc7","yasmine-y4-hp-pc","yasmine","draft","unverified","GAME_VERIFICATION_REQUIRED","VERIFICATION_STATUS_NOT_VERIFIED","CURRENT_GAME_REPRODUCTION_NOT_DOCUMENTED","0"
"c5baf4d9-cba9-43e3-99b9-c610b158b68d","bison-y4-modern-assist-m","m-bison","draft","unverified","GAME_VERIFICATION_REQUIRED","VERIFICATION_STATUS_NOT_VERIFIED","CURRENT_GAME_REPRODUCTION_NOT_DOCUMENTED","0"
"c5c9e604-65ca-431e-a133-1f7a12961da2","honda-stun-gain-sa2","e-honda","draft","unverified","GAME_VERIFICATION_REQUIRED","VERIFICATION_STATUS_NOT_VERIFIED","CURRENT_GAME_REPRODUCTION_NOT_DOCUMENTED","0"
"c5d14422-7c4a-45ca-9341-fcb27d15a04a","ryu-y3-odtatsu-dr-mp-hdonkey","ryu","draft","unverified","GAME_VERIFICATION_REQUIRED","VERIFICATION_STATUS_NOT_VERIFIED","CURRENT_GAME_REPRODUCTION_NOT_DOCUMENTED","0"
"c5d9083f-c318-4d0f-a7e7-7b5b0e072116","akuma-phase13-candidate-combo-04","akuma","archived","unverified","HOLD","ARCHIVED_RECORD","PLACEHOLDER_RECIPE|NOTES_CONFLICT|VERIFICATION_STATUS_NOT_VERIFIED|CURRENT_GAME_REPRODUCTION_NOT_DOCUMENTED|SOURCE_NOT_READY|DUPLICATE_CANDIDATE_ONLY","9"
"c6001cf5-b247-41dd-bffb-910ee6428394","ingrid-phase13-sa1","ingrid","archived","unverified","HOLD","ARCHIVED_RECORD","PLACEHOLDER_RECIPE|NOTES_CONFLICT|VERIFICATION_STATUS_NOT_VERIFIED|CURRENT_GAME_REPRODUCTION_NOT_DOCUMENTED|SOURCE_NOT_READY|DUPLICATE_CANDIDATE_ONLY","9"
"c678fb83-7d54-47b1-95ca-cf5491b2ae85","zangief-max-punish","zangief","archived","unverified","HOLD","ARCHIVED_RECORD","PLACEHOLDER_RECIPE|NOTES_CONFLICT|VERIFICATION_STATUS_NOT_VERIFIED|CURRENT_GAME_REPRODUCTION_NOT_DOCUMENTED|SOURCE_NOT_READY","0"
"c67a63b9-5f10-4031-8045-afd3f23aa3e2","luke-y4-dr-overhead-upper","luke","draft","reviewed","GAME_VERIFICATION_REQUIRED","VERIFICATION_STATUS_NOT_VERIFIED","CURRENT_GAME_REPRODUCTION_NOT_DOCUMENTED","0"
"c68c730d-fb44-4b19-a512-ec440dd34eb0","aki-y4-drev-punish-mp","aki","draft","unverified","GAME_VERIFICATION_REQUIRED","VERIFICATION_STATUS_NOT_VERIFIED","CURRENT_GAME_REPRODUCTION_NOT_DOCUMENTED","0"
"c6e396b1-dc1a-49f8-a337-d47d2e447a74","lily-y4-2hp-odwind-sa2","lily","draft","unverified","GAME_VERIFICATION_REQUIRED","VERIFICATION_STATUS_NOT_VERIFIED","CURRENT_GAME_REPRODUCTION_NOT_DOCUMENTED","0"
"c6e5e9d1-4f38-4d92-ab93-69cc21cfe9fa","deejay-modern-di-wall-jus","dee-jay","draft","unverified","GAME_VERIFICATION_REQUIRED","VERIFICATION_STATUS_NOT_VERIFIED","CURRENT_GAME_REPRODUCTION_NOT_DOCUMENTED","0"
"c73052e8-dd0b-4023-b1ef-816fbfcec5b8","dee-jay-basic-light","dee-jay","archived","unverified","HOLD","ARCHIVED_RECORD","PLACEHOLDER_RECIPE|NOTES_CONFLICT|VERIFICATION_STATUS_NOT_VERIFIED|CURRENT_GAME_REPRODUCTION_NOT_DOCUMENTED|SOURCE_NOT_READY","0"
"c751cfc1-0bce-4ffb-9e85-ab5f43321c14","chun-modern-y4-corner-odsbk-mhyakuretsu","chun-li","draft","unverified","GAME_VERIFICATION_REQUIRED","VERIFICATION_STATUS_NOT_VERIFIED","CURRENT_GAME_REPRODUCTION_NOT_DOCUMENTED","0"
"c76d445f-f4bd-4bbb-859c-cb4d1aac6927","elena-y4-modern-aa-onebutton","elena","draft","unverified","GAME_VERIFICATION_REQUIRED","VERIFICATION_STATUS_NOT_VERIFIED","CURRENT_GAME_REPRODUCTION_NOT_DOCUMENTED","0"
"c7c738d8-4e82-4cd6-b950-db0d576e0af5","cammy-y4-2mp-5lk-marrow","cammy","draft","unverified","GAME_VERIFICATION_REQUIRED","VERIFICATION_STATUS_NOT_VERIFIED","CURRENT_GAME_REPRODUCTION_NOT_DOCUMENTED","0"
"c7debb95-d7f0-40be-8d4d-f9cf34841e68","aki-y4-stun-no-poison","aki","draft","unverified","GAME_VERIFICATION_REQUIRED","VERIFICATION_STATUS_NOT_VERIFIED","CURRENT_GAME_REPRODUCTION_NOT_DOCUMENTED","0"
"c7e99d99-646b-4fbe-bd36-8a3a901d2f66","jp-modern-light-max-sa3","jp","draft","unverified","GAME_VERIFICATION_REQUIRED","VERIFICATION_STATUS_NOT_VERIFIED","CURRENT_GAME_REPRODUCTION_NOT_DOCUMENTED","0"
"c83fce2c-e7ed-4bd6-a008-96937b5f5194","guile-modern-6h-pc-gauge","guile","draft","unverified","GAME_VERIFICATION_REQUIRED","VERIFICATION_STATUS_NOT_VERIFIED","CURRENT_GAME_REPRODUCTION_NOT_DOCUMENTED","0"
"c86e25f4-e234-41db-b1e4-33536e62f8d8","jamie-legacy-drink2-light-breakdance","jamie","draft","unverified","GAME_VERIFICATION_REQUIRED","NOTES_CONFLICT","VERIFICATION_STATUS_NOT_VERIFIED|CURRENT_GAME_REPRODUCTION_NOT_DOCUMENTED","0"
"c88b78be-9900-49a5-9cc0-3d11b217a085","juri-y4-di-pc","juri","draft","reviewed","GAME_VERIFICATION_REQUIRED","VERIFICATION_STATUS_NOT_VERIFIED","CURRENT_GAME_REPRODUCTION_NOT_DOCUMENTED","0"
"c898052f-fdd6-4e1c-b892-a8d823b1dc15","elena-y4-lk-pc-mrhino","elena","draft","unverified","GAME_VERIFICATION_REQUIRED","VERIFICATION_STATUS_NOT_VERIFIED","CURRENT_GAME_REPRODUCTION_NOT_DOCUMENTED","0"
"c8ef1989-586f-4735-8a89-40ac237d9157","elena-y4-enhanced-mallet","elena","draft","unverified","GAME_VERIFICATION_REQUIRED","VERIFICATION_STATUS_NOT_VERIFIED","CURRENT_GAME_REPRODUCTION_NOT_DOCUMENTED","0"
"c911775e-ddb8-4f58-b78d-9fffadbe44e5","marisa-p25d-2mp-od-dimach-phalanx","marisa","draft","unverified","GAME_VERIFICATION_REQUIRED","VERIFICATION_STATUS_NOT_VERIFIED","CURRENT_GAME_REPRODUCTION_NOT_DOCUMENTED","0"
"c96d59b0-ab5f-45b5-ae63-17fbbce4ddf7","cammy-y4-2mk-cdr-lift-hspike","cammy","draft","unverified","GAME_VERIFICATION_REQUIRED","VERIFICATION_STATUS_NOT_VERIFIED","CURRENT_GAME_REPRODUCTION_NOT_DOCUMENTED","0"
"c9a81360-7097-4aae-aaaa-bc43ce3aa471","c-viper-phase13-medium-confirm","c-viper","archived","unverified","HOLD","ARCHIVED_RECORD","PLACEHOLDER_RECIPE|NOTES_CONFLICT|VERIFICATION_STATUS_NOT_VERIFIED|CURRENT_GAME_REPRODUCTION_NOT_DOCUMENTED|SOURCE_NOT_READY|DUPLICATE_CANDIDATE_ONLY","9"
"c9b0f2a1-f865-48ed-a9e7-9f6ae250898b","lily-y4-j2hp-2hp-wind","lily","draft","unverified","GAME_VERIFICATION_REQUIRED","VERIFICATION_STATUS_NOT_VERIFIED","CURRENT_GAME_REPRODUCTION_NOT_DOCUMENTED","0"
"c9fff337-6d3f-461e-a8df-3a4b2a632e6b","bison-y4-di-wall-odknee","m-bison","draft","unverified","GAME_VERIFICATION_REQUIRED","VERIFICATION_STATUS_NOT_VERIFIED","CURRENT_GAME_REPRODUCTION_NOT_DOCUMENTED","0"
"ca33bbf7-99cd-4d93-8f38-2770f5ad05a1","kimberly-phase13-20260827-2","kimberly","archived","unverified","HOLD","ARCHIVED_RECORD","PLACEHOLDER_RECIPE|NOTES_CONFLICT|VERIFICATION_STATUS_NOT_VERIFIED|CURRENT_GAME_REPRODUCTION_NOT_DOCUMENTED|DUPLICATE_CANDIDATE_ONLY","9"
"ca45b305-2bea-49fc-8ee8-c88e476b2f47","kim-modern-di-wall","kimberly","draft","unverified","GAME_VERIFICATION_REQUIRED","VERIFICATION_STATUS_NOT_VERIFIED","CURRENT_GAME_REPRODUCTION_NOT_DOCUMENTED","0"
"ca58406b-bc77-4978-b752-dc3e9cf9faad","alex-y4-lights-laxe","alex","draft","unverified","GAME_VERIFICATION_REQUIRED","VERIFICATION_STATUS_NOT_VERIFIED","CURRENT_GAME_REPRODUCTION_NOT_DOCUMENTED","0"
"cacb462c-e3c1-4e53-bd8a-8e91150ca630","dhalsim-1hp-hflame","dhalsim","draft","unverified","GAME_VERIFICATION_REQUIRED","VERIFICATION_STATUS_NOT_VERIFIED","CURRENT_GAME_REPRODUCTION_NOT_DOCUMENTED","0"
"cacefb4f-3e42-40e4-966f-8bb0117c99e2","deejay-pc-jackknife","dee-jay","draft","unverified","GAME_VERIFICATION_REQUIRED","VERIFICATION_STATUS_NOT_VERIFIED","CURRENT_GAME_REPRODUCTION_NOT_DOCUMENTED","0"
"caeed38c-44ce-43d6-a2da-acb2d62a2b86","rashid-y4-5mk-5mp-meagle","rashid","draft","unverified","GAME_VERIFICATION_REQUIRED","VERIFICATION_STATUS_NOT_VERIFIED","CURRENT_GAME_REPRODUCTION_NOT_DOCUMENTED","0"
"cafce104-40a7-4a06-bfbc-e98759f771e1","ed-y4-modern-sa2-corner","ed","draft","unverified","GAME_VERIFICATION_REQUIRED","VERIFICATION_STATUS_NOT_VERIFIED","CURRENT_GAME_REPRODUCTION_NOT_DOCUMENTED","0"
"cb03d9f3-00d2-410a-a422-373546da5c38","rashid-phase13-candidate-combo-02","rashid","archived","unverified","HOLD","ARCHIVED_RECORD","PLACEHOLDER_RECIPE|NOTES_CONFLICT|VERIFICATION_STATUS_NOT_VERIFIED|CURRENT_GAME_REPRODUCTION_NOT_DOCUMENTED|SOURCE_NOT_READY|DUPLICATE_CANDIDATE_ONLY","9"
"cb47f135-0a1d-4053-9150-7295aa13b1e6","blanka-di-pc","blanka","archived","unverified","HOLD","ARCHIVED_RECORD","PLACEHOLDER_RECIPE|NOTES_CONFLICT|VERIFICATION_STATUS_NOT_VERIFIED|CURRENT_GAME_REPRODUCTION_NOT_DOCUMENTED|SOURCE_NOT_READY","0"
"cba075d2-4ddd-4764-9dea-53d2e0f3b1ba","ingrid-phase13-burnout","ingrid","archived","unverified","HOLD","ARCHIVED_RECORD","PLACEHOLDER_RECIPE|NOTES_CONFLICT|VERIFICATION_STATUS_NOT_VERIFIED|CURRENT_GAME_REPRODUCTION_NOT_DOCUMENTED|SOURCE_NOT_READY|DUPLICATE_CANDIDATE_ONLY","9"
"cba37181-395a-471d-9fba-29ea79768b05","terry-phase13-candidate-combo-08","terry","archived","unverified","HOLD","ARCHIVED_RECORD","PLACEHOLDER_RECIPE|NOTES_CONFLICT|VERIFICATION_STATUS_NOT_VERIFIED|CURRENT_GAME_REPRODUCTION_NOT_DOCUMENTED|SOURCE_NOT_READY|DUPLICATE_CANDIDATE_ONLY","9"
"cc4ef324-3e12-4db8-91de-41c6dd5ece90","juri-y4-light-fuha","juri","draft","unverified","GAME_VERIFICATION_REQUIRED","VERIFICATION_STATUS_NOT_VERIFIED","CURRENT_GAME_REPRODUCTION_NOT_DOCUMENTED","0"
"cc51b8d0-07b0-4dcd-9700-d9b4b90cfdfd","dhalsim-modern-assist-sa2","dhalsim","draft","unverified","GAME_VERIFICATION_REQUIRED","VERIFICATION_STATUS_NOT_VERIFIED","CURRENT_GAME_REPRODUCTION_NOT_DOCUMENTED","0"
"cc710da7-f3cf-40da-a8a1-182f7f4dcd16","sagat-y4-lp-pc-2mp","sagat","draft","unverified","GAME_VERIFICATION_REQUIRED","VERIFICATION_STATUS_NOT_VERIFIED","CURRENT_GAME_REPRODUCTION_NOT_DOCUMENTED","0"
"cc822411-e19c-4c6a-8eda-05bcafc6525e","guile-phase13-20260827-10","guile","archived","unverified","HOLD","ARCHIVED_RECORD","PLACEHOLDER_RECIPE|NOTES_CONFLICT|VERIFICATION_STATUS_NOT_VERIFIED|CURRENT_GAME_REPRODUCTION_NOT_DOCUMENTED|DUPLICATE_CANDIDATE_ONLY","9"
"cc8d1a35-65ce-4d17-9a66-503facf1e8bc","ingrid-phase13-sa2","ingrid","archived","unverified","HOLD","ARCHIVED_RECORD","PLACEHOLDER_RECIPE|NOTES_CONFLICT|VERIFICATION_STATUS_NOT_VERIFIED|CURRENT_GAME_REPRODUCTION_NOT_DOCUMENTED|SOURCE_NOT_READY|DUPLICATE_CANDIDATE_ONLY","9"
"cce7c1ed-bf1c-494d-8a8a-b2a1ba9c34ff","elena-y4-lp-ch-mktc","elena","draft","unverified","GAME_VERIFICATION_REQUIRED","VERIFICATION_STATUS_NOT_VERIFIED","CURRENT_GAME_REPRODUCTION_NOT_DOCUMENTED","0"
"cd0ae067-8b0b-473c-b465-f938e33797f4","terry-y4-modern-hk-pc","terry","draft","unverified","GAME_VERIFICATION_REQUIRED","VERIFICATION_STATUS_NOT_VERIFIED","CURRENT_GAME_REPRODUCTION_NOT_DOCUMENTED","0"
"cd1a8802-56df-4b8f-9abd-f7b13de6fa3f","akuma-phase13-candidate-combo-10","akuma","archived","unverified","HOLD","ARCHIVED_RECORD","PLACEHOLDER_RECIPE|NOTES_CONFLICT|VERIFICATION_STATUS_NOT_VERIFIED|CURRENT_GAME_REPRODUCTION_NOT_DOCUMENTED|SOURCE_NOT_READY|DUPLICATE_CANDIDATE_ONLY","9"
"cd496b94-9ed8-47f4-985f-468c53118e46","ryu-y3-rush-low-mtatsu","ryu","draft","unverified","GAME_VERIFICATION_REQUIRED","VERIFICATION_STATUS_NOT_VERIFIED","CURRENT_GAME_REPRODUCTION_NOT_DOCUMENTED","0"
"cdcda5bc-d697-4cd6-80db-fda1ff0e4c6f","elena-phase13-heavy-punish","elena","archived","unverified","HOLD","ARCHIVED_RECORD","PLACEHOLDER_RECIPE|NOTES_CONFLICT|VERIFICATION_STATUS_NOT_VERIFIED|CURRENT_GAME_REPRODUCTION_NOT_DOCUMENTED|SOURCE_NOT_READY|DUPLICATE_CANDIDATE_ONLY","9"
"cdda45f9-9dca-4815-b582-4e7d1cd9e93c","manon-basic-degage","manon","draft","unverified","GAME_VERIFICATION_REQUIRED","VERIFICATION_STATUS_NOT_VERIFIED","CURRENT_GAME_REPRODUCTION_NOT_DOCUMENTED","0"
"ce4b048e-d954-42aa-88b6-0f2bdb99e2d5","cammy-y4-target-od-arrow","cammy","draft","unverified","GAME_VERIFICATION_REQUIRED","VERIFICATION_STATUS_NOT_VERIFIED","CURRENT_GAME_REPRODUCTION_NOT_DOCUMENTED","0"
"ce4b1705-376e-4310-a861-e6f75cb57872","kim-y4-4f-punish","kimberly","draft","unverified","GAME_VERIFICATION_REQUIRED","VERIFICATION_STATUS_NOT_VERIFIED","CURRENT_GAME_REPRODUCTION_NOT_DOCUMENTED","0"
"ce930295-834f-4efa-965e-e3ed58c8e48f","manon-exp-modern-od-degage-assist","manon","draft","unverified","GAME_VERIFICATION_REQUIRED","VERIFICATION_STATUS_NOT_VERIFIED","CURRENT_GAME_REPRODUCTION_NOT_DOCUMENTED","0"
"cef1bb0c-4c51-4b36-8d03-044c00cd98c7","terry-phase13-candidate-combo-10","terry","archived","unverified","HOLD","ARCHIVED_RECORD","PLACEHOLDER_RECIPE|NOTES_CONFLICT|VERIFICATION_STATUS_NOT_VERIFIED|CURRENT_GAME_REPRODUCTION_NOT_DOCUMENTED|SOURCE_NOT_READY|DUPLICATE_CANDIDATE_ONLY","9"
"cf0fba3f-3a0f-4e92-bc57-ca7a37fb8126","viper-y4-modern-assist-h-basic","c-viper","draft","unverified","GAME_VERIFICATION_REQUIRED","VERIFICATION_STATUS_NOT_VERIFIED","CURRENT_GAME_REPRODUCTION_NOT_DOCUMENTED","0"
"cf3fed90-8227-4b94-b5fd-b79dc4f1200c","yasmine-y4-modern-assist-l","yasmine","draft","unverified","GAME_VERIFICATION_REQUIRED","VERIFICATION_STATUS_NOT_VERIFIED","CURRENT_GAME_REPRODUCTION_NOT_DOCUMENTED","0"
"cf92b957-a7f9-4f43-a36f-8b49204f5d70","deejay-modern-wall-machine-sa3","dee-jay","draft","unverified","GAME_VERIFICATION_REQUIRED","VERIFICATION_STATUS_NOT_VERIFIED","CURRENT_GAME_REPRODUCTION_NOT_DOCUMENTED","0"
"cf986a1f-905c-4503-a44e-83fd27c15ad4","ed-y4-2mp-hblitz","ed","draft","unverified","GAME_VERIFICATION_REQUIRED","VERIFICATION_STATUS_NOT_VERIFIED","CURRENT_GAME_REPRODUCTION_NOT_DOCUMENTED","0"
"cfc7ba78-5737-4e13-9312-8e5c92286ef1","blanka-cdr-2mp-sa3","blanka","draft","unverified","GAME_VERIFICATION_REQUIRED","VERIFICATION_STATUS_NOT_VERIFIED","CURRENT_GAME_REPRODUCTION_NOT_DOCUMENTED","0"
"cff2aae3-b8f1-4676-9ece-c258749900d6","zangief-y4-aa-2hp-close","zangief","draft","unverified","GAME_VERIFICATION_REQUIRED","VERIFICATION_STATUS_NOT_VERIFIED","CURRENT_GAME_REPRODUCTION_NOT_DOCUMENTED","0"
"d07a6086-c37d-45f4-a6f6-d77f82a448f6","deejay-modern-stun","dee-jay","draft","unverified","GAME_VERIFICATION_REQUIRED","VERIFICATION_STATUS_NOT_VERIFIED","CURRENT_GAME_REPRODUCTION_NOT_DOCUMENTED","0"
"d09a0aa8-373d-44ae-95d0-713fe73cd4a8","terry-phase13-candidate-combo-02","terry","archived","unverified","HOLD","ARCHIVED_RECORD","PLACEHOLDER_RECIPE|NOTES_CONFLICT|VERIFICATION_STATUS_NOT_VERIFIED|CURRENT_GAME_REPRODUCTION_NOT_DOCUMENTED|SOURCE_NOT_READY|DUPLICATE_CANDIDATE_ONLY","9"
"d0a5de85-1e1c-4273-8299-c9d03cb10e54","ken-y4-crmk-dr-carry","ken","draft","reviewed","GAME_VERIFICATION_REQUIRED","VERIFICATION_STATUS_NOT_VERIFIED","CURRENT_GAME_REPRODUCTION_NOT_DOCUMENTED","0"
"d0b8d405-1158-413f-a2ca-36ec90f186ce","aki-y4-stun-poison-corner","aki","draft","unverified","GAME_VERIFICATION_REQUIRED","VERIFICATION_STATUS_NOT_VERIFIED","CURRENT_GAME_REPRODUCTION_NOT_DOCUMENTED","0"
"d0c5180a-acf4-42e4-8576-935423124187","luke-y4-modern-2hp-mperfect-lperfect-hflash-sa3","luke","draft","reviewed","GAME_VERIFICATION_REQUIRED","VERIFICATION_STATUS_NOT_VERIFIED","CURRENT_GAME_REPRODUCTION_NOT_DOCUMENTED","0"
"d0de00c1-cde3-4c89-97ea-1b95d8d93035","manon-cdr-renverse","manon","draft","unverified","GAME_VERIFICATION_REQUIRED","VERIFICATION_STATUS_NOT_VERIFIED","CURRENT_GAME_REPRODUCTION_NOT_DOCUMENTED","0"
"d0e192f9-2d62-458e-bf95-e17adad7dd15","rashid-y4-corner-od-loop-sa3","rashid","draft","unverified","GAME_VERIFICATION_REQUIRED","VERIFICATION_STATUS_NOT_VERIFIED","CURRENT_GAME_REPRODUCTION_NOT_DOCUMENTED","0"
"d0fa80b7-f45e-488e-b60c-1816c547d56f","terry-y4-modern-assist-l","terry","draft","unverified","GAME_VERIFICATION_REQUIRED","VERIFICATION_STATUS_NOT_VERIFIED","CURRENT_GAME_REPRODUCTION_NOT_DOCUMENTED","0"
"d1126690-13fd-4c6f-a811-540e2acfb188","jp-canon-di-clean-3160","jp","draft","reviewed","GAME_VERIFICATION_REQUIRED","VERIFICATION_STATUS_NOT_VERIFIED","CURRENT_GAME_REPRODUCTION_NOT_DOCUMENTED","0"
"d1a3814f-9d1f-4805-bee6-b72484e63d84","zangief-y4-jmk-lariat","zangief","draft","unverified","GAME_VERIFICATION_REQUIRED","VERIFICATION_STATUS_NOT_VERIFIED","CURRENT_GAME_REPRODUCTION_NOT_DOCUMENTED","0"
"d1f92e4f-4227-4b98-944c-b5eb6fb48a4a","viper-y4-lights-hthunder","c-viper","draft","unverified","GAME_VERIFICATION_REQUIRED","VERIFICATION_STATUS_NOT_VERIFIED","CURRENT_GAME_REPRODUCTION_NOT_DOCUMENTED","0"
"d1fd6285-1d5e-496e-a7a5-70bb679d0fa9","mai-y4-sa3-basic","mai","draft","unverified","GAME_VERIFICATION_REQUIRED","VERIFICATION_STATUS_NOT_VERIFIED","CURRENT_GAME_REPRODUCTION_NOT_DOCUMENTED","0"
"d27f11b0-4777-423a-9659-785c66f584a3","lily-y4-5mk-light-spire","lily","draft","unverified","GAME_VERIFICATION_REQUIRED","VERIFICATION_STATUS_NOT_VERIFIED","CURRENT_GAME_REPRODUCTION_NOT_DOCUMENTED","0"
"d2ae7e88-fda6-49f9-b4df-f4218c46f347","cammy-y4-air-mp-strike","cammy","draft","unverified","GAME_VERIFICATION_REQUIRED","VERIFICATION_STATUS_NOT_VERIFIED","CURRENT_GAME_REPRODUCTION_NOT_DOCUMENTED","0"
"d2b8cbbb-f288-46c4-aa98-b7c498318c75","viper-y4-2hp-seismo-airburn","c-viper","draft","unverified","GAME_VERIFICATION_REQUIRED","VERIFICATION_STATUS_NOT_VERIFIED","CURRENT_GAME_REPRODUCTION_NOT_DOCUMENTED","0"
"d2c93783-3362-49fe-b372-127f13c33450","rashid-y4-modern-low-leagle","rashid","draft","unverified","GAME_VERIFICATION_REQUIRED","VERIFICATION_STATUS_NOT_VERIFIED","CURRENT_GAME_REPRODUCTION_NOT_DOCUMENTED","0"
"d2cadfb5-0f9e-43a8-b23d-2477e45cd575","ryu-y3-side-switch-pc-hk","ryu","draft","unverified","GAME_VERIFICATION_REQUIRED","VERIFICATION_STATUS_NOT_VERIFIED","CURRENT_GAME_REPRODUCTION_NOT_DOCUMENTED","0"
"d2de5830-3791-4946-a771-64a386827fd4","sagat-y4-5mp-ch-monolith","sagat","draft","unverified","GAME_VERIFICATION_REQUIRED","VERIFICATION_STATUS_NOT_VERIFIED","CURRENT_GAME_REPRODUCTION_NOT_DOCUMENTED","0"
"d30d7b66-7f74-4f96-a7d6-31f8299adb5e","juri-modern-low","juri","draft","unverified","GAME_VERIFICATION_REQUIRED","VERIFICATION_STATUS_NOT_VERIFIED","CURRENT_GAME_REPRODUCTION_NOT_DOCUMENTED","0"
"d354c218-9759-4790-9bc1-e5a75790ba43","zangief-y4-di-max-sa3","zangief","draft","unverified","GAME_VERIFICATION_REQUIRED","VERIFICATION_STATUS_NOT_VERIFIED","CURRENT_GAME_REPRODUCTION_NOT_DOCUMENTED","0"
"d3c16dfa-30be-4795-87ad-ab1a9a8699bb","terry-phase13-candidate-combo-09","terry","archived","unverified","HOLD","ARCHIVED_RECORD","PLACEHOLDER_RECIPE|NOTES_CONFLICT|VERIFICATION_STATUS_NOT_VERIFIED|CURRENT_GAME_REPRODUCTION_NOT_DOCUMENTED|SOURCE_NOT_READY|DUPLICATE_CANDIDATE_ONLY","9"
"d45113a3-e51f-436d-8c3b-63b16b25acb4","honda-corner-cannon-stomp-headbutt","e-honda","draft","unverified","GAME_VERIFICATION_REQUIRED","VERIFICATION_STATUS_NOT_VERIFIED","CURRENT_GAME_REPRODUCTION_NOT_DOCUMENTED","0"
"d454bde9-92ef-4912-ba53-4fac5fde1680","chun-li-phase13-20260827-5","chun-li","archived","unverified","HOLD","ARCHIVED_RECORD","PLACEHOLDER_RECIPE|NOTES_CONFLICT|VERIFICATION_STATUS_NOT_VERIFIED|CURRENT_GAME_REPRODUCTION_NOT_DOCUMENTED|DUPLICATE_CANDIDATE_ONLY","9"
"d48525af-16fe-4259-a2c9-8bb92a1611db","zangief-y4-light-cdr-od-lariat","zangief","draft","unverified","GAME_VERIFICATION_REQUIRED","VERIFICATION_STATUS_NOT_VERIFIED","CURRENT_GAME_REPRODUCTION_NOT_DOCUMENTED","0"
"d4f1de0a-ee77-4018-9fad-1a7d160daddd","dhalsim-modern-assist-m","dhalsim","draft","unverified","GAME_VERIFICATION_REQUIRED","VERIFICATION_STATUS_NOT_VERIFIED","CURRENT_GAME_REPRODUCTION_NOT_DOCUMENTED","0"
"d516b529-c2d4-40d0-a7ca-e061d7f43986","sagat-y4-5mp-ch-safejump","sagat","draft","unverified","GAME_VERIFICATION_REQUIRED","VERIFICATION_STATUS_NOT_VERIFIED","CURRENT_GAME_REPRODUCTION_NOT_DOCUMENTED","0"
"d5260414-468e-4e79-be30-553d3f82c2b3","mai-y4-modern-aa-onebutton","mai","draft","unverified","GAME_VERIFICATION_REQUIRED","VERIFICATION_STATUS_NOT_VERIFIED","CURRENT_GAME_REPRODUCTION_NOT_DOCUMENTED","0"
"d52fe65c-0619-4690-9f45-05a37956e3d4","manon-exp-hk-pc-sa2","manon","draft","unverified","GAME_VERIFICATION_REQUIRED","VERIFICATION_STATUS_NOT_VERIFIED","CURRENT_GAME_REPRODUCTION_NOT_DOCUMENTED","0"
"d5cf97fd-9eb6-4937-9471-9ff57cebf726","kim-modern-medium-cdr","kimberly","draft","unverified","GAME_VERIFICATION_REQUIRED","VERIFICATION_STATUS_NOT_VERIFIED","CURRENT_GAME_REPRODUCTION_NOT_DOCUMENTED","0"
"d60aff9b-5158-4b14-9086-a4d4639f546b","ryu-y4-light-crdr-lethal","ryu","draft","reviewed","GAME_VERIFICATION_REQUIRED","VERIFICATION_STATUS_NOT_VERIFIED","CURRENT_GAME_REPRODUCTION_NOT_DOCUMENTED","0"
"d6544fe0-846e-4e14-ba26-4a70feacb839","deejay-od-jus-air-super-corner","dee-jay","draft","unverified","GAME_VERIFICATION_REQUIRED","VERIFICATION_STATUS_NOT_VERIFIED","CURRENT_GAME_REPRODUCTION_NOT_DOCUMENTED","0"
"d659d09b-c0d0-48ab-ac7e-bfcbdc62e377","blanka-pc-heavy","blanka","archived","unverified","HOLD","ARCHIVED_RECORD","PLACEHOLDER_RECIPE|NOTES_CONFLICT|VERIFICATION_STATUS_NOT_VERIFIED|CURRENT_GAME_REPRODUCTION_NOT_DOCUMENTED|SOURCE_NOT_READY","0"
"d66140b6-d23f-45d0-8bc8-9306d042816c","ryu-y3-crmk-hhasho-corner-dirty-di","ryu","draft","unverified","GAME_VERIFICATION_REQUIRED","VERIFICATION_STATUS_NOT_VERIFIED","CURRENT_GAME_REPRODUCTION_NOT_DOCUMENTED","0"
"d6c8aa1f-7cab-4781-b4f6-8df39d3dac7e","honda-kabuki","e-honda","draft","unverified","GAME_VERIFICATION_REQUIRED","VERIFICATION_STATUS_NOT_VERIFIED","CURRENT_GAME_REPRODUCTION_NOT_DOCUMENTED","0"
"d6d9da56-f90e-47c5-b457-d9a5f8cac839","manon-p25g-jhk-od-rond-sa2","manon","draft","unverified","GAME_VERIFICATION_REQUIRED","VERIFICATION_STATUS_NOT_VERIFIED","CURRENT_GAME_REPRODUCTION_NOT_DOCUMENTED","0"
"d7099c0d-2a20-4f33-9f58-6b30f5558a70","ingrid-y4-mptc-mrise","ingrid","draft","unverified","GAME_VERIFICATION_REQUIRED","VERIFICATION_STATUS_NOT_VERIFIED","CURRENT_GAME_REPRODUCTION_NOT_DOCUMENTED","0"
"d716783b-5242-48d0-9dbd-df31f2cfac8a","alex-y4-chop-powerdrop-switch","alex","draft","unverified","GAME_VERIFICATION_REQUIRED","VERIFICATION_STATUS_NOT_VERIFIED","CURRENT_GAME_REPRODUCTION_NOT_DOCUMENTED","0"
"d74cd91a-f06b-4566-92bc-e9c31b8d7955","deejay-light-cdr-sa3","dee-jay","draft","unverified","GAME_VERIFICATION_REQUIRED","VERIFICATION_STATUS_NOT_VERIFIED","CURRENT_GAME_REPRODUCTION_NOT_DOCUMENTED","0"
"d7a4dbc1-8f16-4e65-b172-c6be2d3b5679","jamie-20260803-sthk-pc-swagger","jamie","draft","reviewed","GAME_VERIFICATION_REQUIRED","NOTES_CONFLICT","VERIFICATION_STATUS_NOT_VERIFIED|CURRENT_GAME_REPRODUCTION_NOT_DOCUMENTED","0"
"d7f18942-70eb-4281-9bd7-814ed6e6ffbf","marisa-p25d-modern-6m-ch","marisa","draft","unverified","GAME_VERIFICATION_REQUIRED","VERIFICATION_STATUS_NOT_VERIFIED","CURRENT_GAME_REPRODUCTION_NOT_DOCUMENTED","0"
"d886b46a-f143-499e-9d50-c027e8bb8085","chun-modern-y4-hazanshu-pc","chun-li","draft","unverified","GAME_VERIFICATION_REQUIRED","VERIFICATION_STATUS_NOT_VERIFIED","CURRENT_GAME_REPRODUCTION_NOT_DOCUMENTED","0"
"d896f472-899e-4020-8337-b8599a768464","alex-y4-shimmy-2hp","alex","draft","unverified","GAME_VERIFICATION_REQUIRED","VERIFICATION_STATUS_NOT_VERIFIED","CURRENT_GAME_REPRODUCTION_NOT_DOCUMENTED","0"
"d96a8e32-d97b-4396-8c73-beea00f5fb3a","mai-y4-air-mp-odmusasabi-sa2","mai","draft","unverified","GAME_VERIFICATION_REQUIRED","VERIFICATION_STATUS_NOT_VERIFIED","CURRENT_GAME_REPRODUCTION_NOT_DOCUMENTED","0"
"d9875405-930c-4c6a-94e6-f65f851e1422","guile-modern-di-pc-gauge","guile","draft","unverified","GAME_VERIFICATION_REQUIRED","VERIFICATION_STATUS_NOT_VERIFIED","CURRENT_GAME_REPRODUCTION_NOT_DOCUMENTED","0"
"da61c138-6016-4390-984a-053f7ab5b034","chun-written-sa2-safejump","chun-li","draft","unverified","GAME_VERIFICATION_REQUIRED","VERIFICATION_STATUS_NOT_VERIFIED","CURRENT_GAME_REPRODUCTION_NOT_DOCUMENTED","0"
"da73622e-e27a-4097-98f6-fb1f0c76ee6e","honda-di-switch-throw","e-honda","draft","unverified","GAME_VERIFICATION_REQUIRED","VERIFICATION_STATUS_NOT_VERIFIED","CURRENT_GAME_REPRODUCTION_NOT_DOCUMENTED","0"
"da760cff-0630-4f6f-a286-57db7b3cabfd","viper-y4-5hk-pc-airburn-sa2","c-viper","draft","unverified","GAME_VERIFICATION_REQUIRED","VERIFICATION_STATUS_NOT_VERIFIED","CURRENT_GAME_REPRODUCTION_NOT_DOCUMENTED","0"
"da82f355-a679-4eb3-b358-6268b3493d22","c-viper-phase13-heavy-punish","c-viper","archived","unverified","HOLD","ARCHIVED_RECORD","PLACEHOLDER_RECIPE|NOTES_CONFLICT|VERIFICATION_STATUS_NOT_VERIFIED|CURRENT_GAME_REPRODUCTION_NOT_DOCUMENTED|SOURCE_NOT_READY|DUPLICATE_CANDIDATE_ONLY","9"
"da8dac9f-e65e-4c16-a8f4-637318d73a66","luke-crmk-dr-corner","luke","draft","reviewed","GAME_VERIFICATION_REQUIRED","VERIFICATION_STATUS_NOT_VERIFIED","CURRENT_GAME_REPRODUCTION_NOT_DOCUMENTED","0"
"daaf1328-cf5b-4546-a014-1974a7981818","akuma-y4-2mk-lfireball","akuma","draft","unverified","GAME_VERIFICATION_REQUIRED","VERIFICATION_STATUS_NOT_VERIFIED","CURRENT_GAME_REPRODUCTION_NOT_DOCUMENTED","0"
"dad9d81a-bec9-436c-9706-b45f04b13f10","rashid-y4-wall-mp-hk-mixers","rashid","draft","unverified","GAME_VERIFICATION_REQUIRED","VERIFICATION_STATUS_NOT_VERIFIED","CURRENT_GAME_REPRODUCTION_NOT_DOCUMENTED","0"
"db4f18fc-1cfb-47a4-b9fe-4f5009c423d4","lily-y4-wind-6hp-hspire","lily","draft","unverified","GAME_VERIFICATION_REQUIRED","VERIFICATION_STATUS_NOT_VERIFIED","CURRENT_GAME_REPRODUCTION_NOT_DOCUMENTED","0"
"db6dc34d-31e2-4628-95a9-665ace7527ff","elena-phase13-drive-rush","elena","archived","unverified","HOLD","ARCHIVED_RECORD","PLACEHOLDER_RECIPE|NOTES_CONFLICT|VERIFICATION_STATUS_NOT_VERIFIED|CURRENT_GAME_REPRODUCTION_NOT_DOCUMENTED|SOURCE_NOT_READY|DUPLICATE_CANDIDATE_ONLY","9"
"db867bde-8ade-417f-a58c-b20e87aeb249","zangief-y4-stun-sa3","zangief","draft","unverified","GAME_VERIFICATION_REQUIRED","VERIFICATION_STATUS_NOT_VERIFIED","CURRENT_GAME_REPRODUCTION_NOT_DOCUMENTED","0"
"dbb36d62-c704-40f9-a8ca-cad18e2d65d2","bison-y4-air-mp-devil","m-bison","draft","unverified","GAME_VERIFICATION_REQUIRED","VERIFICATION_STATUS_NOT_VERIFIED","CURRENT_GAME_REPRODUCTION_NOT_DOCUMENTED","0"
"dbd140fb-1d5c-4f9c-a7b3-b7a033f55638","ingrid-y4-6hp-lv3-max","ingrid","draft","unverified","GAME_VERIFICATION_REQUIRED","VERIFICATION_STATUS_NOT_VERIFIED","CURRENT_GAME_REPRODUCTION_NOT_DOCUMENTED","0"
"dbee253b-eab9-4d0e-a17f-d99310ac5b04","guile-written-5mp-hurricane-odsummer","guile","draft","unverified","GAME_VERIFICATION_REQUIRED","VERIFICATION_STATUS_NOT_VERIFIED","CURRENT_GAME_REPRODUCTION_NOT_DOCUMENTED","0"
"dbf32b00-454a-4052-8c9f-3e2df531a820","luke-y4-dr-lp-jf-oki","luke","draft","reviewed","GAME_VERIFICATION_REQUIRED","VERIFICATION_STATUS_NOT_VERIFIED","CURRENT_GAME_REPRODUCTION_NOT_DOCUMENTED","0"
"dc595e0b-7b63-4fdd-abb7-9a5a31e7fe80","ryu-y3-di-wall-basic","ryu","draft","unverified","GAME_VERIFICATION_REQUIRED","VERIFICATION_STATUS_NOT_VERIFIED","CURRENT_GAME_REPRODUCTION_NOT_DOCUMENTED","0"
"dc5aa57c-0684-4a31-8aa6-371133aa2ca5","ken-y4-2mp-lk-hdp","ken","draft","reviewed","GAME_VERIFICATION_REQUIRED","VERIFICATION_STATUS_NOT_VERIFIED","CURRENT_GAME_REPRODUCTION_NOT_DOCUMENTED","0"
"dc5d31dc-ca11-4715-a965-1492b24c6142","dhalsim-aa-4hp-sa1","dhalsim","draft","unverified","GAME_VERIFICATION_REQUIRED","VERIFICATION_STATUS_NOT_VERIFIED","CURRENT_GAME_REPRODUCTION_NOT_DOCUMENTED","0"
"dc84e5f9-1b30-4a32-8d19-ecc9c1266f07","chun-li-phase13-20260827-9","chun-li","archived","unverified","HOLD","ARCHIVED_RECORD","PLACEHOLDER_RECIPE|NOTES_CONFLICT|VERIFICATION_STATUS_NOT_VERIFIED|CURRENT_GAME_REPRODUCTION_NOT_DOCUMENTED|DUPLICATE_CANDIDATE_ONLY","9"
"dc922acf-a4d6-4247-9b05-319ea808ce37","viper-y4-2mp-odthunder","c-viper","draft","unverified","GAME_VERIFICATION_REQUIRED","VERIFICATION_STATUS_NOT_VERIFIED","CURRENT_GAME_REPRODUCTION_NOT_DOCUMENTED","0"
"dc964797-5aeb-4e04-bda8-8bb5a3ee884e","marisa-p25d-2lp-pc-mptc","marisa","draft","unverified","GAME_VERIFICATION_REQUIRED","VERIFICATION_STATUS_NOT_VERIFIED","CURRENT_GAME_REPRODUCTION_NOT_DOCUMENTED","0"
"dcced726-25aa-4617-b84b-f55ad3ffeae9","juri-modern-low-cdr","juri","draft","unverified","GAME_VERIFICATION_REQUIRED","VERIFICATION_STATUS_NOT_VERIFIED","CURRENT_GAME_REPRODUCTION_NOT_DOCUMENTED","0"
"dce017f1-b833-4afd-9d70-9f94a8459586","ryu-modern-hasho-dr-3hp","ryu","draft","unverified","GAME_VERIFICATION_REQUIRED","VERIFICATION_STATUS_NOT_VERIFIED","CURRENT_GAME_REPRODUCTION_NOT_DOCUMENTED","0"
"dcee6eb2-2c6f-4855-81bd-7cfe9dfd1cbb","mai-y4-2mp-pc-hp","mai","draft","unverified","GAME_VERIFICATION_REQUIRED","VERIFICATION_STATUS_NOT_VERIFIED","CURRENT_GAME_REPRODUCTION_NOT_DOCUMENTED","0"
"dd057baf-b0b7-473b-ad32-405318605de2","ryu-phase13-burnout","ryu","archived","unverified","HOLD","ARCHIVED_RECORD","PLACEHOLDER_RECIPE|NOTES_CONFLICT|VERIFICATION_STATUS_NOT_VERIFIED|CURRENT_GAME_REPRODUCTION_NOT_DOCUMENTED|SOURCE_NOT_READY|DUPLICATE_CANDIDATE_ONLY","3"
"dd1a5fc4-e323-4695-bf53-f7c17da4341b","luke-y4-light-odflash-walk-hdp","luke","draft","reviewed","GAME_VERIFICATION_REQUIRED","VERIFICATION_STATUS_NOT_VERIFIED","CURRENT_GAME_REPRODUCTION_NOT_DOCUMENTED","0"
"ddf468d1-8988-4b3e-8e6d-7953b26daedd","elena-phase13-sa2","elena","archived","unverified","HOLD","ARCHIVED_RECORD","PLACEHOLDER_RECIPE|NOTES_CONFLICT|VERIFICATION_STATUS_NOT_VERIFIED|CURRENT_GAME_REPRODUCTION_NOT_DOCUMENTED|SOURCE_NOT_READY|DUPLICATE_CANDIDATE_ONLY","9"
"de12fc3f-c68d-4f52-b54c-2b3bbc746e01","elena-y4-modern-2m-cdr","elena","draft","unverified","GAME_VERIFICATION_REQUIRED","VERIFICATION_STATUS_NOT_VERIFIED","CURRENT_GAME_REPRODUCTION_NOT_DOCUMENTED","0"
"de2468b1-d97d-47fc-af8d-8b0ef57e57df","cammy-phase13-candidate-combo-07","cammy","archived","unverified","HOLD","ARCHIVED_RECORD","PLACEHOLDER_RECIPE|NOTES_CONFLICT|VERIFICATION_STATUS_NOT_VERIFIED|CURRENT_GAME_REPRODUCTION_NOT_DOCUMENTED|SOURCE_NOT_READY|DUPLICATE_CANDIDATE_ONLY","9"
"defc6a21-947c-49e1-b4aa-c0a1fde46153","zangief-y4-modern-light-sa3","zangief","draft","unverified","GAME_VERIFICATION_REQUIRED","VERIFICATION_STATUS_NOT_VERIFIED","CURRENT_GAME_REPRODUCTION_NOT_DOCUMENTED","0"
"df7565f4-9590-4917-b421-422c71ca6850","lily-y4-modern-corner-air-sa1","lily","draft","unverified","GAME_VERIFICATION_REQUIRED","VERIFICATION_STATUS_NOT_VERIFIED","CURRENT_GAME_REPRODUCTION_NOT_DOCUMENTED","0"
"df87bd15-a01a-4344-ae78-7327fd2c2e54","bison-y4-5hp-hbackfist","m-bison","draft","unverified","GAME_VERIFICATION_REQUIRED","VERIFICATION_STATUS_NOT_VERIFIED","CURRENT_GAME_REPRODUCTION_NOT_DOCUMENTED","0"
"dfd308db-8cd0-4ed5-864c-75de72247311","akuma-y4-5mp-target-madamant","akuma","draft","unverified","GAME_VERIFICATION_REQUIRED","VERIFICATION_STATUS_NOT_VERIFIED","CURRENT_GAME_REPRODUCTION_NOT_DOCUMENTED","0"
"e02bdcc7-13cf-43b4-9881-04824e079c3c","chun-li-phase13-20260827-2","chun-li","archived","unverified","HOLD","ARCHIVED_RECORD","PLACEHOLDER_RECIPE|NOTES_CONFLICT|VERIFICATION_STATUS_NOT_VERIFIED|CURRENT_GAME_REPRODUCTION_NOT_DOCUMENTED|DUPLICATE_CANDIDATE_ONLY","9"
"e046d7f1-ccc6-458c-ade5-9f09de711297","deejay-cdr-sa3","dee-jay","draft","unverified","GAME_VERIFICATION_REQUIRED","VERIFICATION_STATUS_NOT_VERIFIED","CURRENT_GAME_REPRODUCTION_NOT_DOCUMENTED","0"
"e0479fe0-85c2-4def-9626-4e6ac309f56d","guile-written-di-wall-blade","guile","draft","unverified","GAME_VERIFICATION_REQUIRED","VERIFICATION_STATUS_NOT_VERIFIED","CURRENT_GAME_REPRODUCTION_NOT_DOCUMENTED","0"
"e067b463-14b5-4459-a450-aa51e659eb23","terry-y4-hp-charge-burn","terry","draft","unverified","GAME_VERIFICATION_REQUIRED","VERIFICATION_STATUS_NOT_VERIFIED","CURRENT_GAME_REPRODUCTION_NOT_DOCUMENTED","0"
"e0832b0c-41a2-4d92-b902-93df8ade4803","viper-y4-2mp-lburn-chase","c-viper","draft","unverified","GAME_VERIFICATION_REQUIRED","VERIFICATION_STATUS_NOT_VERIFIED","CURRENT_GAME_REPRODUCTION_NOT_DOCUMENTED","0"
"e09912f2-e8b8-498a-b91c-38e463bb6076","honda-corner-cannon-stomp-mheadbutt","e-honda","draft","unverified","GAME_VERIFICATION_REQUIRED","VERIFICATION_STATUS_NOT_VERIFIED","CURRENT_GAME_REPRODUCTION_NOT_DOCUMENTED","0"
"e176397c-6e0f-4fd0-b055-70d959c99cf0","elena-y4-lights-lrhino","elena","draft","unverified","GAME_VERIFICATION_REQUIRED","VERIFICATION_STATUS_NOT_VERIFIED","CURRENT_GAME_REPRODUCTION_NOT_DOCUMENTED","0"
"e1774fc7-b604-41a6-bcb7-dbf5a8948033","ingrid-phase13-light-confirm","ingrid","archived","unverified","HOLD","ARCHIVED_RECORD","PLACEHOLDER_RECIPE|NOTES_CONFLICT|VERIFICATION_STATUS_NOT_VERIFIED|CURRENT_GAME_REPRODUCTION_NOT_DOCUMENTED|SOURCE_NOT_READY|DUPLICATE_CANDIDATE_ONLY","9"
"e1e7ac01-b778-45e0-924c-37672ffc2b6a","sagat-phase13-drive-rush","sagat","archived","unverified","HOLD","ARCHIVED_RECORD","PLACEHOLDER_RECIPE|NOTES_CONFLICT|VERIFICATION_STATUS_NOT_VERIFIED|CURRENT_GAME_REPRODUCTION_NOT_DOCUMENTED|SOURCE_NOT_READY|DUPLICATE_CANDIDATE_ONLY","9"
"e20d9c0a-3e57-4118-ac20-30d555d89e64","zangief-y4-wall-3hk-6hp","zangief","draft","unverified","GAME_VERIFICATION_REQUIRED","VERIFICATION_STATUS_NOT_VERIFIED","CURRENT_GAME_REPRODUCTION_NOT_DOCUMENTED","0"
"e2160ed8-9e48-4667-95ff-fd29b3b2561c","lily-y4-2lk-2lp-m-tomahawk","lily","draft","unverified","GAME_VERIFICATION_REQUIRED","VERIFICATION_STATUS_NOT_VERIFIED","CURRENT_GAME_REPRODUCTION_NOT_DOCUMENTED","0"
"e2371349-7e5a-4e51-b0f9-f9bc73a3a568","viper-y4-sa1-seismo-pressure","c-viper","draft","unverified","GAME_VERIFICATION_REQUIRED","VERIFICATION_STATUS_NOT_VERIFIED","CURRENT_GAME_REPRODUCTION_NOT_DOCUMENTED","0"
"e25b86f5-d396-4a3e-889b-55fba40a3aa0","cammy-y4-target-air-strike","cammy","draft","unverified","GAME_VERIFICATION_REQUIRED","VERIFICATION_STATUS_NOT_VERIFIED","CURRENT_GAME_REPRODUCTION_NOT_DOCUMENTED","0"
"e26df0f0-3b08-4db7-8dce-a175c73e6990","yasmine-y4-bayani-mptc","yasmine","draft","unverified","GAME_VERIFICATION_REQUIRED","VERIFICATION_STATUS_NOT_VERIFIED","CURRENT_GAME_REPRODUCTION_NOT_DOCUMENTED","0"
"e271c93a-bdaa-4098-a92d-d91adedc3a3d","alex-phase13-sa2","alex","archived","unverified","HOLD","ARCHIVED_RECORD","PLACEHOLDER_RECIPE|NOTES_CONFLICT|VERIFICATION_STATUS_NOT_VERIFIED|CURRENT_GAME_REPRODUCTION_NOT_DOCUMENTED|SOURCE_NOT_READY|DUPLICATE_CANDIDATE_ONLY","9"
"e27e551f-e27b-4a6a-82a9-fbcb85ec45dd","marisa-p25d-modern-amtc-mdimach","marisa","draft","unverified","GAME_VERIFICATION_REQUIRED","VERIFICATION_STATUS_NOT_VERIFIED","CURRENT_GAME_REPRODUCTION_NOT_DOCUMENTED","0"
"e2ca2605-e581-4f30-be87-65387f2490cd","luke-y4-modern-5hk-pc-odflash-ddt","luke","draft","reviewed","GAME_VERIFICATION_REQUIRED","VERIFICATION_STATUS_NOT_VERIFIED","CURRENT_GAME_REPRODUCTION_NOT_DOCUMENTED","0"
"e2db547a-e93e-49b5-97d1-96222cf7152f","luke-y4-corner-light-odflash-sand-upper","luke","draft","reviewed","GAME_VERIFICATION_REQUIRED","VERIFICATION_STATUS_NOT_VERIFIED","CURRENT_GAME_REPRODUCTION_NOT_DOCUMENTED","0"
"e2f5c5e8-82ec-48cc-a812-5880b3390144","mai-phase13-sa1","mai","archived","unverified","HOLD","ARCHIVED_RECORD","PLACEHOLDER_RECIPE|NOTES_CONFLICT|VERIFICATION_STATUS_NOT_VERIFIED|CURRENT_GAME_REPRODUCTION_NOT_DOCUMENTED|SOURCE_NOT_READY|DUPLICATE_CANDIDATE_ONLY","9"
"e2fa64e7-4a91-45d7-8a88-bf6fe32ea3dd","terry-y4-drev-punish","terry","draft","unverified","GAME_VERIFICATION_REQUIRED","VERIFICATION_STATUS_NOT_VERIFIED","CURRENT_GAME_REPRODUCTION_NOT_DOCUMENTED","0"
"e32aed02-14e9-4c8e-9ecd-0b9fe3eb2959","lily-sa1","lily","archived","unverified","HOLD","ARCHIVED_RECORD","PLACEHOLDER_RECIPE|NOTES_CONFLICT|VERIFICATION_STATUS_NOT_VERIFIED|CURRENT_GAME_REPRODUCTION_NOT_DOCUMENTED|SOURCE_NOT_READY|DUPLICATE_CANDIDATE_ONLY","1"
"e359880c-c92b-4519-b3e3-c20fc47c552d","jamie-20260803-sthk-pc-sweep-tc","jamie","draft","reviewed","GAME_VERIFICATION_REQUIRED","NOTES_CONFLICT","VERIFICATION_STATUS_NOT_VERIFIED|CURRENT_GAME_REPRODUCTION_NOT_DOCUMENTED","0"
"e3710e5a-d4f6-4c9a-87bd-350dc4064d28","rashid-phase13-candidate-combo-07","rashid","archived","unverified","HOLD","ARCHIVED_RECORD","PLACEHOLDER_RECIPE|NOTES_CONFLICT|VERIFICATION_STATUS_NOT_VERIFIED|CURRENT_GAME_REPRODUCTION_NOT_DOCUMENTED|SOURCE_NOT_READY|DUPLICATE_CANDIDATE_ONLY","9"
"e39bc244-b36e-482a-a727-300b8b618e7d","bison-y4-2mk-cdr-hp","m-bison","draft","unverified","GAME_VERIFICATION_REQUIRED","VERIFICATION_STATUS_NOT_VERIFIED","CURRENT_GAME_REPRODUCTION_NOT_DOCUMENTED","0"
"e3b9457f-b9e1-481c-9e7a-8467f0ad18f7","cammy-y4-5mp-ch-hp-harrow","cammy","draft","unverified","GAME_VERIFICATION_REQUIRED","VERIFICATION_STATUS_NOT_VERIFIED","CURRENT_GAME_REPRODUCTION_NOT_DOCUMENTED","0"
"e44c369e-0ef9-48e1-8c84-eb7842f16dc2","marisa-p25d-6mp-ch-light","marisa","draft","unverified","GAME_VERIFICATION_REQUIRED","VERIFICATION_STATUS_NOT_VERIFIED","CURRENT_GAME_REPRODUCTION_NOT_DOCUMENTED","0"
"e4a1e870-46bd-4cbf-9a1b-35c0d5d3c4a2","zangief-y4-modern-jm-sa2","zangief","draft","unverified","GAME_VERIFICATION_REQUIRED","VERIFICATION_STATUS_NOT_VERIFIED","CURRENT_GAME_REPRODUCTION_NOT_DOCUMENTED","0"
"e4d4190d-3d34-4628-bf3d-dd5a60ca5f04","cammy-phase13-candidate-combo-05","cammy","archived","unverified","HOLD","ARCHIVED_RECORD","PLACEHOLDER_RECIPE|NOTES_CONFLICT|VERIFICATION_STATUS_NOT_VERIFIED|CURRENT_GAME_REPRODUCTION_NOT_DOCUMENTED|SOURCE_NOT_READY|DUPLICATE_CANDIDATE_ONLY","9"
"e517eedd-3f92-440f-813e-35855aad2c5d","lily-y4-wind-2mk-lspire","lily","draft","unverified","GAME_VERIFICATION_REQUIRED","VERIFICATION_STATUS_NOT_VERIFIED","CURRENT_GAME_REPRODUCTION_NOT_DOCUMENTED","0"
"e55b2536-fe48-4a74-bb71-15d253baf505","elena-y4-hk-pc-odrhino-sa2","elena","draft","unverified","GAME_VERIFICATION_REQUIRED","VERIFICATION_STATUS_NOT_VERIFIED","CURRENT_GAME_REPRODUCTION_NOT_DOCUMENTED","0"
"e5617197-8933-4428-a613-ee3df3cee5de","honda-dr-mp-y4","e-honda","draft","unverified","GAME_VERIFICATION_REQUIRED","VERIFICATION_STATUS_NOT_VERIFIED","CURRENT_GAME_REPRODUCTION_NOT_DOCUMENTED","0"
"e5e95509-cf50-4fd4-9e04-c9f5f8bc9dd9","chun-written-shimmy-2hp-stance-mk","chun-li","draft","unverified","GAME_VERIFICATION_REQUIRED","VERIFICATION_STATUS_NOT_VERIFIED","CURRENT_GAME_REPRODUCTION_NOT_DOCUMENTED","0"
"e6ab397d-3e83-4d14-9fa1-7b37c56d3b11","ken-modern-light-cdr","ken","draft","unverified","GAME_VERIFICATION_REQUIRED","VERIFICATION_STATUS_NOT_VERIFIED","CURRENT_GAME_REPRODUCTION_NOT_DOCUMENTED","0"
"e6b1c7c8-9937-40f3-9d9c-faabe73a473d","bison-y4-sa1-basic","m-bison","draft","unverified","GAME_VERIFICATION_REQUIRED","VERIFICATION_STATUS_NOT_VERIFIED","CURRENT_GAME_REPRODUCTION_NOT_DOCUMENTED","0"
"e6cbf631-ccb7-4122-8796-937c9497aafa","luke-y4-modern-2hp-lcharge-mflash-sa3","luke","draft","reviewed","GAME_VERIFICATION_REQUIRED","VERIFICATION_STATUS_NOT_VERIFIED","CURRENT_GAME_REPRODUCTION_NOT_DOCUMENTED","0"
"e6ec0cba-83b6-4849-bf3f-4b53cd17331c","manon-p25g-4hp-od-mrond","manon","draft","unverified","GAME_VERIFICATION_REQUIRED","VERIFICATION_STATUS_NOT_VERIFIED","CURRENT_GAME_REPRODUCTION_NOT_DOCUMENTED","0"
"e7184a21-dd00-4e0a-837a-ec0a4cb596be","elena-y4-sa2-healing","elena","draft","unverified","GAME_VERIFICATION_REQUIRED","VERIFICATION_STATUS_NOT_VERIFIED","CURRENT_GAME_REPRODUCTION_NOT_DOCUMENTED","0"
"e762c8b2-a44c-4a56-8a1e-6ff6f737c7dc","rashid-phase13-candidate-combo-08","rashid","archived","unverified","HOLD","ARCHIVED_RECORD","PLACEHOLDER_RECIPE|NOTES_CONFLICT|VERIFICATION_STATUS_NOT_VERIFIED|CURRENT_GAME_REPRODUCTION_NOT_DOCUMENTED|SOURCE_NOT_READY|DUPLICATE_CANDIDATE_ONLY","9"
"e789617a-988d-4c30-98bd-5055ff8180fa","e-honda-medium-confirm","e-honda","archived","unverified","HOLD","ARCHIVED_RECORD","PLACEHOLDER_RECIPE|NOTES_CONFLICT|VERIFICATION_STATUS_NOT_VERIFIED|CURRENT_GAME_REPRODUCTION_NOT_DOCUMENTED|SOURCE_NOT_READY","0"
"e7943c48-b0b8-4ff4-9bc7-14c20c71dcf7","mai-y4-dr-overhead-lktc","mai","draft","unverified","GAME_VERIFICATION_REQUIRED","VERIFICATION_STATUS_NOT_VERIFIED","CURRENT_GAME_REPRODUCTION_NOT_DOCUMENTED","0"
"e7ad6395-4d1b-497e-ad8e-95b8dd6c7c04","manon-3hk-pc-sa2-y4","manon","draft","unverified","GAME_VERIFICATION_REQUIRED","VERIFICATION_STATUS_NOT_VERIFIED","CURRENT_GAME_REPRODUCTION_NOT_DOCUMENTED","0"
"e80610ff-d043-4383-bcdf-e6424273af77","chun-modern-y4-assist-h-odsbk-sa3","chun-li","draft","unverified","GAME_VERIFICATION_REQUIRED","VERIFICATION_STATUS_NOT_VERIFIED","CURRENT_GAME_REPRODUCTION_NOT_DOCUMENTED","0"
"e8158cfe-1585-4af9-8d4c-afdd63bdb21f","jp-di-pc-safejump42","jp","draft","reviewed","GAME_VERIFICATION_REQUIRED","VERIFICATION_STATUS_NOT_VERIFIED","CURRENT_GAME_REPRODUCTION_NOT_DOCUMENTED","0"
"e83b9c90-442b-42ae-bc5d-504fc2eee252","terry-y4-2mk-cdr-cmp","terry","draft","unverified","GAME_VERIFICATION_REQUIRED","VERIFICATION_STATUS_NOT_VERIFIED","CURRENT_GAME_REPRODUCTION_NOT_DOCUMENTED","0"
"e84599bb-c5c3-4dea-b21f-0875421c0bd0","guile-modern-light-sa1-odsummer","guile","draft","unverified","GAME_VERIFICATION_REQUIRED","VERIFICATION_STATUS_NOT_VERIFIED","CURRENT_GAME_REPRODUCTION_NOT_DOCUMENTED","0"
"e8741e4b-2c9f-42a1-b862-ddd124206552","dhalsim-lp-od-fire","dhalsim","draft","unverified","GAME_VERIFICATION_REQUIRED","VERIFICATION_STATUS_NOT_VERIFIED","CURRENT_GAME_REPRODUCTION_NOT_DOCUMENTED","0"
"e8751ac0-ee06-40a2-8e76-8f9f5280d0d7","terry-phase13-candidate-combo-05","terry","archived","unverified","HOLD","ARCHIVED_RECORD","PLACEHOLDER_RECIPE|NOTES_CONFLICT|VERIFICATION_STATUS_NOT_VERIFIED|CURRENT_GAME_REPRODUCTION_NOT_DOCUMENTED|SOURCE_NOT_READY|DUPLICATE_CANDIDATE_ONLY","9"
"e8b9481e-2198-4e71-a171-75f9c4da7161","sagat-y4-5mp-pc-hk-nexus","sagat","draft","unverified","GAME_VERIFICATION_REQUIRED","VERIFICATION_STATUS_NOT_VERIFIED","CURRENT_GAME_REPRODUCTION_NOT_DOCUMENTED","0"
"e8daea9e-0f4c-4345-82e1-974eca90ed17","elena-y4-2lp-lspin","elena","draft","unverified","GAME_VERIFICATION_REQUIRED","VERIFICATION_STATUS_NOT_VERIFIED","CURRENT_GAME_REPRODUCTION_NOT_DOCUMENTED","0"
"e8f78db0-87b0-4934-b101-62e7ece57eaa","mai-phase13-heavy-punish","mai","archived","unverified","HOLD","ARCHIVED_RECORD","PLACEHOLDER_RECIPE|NOTES_CONFLICT|VERIFICATION_STATUS_NOT_VERIFIED|CURRENT_GAME_REPRODUCTION_NOT_DOCUMENTED|SOURCE_NOT_READY|DUPLICATE_CANDIDATE_ONLY","9"
"e8ff3961-26ef-411f-be33-4b50cee94b4f","ryu-y3-denjin-crmk-dr-hp-hdp","ryu","draft","unverified","GAME_VERIFICATION_REQUIRED","VERIFICATION_STATUS_NOT_VERIFIED","CURRENT_GAME_REPRODUCTION_NOT_DOCUMENTED","0"
"e9983d63-dab7-4556-8185-890cec5a6414","sagat-y4-lights-mupper","sagat","draft","unverified","GAME_VERIFICATION_REQUIRED","VERIFICATION_STATUS_NOT_VERIFIED","CURRENT_GAME_REPRODUCTION_NOT_DOCUMENTED","0"
"e9be21cf-af62-4d8f-a1e0-4fdb0e9e6e71","dhalsim-dr-slide-odfire","dhalsim","draft","unverified","GAME_VERIFICATION_REQUIRED","VERIFICATION_STATUS_NOT_VERIFIED","CURRENT_GAME_REPRODUCTION_NOT_DOCUMENTED","0"
"e9f3ad26-eec8-45b9-bb99-940afef473af","ed-y4-5mp-killbreak-mupper","ed","draft","unverified","GAME_VERIFICATION_REQUIRED","VERIFICATION_STATUS_NOT_VERIFIED","CURRENT_GAME_REPRODUCTION_NOT_DOCUMENTED","0"
"e9f8b087-49c0-4890-a05d-92bcaee2ebaf","lily-y4-2hp-mwind-sa3","lily","draft","unverified","GAME_VERIFICATION_REQUIRED","VERIFICATION_STATUS_NOT_VERIFIED","CURRENT_GAME_REPRODUCTION_NOT_DOCUMENTED","0"
"e9fb97d5-6282-465f-b383-c4c64aa297ad","cammy-y4-corner-od-hooligan-throw","cammy","draft","unverified","GAME_VERIFICATION_REQUIRED","VERIFICATION_STATUS_NOT_VERIFIED","CURRENT_GAME_REPRODUCTION_NOT_DOCUMENTED","0"
"ea4f21c2-93c1-4acc-9127-2c18cd5256b3","terry-y4-2mp-cdr-hp-burn","terry","draft","unverified","GAME_VERIFICATION_REQUIRED","VERIFICATION_STATUS_NOT_VERIFIED","CURRENT_GAME_REPRODUCTION_NOT_DOCUMENTED","0"
"ea525d29-7614-40d0-9d06-a056cd423f54","kim-y4-6f-punish","kimberly","draft","unverified","GAME_VERIFICATION_REQUIRED","VERIFICATION_STATUS_NOT_VERIFIED","CURRENT_GAME_REPRODUCTION_NOT_DOCUMENTED","0"
"ea668f55-95f3-45d9-9233-cc30cbc68db8","ed-y4-5hp-odflicker-lupper-hblitz","ed","draft","unverified","GAME_VERIFICATION_REQUIRED","VERIFICATION_STATUS_NOT_VERIFIED","CURRENT_GAME_REPRODUCTION_NOT_DOCUMENTED","0"
"ea6e7098-9678-4343-8dc2-3d6139c0f9a0","akuma-y4-sa2-basic","akuma","draft","unverified","GAME_VERIFICATION_REQUIRED","VERIFICATION_STATUS_NOT_VERIFIED","CURRENT_GAME_REPRODUCTION_NOT_DOCUMENTED","0"
"eb139635-7c86-4fab-9f07-498b8c9044cb","sagat-phase13-medium-confirm","sagat","archived","unverified","HOLD","ARCHIVED_RECORD","PLACEHOLDER_RECIPE|NOTES_CONFLICT|VERIFICATION_STATUS_NOT_VERIFIED|CURRENT_GAME_REPRODUCTION_NOT_DOCUMENTED|SOURCE_NOT_READY|DUPLICATE_CANDIDATE_ONLY","9"
"eb47c3bf-a941-4979-be53-a1859715ab2d","honda-dr-hp-aa-cannon","e-honda","draft","unverified","GAME_VERIFICATION_REQUIRED","VERIFICATION_STATUS_NOT_VERIFIED","CURRENT_GAME_REPRODUCTION_NOT_DOCUMENTED","0"
"eb7c622e-b1c9-43cf-bc25-f585b601695c","ryu-y3-di-counter-od-donkey-side","ryu","draft","unverified","GAME_VERIFICATION_REQUIRED","VERIFICATION_STATUS_NOT_VERIFIED","CURRENT_GAME_REPRODUCTION_NOT_DOCUMENTED","0"
"eb820527-a07b-4a27-9b73-e90b3ac6e61c","yasmine-y4-lights-sa3","yasmine","draft","unverified","GAME_VERIFICATION_REQUIRED","VERIFICATION_STATUS_NOT_VERIFIED","CURRENT_GAME_REPRODUCTION_NOT_DOCUMENTED","0"
"eb9b141e-8d15-4c7b-8c4b-33fc7cad03f9","honda-dr-hp-aa-sa3","e-honda","draft","unverified","GAME_VERIFICATION_REQUIRED","VERIFICATION_STATUS_NOT_VERIFIED","CURRENT_GAME_REPRODUCTION_NOT_DOCUMENTED","0"
"eba74b13-5751-4b8b-a9dc-9ee6ef243f2b","rashid-y4-modern-all-eagle-strengths","rashid","draft","unverified","GAME_VERIFICATION_REQUIRED","VERIFICATION_STATUS_NOT_VERIFIED","CURRENT_GAME_REPRODUCTION_NOT_DOCUMENTED","0"
"ebbe5b64-6ff6-4d8d-b42d-c260070ebe34","ryu-y3-crmk-hhasho-corner-lhasho-ldp","ryu","draft","unverified","GAME_VERIFICATION_REQUIRED","VERIFICATION_STATUS_NOT_VERIFIED","CURRENT_GAME_REPRODUCTION_NOT_DOCUMENTED","0"
"ebeaeb48-0fcd-4f94-ae6f-a9576ad6dedc","bison-y4-mine-devil-detonate","m-bison","draft","unverified","GAME_VERIFICATION_REQUIRED","VERIFICATION_STATUS_NOT_VERIFIED","CURRENT_GAME_REPRODUCTION_NOT_DOCUMENTED","0"
"ebf9dff4-c2a7-444b-afdb-c38d67d019e4","ryu-y3-denjin-heel-loop","ryu","draft","unverified","GAME_VERIFICATION_REQUIRED","VERIFICATION_STATUS_NOT_VERIFIED","CURRENT_GAME_REPRODUCTION_NOT_DOCUMENTED","0"
"ebfa4a78-0e04-4872-ab69-2408251ed40a","ed-y4-drev-punish","ed","draft","unverified","GAME_VERIFICATION_REQUIRED","VERIFICATION_STATUS_NOT_VERIFIED","CURRENT_GAME_REPRODUCTION_NOT_DOCUMENTED","0"
"ec4834dc-b280-454a-8503-891781ef5b2f","juri-y4-od-ankensatsu","juri","draft","unverified","GAME_VERIFICATION_REQUIRED","VERIFICATION_STATUS_NOT_VERIFIED","CURRENT_GAME_REPRODUCTION_NOT_DOCUMENTED","0"
"ec4ebe7c-156d-4457-938d-73ddcac1f6f5","aki-y4-central-lethal-cruelfate-sa","aki","draft","unverified","GAME_VERIFICATION_REQUIRED","VERIFICATION_STATUS_NOT_VERIFIED","CURRENT_GAME_REPRODUCTION_NOT_DOCUMENTED","0"
"ec8602e2-6a09-43c2-9c6a-c8c3533abac6","mai-y4-sa1-basic","mai","draft","unverified","GAME_VERIFICATION_REQUIRED","VERIFICATION_STATUS_NOT_VERIFIED","CURRENT_GAME_REPRODUCTION_NOT_DOCUMENTED","0"
"ec882b8b-d6c5-4eee-adc3-6310902d0cfc","e-honda-max-punish","e-honda","archived","unverified","HOLD","ARCHIVED_RECORD","PLACEHOLDER_RECIPE|NOTES_CONFLICT|VERIFICATION_STATUS_NOT_VERIFIED|CURRENT_GAME_REPRODUCTION_NOT_DOCUMENTED|SOURCE_NOT_READY","0"
"ecb3d415-d56a-41f1-942f-77f337cfc98a","honda-light-butt","e-honda","draft","unverified","GAME_VERIFICATION_REQUIRED","VERIFICATION_STATUS_NOT_VERIFIED","CURRENT_GAME_REPRODUCTION_NOT_DOCUMENTED","0"
"ecbdf3b4-9051-451b-9773-d43c202da869","ken-y4-light-dp","ken","draft","unverified","GAME_VERIFICATION_REQUIRED","VERIFICATION_STATUS_NOT_VERIFIED","CURRENT_GAME_REPRODUCTION_NOT_DOCUMENTED","0"
"ecc5638b-7e2c-4391-ad74-f4ce3b6e0468","lily-y4-5hp-pc-6hp-hwind","lily","draft","unverified","GAME_VERIFICATION_REQUIRED","VERIFICATION_STATUS_NOT_VERIFIED","CURRENT_GAME_REPRODUCTION_NOT_DOCUMENTED","0"
"ed4ffc09-7cba-4da3-aa84-a7cb721ea1b5","deejay-medium-kick-sobat","dee-jay","draft","unverified","GAME_VERIFICATION_REQUIRED","VERIFICATION_STATUS_NOT_VERIFIED","CURRENT_GAME_REPRODUCTION_NOT_DOCUMENTED","0"
"ed6c07fc-0c59-4101-bbbb-e611ae8209e1","honda-air-pc-cannon-butt","e-honda","draft","unverified","GAME_VERIFICATION_REQUIRED","VERIFICATION_STATUS_NOT_VERIFIED","CURRENT_GAME_REPRODUCTION_NOT_DOCUMENTED","0"
"ed72c1f1-e8d2-49ae-b49d-ec6380a0ab62","viper-y4-modern-odseismo-3h","c-viper","draft","unverified","GAME_VERIFICATION_REQUIRED","VERIFICATION_STATUS_NOT_VERIFIED","CURRENT_GAME_REPRODUCTION_NOT_DOCUMENTED","0"
"edb5d174-bc14-46a2-a051-1af90b0646b0","yasmine-y4-2mk-cdr-talim","yasmine","draft","unverified","GAME_VERIFICATION_REQUIRED","VERIFICATION_STATUS_NOT_VERIFIED","CURRENT_GAME_REPRODUCTION_NOT_DOCUMENTED","0"
"edf4f928-53c3-4267-ad7f-5b08ccc2a135","zangief-y4-modern-light-sa2","zangief","draft","unverified","GAME_VERIFICATION_REQUIRED","VERIFICATION_STATUS_NOT_VERIFIED","CURRENT_GAME_REPRODUCTION_NOT_DOCUMENTED","0"
"ee0c26e3-70a0-4ba3-9c82-186b00b31a4e","viper-y4-modern-assist-m-odthunder-sa2","c-viper","draft","unverified","GAME_VERIFICATION_REQUIRED","VERIFICATION_STATUS_NOT_VERIFIED","CURRENT_GAME_REPRODUCTION_NOT_DOCUMENTED","0"
"ee28972b-2787-452e-abc8-00fd1a6bb90d","dhalsim-lk-dr-flame","dhalsim","draft","unverified","GAME_VERIFICATION_REQUIRED","VERIFICATION_STATUS_NOT_VERIFIED","CURRENT_GAME_REPRODUCTION_NOT_DOCUMENTED","0"
"ee46ae26-25c5-4a36-b017-1650e97c19d0","dee-jay-burnout","dee-jay","archived","unverified","HOLD","ARCHIVED_RECORD","PLACEHOLDER_RECIPE|NOTES_CONFLICT|VERIFICATION_STATUS_NOT_VERIFIED|CURRENT_GAME_REPRODUCTION_NOT_DOCUMENTED|SOURCE_NOT_READY|DUPLICATE_CANDIDATE_ONLY","1"
"ee6aa4df-dca0-4ae4-af9d-4ae6578aae6d","juri-y4-2mp-pc-od","juri","draft","unverified","GAME_VERIFICATION_REQUIRED","VERIFICATION_STATUS_NOT_VERIFIED","CURRENT_GAME_REPRODUCTION_NOT_DOCUMENTED","0"
"ee947d3e-32dd-41d3-ac1d-712fb9f92b28","blanka-antiair-hk","blanka","draft","unverified","GAME_VERIFICATION_REQUIRED","VERIFICATION_STATUS_NOT_VERIFIED","CURRENT_GAME_REPRODUCTION_NOT_DOCUMENTED","0"
"eeb8a48b-0592-4cde-a427-eb33fd42adcc","ingrid-y4-2mk-cdr","ingrid","draft","unverified","GAME_VERIFICATION_REQUIRED","VERIFICATION_STATUS_NOT_VERIFIED","CURRENT_GAME_REPRODUCTION_NOT_DOCUMENTED","0"
"eec6a2a5-cb2a-4b8e-9069-c470dd9f67c3","chun-li-20260803-corner-mp-od-kikoken","chun-li","draft","reviewed","GAME_VERIFICATION_REQUIRED","NOTES_CONFLICT","VERIFICATION_STATUS_NOT_VERIFIED|CURRENT_GAME_REPRODUCTION_NOT_DOCUMENTED","0"
"eee55b22-f59e-4320-b8ab-b5fb6dceb978","aki-y4-poison-hwhip-dr-hwhip","aki","draft","unverified","GAME_VERIFICATION_REQUIRED","VERIFICATION_STATUS_NOT_VERIFIED","CURRENT_GAME_REPRODUCTION_NOT_DOCUMENTED","0"
"ef15ea07-391e-46f0-99d4-e4fbcef04308","rashid-y4-2mk-cdr-5mk-hp-meagle","rashid","draft","unverified","GAME_VERIFICATION_REQUIRED","VERIFICATION_STATUS_NOT_VERIFIED","CURRENT_GAME_REPRODUCTION_NOT_DOCUMENTED","0"
"ef8a6a48-a21d-4a2c-8c9d-d778e84a57c2","rashid-y4-corner-5mp-mcyclone-leagle","rashid","draft","unverified","GAME_VERIFICATION_REQUIRED","VERIFICATION_STATUS_NOT_VERIFIED","CURRENT_GAME_REPRODUCTION_NOT_DOCUMENTED","0"
"efa9a23a-8dcd-42a5-ac1a-1e5e69399afb","zangief-y4-modern-jm-lariat","zangief","draft","unverified","GAME_VERIFICATION_REQUIRED","VERIFICATION_STATUS_NOT_VERIFIED","CURRENT_GAME_REPRODUCTION_NOT_DOCUMENTED","0"
"efacaa71-d1e1-43cc-b6b2-470c3f45bff5","yasmine-y4-di-pc-jump","yasmine","draft","unverified","GAME_VERIFICATION_REQUIRED","VERIFICATION_STATUS_NOT_VERIFIED","CURRENT_GAME_REPRODUCTION_NOT_DOCUMENTED","0"
"f08057c7-8681-4e2d-bb39-a620800c194d","bison-y4-modern-assist-h","m-bison","draft","unverified","GAME_VERIFICATION_REQUIRED","VERIFICATION_STATUS_NOT_VERIFIED","CURRENT_GAME_REPRODUCTION_NOT_DOCUMENTED","0"
"f0955de0-b175-4461-b9c2-f94675814ea0","akuma-phase13-candidate-combo-01","akuma","archived","unverified","HOLD","ARCHIVED_RECORD","PLACEHOLDER_RECIPE|NOTES_CONFLICT|VERIFICATION_STATUS_NOT_VERIFIED|CURRENT_GAME_REPRODUCTION_NOT_DOCUMENTED|SOURCE_NOT_READY|DUPLICATE_CANDIDATE_ONLY","9"
"f0a443bc-56b2-4fae-ada0-9139b5fc0a0f","zangief-basic-light","zangief","archived","unverified","HOLD","ARCHIVED_RECORD","PLACEHOLDER_RECIPE|NOTES_CONFLICT|VERIFICATION_STATUS_NOT_VERIFIED|CURRENT_GAME_REPRODUCTION_NOT_DOCUMENTED|SOURCE_NOT_READY","0"
"f0d387b2-83b4-4411-a0d6-49641eb7cc30","zangief-y4-headbutt-od-lariat","zangief","draft","unverified","GAME_VERIFICATION_REQUIRED","VERIFICATION_STATUS_NOT_VERIFIED","CURRENT_GAME_REPRODUCTION_NOT_DOCUMENTED","0"
"f0dc4bed-39e0-41a5-bde9-2dbb278edcac","mai-y4-modern-flame-sa2","mai","draft","unverified","GAME_VERIFICATION_REQUIRED","VERIFICATION_STATUS_NOT_VERIFIED","CURRENT_GAME_REPRODUCTION_NOT_DOCUMENTED","0"
"f10a5256-9d2b-4b62-99a4-ca4c818de5fa","rashid-y4-5hp-hcyclone-sa1","rashid","draft","unverified","GAME_VERIFICATION_REQUIRED","VERIFICATION_STATUS_NOT_VERIFIED","CURRENT_GAME_REPRODUCTION_NOT_DOCUMENTED","0"
"f12a59ab-2ec0-4f84-9214-70734efb4e86","bison-y4-mine-backfist-detonate","m-bison","draft","unverified","GAME_VERIFICATION_REQUIRED","VERIFICATION_STATUS_NOT_VERIFIED","CURRENT_GAME_REPRODUCTION_NOT_DOCUMENTED","0"
"f14ad2d1-9c7d-4ce8-8a7a-ec4ddef8cbcd","marisa-di-pc","marisa","archived","unverified","HOLD","ARCHIVED_RECORD","PLACEHOLDER_RECIPE|NOTES_CONFLICT|VERIFICATION_STATUS_NOT_VERIFIED|CURRENT_GAME_REPRODUCTION_NOT_DOCUMENTED|SOURCE_NOT_READY","0"
"f1a81284-7a94-442f-be10-45690e72dcb3","ryu-modern-di-denjin-tatsu","ryu","draft","unverified","GAME_VERIFICATION_REQUIRED","VERIFICATION_STATUS_NOT_VERIFIED","CURRENT_GAME_REPRODUCTION_NOT_DOCUMENTED","0"
"f1bd812e-066c-4d1c-ac1b-648bf3620542","mai-y4-hk-pc-dr-hp","mai","draft","unverified","GAME_VERIFICATION_REQUIRED","VERIFICATION_STATUS_NOT_VERIFIED","CURRENT_GAME_REPRODUCTION_NOT_DOCUMENTED","0"
"f1c2412a-afaa-46bf-b24b-6cf58ea0dbdd","zangief-y4-modern-light-manual","zangief","draft","unverified","GAME_VERIFICATION_REQUIRED","VERIFICATION_STATUS_NOT_VERIFIED","CURRENT_GAME_REPRODUCTION_NOT_DOCUMENTED","0"
"f28ac180-3247-42d8-b06e-64e61034b2d0","ingrid-y4-4mktc","ingrid","draft","unverified","GAME_VERIFICATION_REQUIRED","VERIFICATION_STATUS_NOT_VERIFIED","CURRENT_GAME_REPRODUCTION_NOT_DOCUMENTED","0"
"f2cfe552-db0e-4bc2-9654-f003f673fce3","mai-y4-2mp-pc-odryuen-sa","mai","draft","unverified","GAME_VERIFICATION_REQUIRED","VERIFICATION_STATUS_NOT_VERIFIED","CURRENT_GAME_REPRODUCTION_NOT_DOCUMENTED","0"
"f308b703-4a95-485d-80b3-bec299a6f5fa","luke-y4-corner-hp-lflash-airflash-upper","luke","draft","reviewed","GAME_VERIFICATION_REQUIRED","VERIFICATION_STATUS_NOT_VERIFIED","CURRENT_GAME_REPRODUCTION_NOT_DOCUMENTED","0"
"f321891f-45e0-4e35-8e4c-388818b80675","luke-y4-corner-light-odflash-mflash-sa3","luke","draft","reviewed","GAME_VERIFICATION_REQUIRED","VERIFICATION_STATUS_NOT_VERIFIED","CURRENT_GAME_REPRODUCTION_NOT_DOCUMENTED","0"
"f3307946-61a7-4160-91bc-6052f5d552b3","terry-y4-di-wall-crack-rising","terry","draft","unverified","GAME_VERIFICATION_REQUIRED","VERIFICATION_STATUS_NOT_VERIFIED","CURRENT_GAME_REPRODUCTION_NOT_DOCUMENTED","0"
"f338606e-6c0c-4b40-bea8-b157a637d35c","elena-y4-mktc-mspin","elena","draft","unverified","GAME_VERIFICATION_REQUIRED","VERIFICATION_STATUS_NOT_VERIFIED","CURRENT_GAME_REPRODUCTION_NOT_DOCUMENTED","0"
"f34e6a1d-1fc1-4c23-8ca9-2b5a90116c9c","dhalsim-medium-confirm","dhalsim","archived","unverified","HOLD","ARCHIVED_RECORD","PLACEHOLDER_RECIPE|NOTES_CONFLICT|VERIFICATION_STATUS_NOT_VERIFIED|CURRENT_GAME_REPRODUCTION_NOT_DOCUMENTED|SOURCE_NOT_READY","0"
"f3907d06-bc56-4d79-96dd-e844bfac430e","c-viper-phase13-light-confirm","c-viper","archived","unverified","HOLD","ARCHIVED_RECORD","PLACEHOLDER_RECIPE|NOTES_CONFLICT|VERIFICATION_STATUS_NOT_VERIFIED|CURRENT_GAME_REPRODUCTION_NOT_DOCUMENTED|SOURCE_NOT_READY|DUPLICATE_CANDIDATE_ONLY","9"
"f3ba9940-d3f5-479c-9646-d59b560c72ef","aki-y4-corner-lethal-sa12","aki","draft","unverified","GAME_VERIFICATION_REQUIRED","VERIFICATION_STATUS_NOT_VERIFIED","CURRENT_GAME_REPRODUCTION_NOT_DOCUMENTED","0"
"f3bc43c1-7ff7-48cf-90a9-a89b73adc0d1","lily-y4-5mk-od-wind","lily","draft","unverified","GAME_VERIFICATION_REQUIRED","VERIFICATION_STATUS_NOT_VERIFIED","CURRENT_GAME_REPRODUCTION_NOT_DOCUMENTED","0"
"f3d4f2cc-7a48-4b82-9e89-3b77394065bf","mai-phase13-medium-confirm","mai","archived","unverified","HOLD","ARCHIVED_RECORD","PLACEHOLDER_RECIPE|NOTES_CONFLICT|VERIFICATION_STATUS_NOT_VERIFIED|CURRENT_GAME_REPRODUCTION_NOT_DOCUMENTED|SOURCE_NOT_READY|DUPLICATE_CANDIDATE_ONLY","9"
"f3d958c9-687d-46de-9ab3-a089cdbe0117","chun-li-20260803-crmk-drc-stance-lk","chun-li","draft","reviewed","GAME_VERIFICATION_REQUIRED","NOTES_CONFLICT","VERIFICATION_STATUS_NOT_VERIFIED|CURRENT_GAME_REPRODUCTION_NOT_DOCUMENTED","0"
"f3eaba69-6c1c-4e4c-a873-0ba50c42d864","bison-y4-mine-plus42-convert","m-bison","draft","unverified","GAME_VERIFICATION_REQUIRED","VERIFICATION_STATUS_NOT_VERIFIED","CURRENT_GAME_REPRODUCTION_NOT_DOCUMENTED","0"
"f40a7b29-5bac-4ecd-aee7-e24e57fb899e","luke-crmk-dr-sa1","luke","draft","reviewed","GAME_VERIFICATION_REQUIRED","VERIFICATION_STATUS_NOT_VERIFIED","CURRENT_GAME_REPRODUCTION_NOT_DOCUMENTED","0"
"f426b16a-17fb-4b20-a66f-3478264db593","deejay-od-jus-switch-jack","dee-jay","draft","unverified","GAME_VERIFICATION_REQUIRED","VERIFICATION_STATUS_NOT_VERIFIED","CURRENT_GAME_REPRODUCTION_NOT_DOCUMENTED","0"
"f437da2c-2e1f-42c1-89c8-b94c6b422dac","yasmine-y4-di-wall","yasmine","draft","unverified","GAME_VERIFICATION_REQUIRED","VERIFICATION_STATUS_NOT_VERIFIED","CURRENT_GAME_REPRODUCTION_NOT_DOCUMENTED","0"
"f43a9462-830e-4f7f-8725-db367b9798d6","jp-di-wall-safejump","jp","draft","reviewed","GAME_VERIFICATION_REQUIRED","VERIFICATION_STATUS_NOT_VERIFIED","CURRENT_GAME_REPRODUCTION_NOT_DOCUMENTED","0"
"f49f93a8-f897-4891-8224-bf68d394d212","e-honda-resource","e-honda","archived","unverified","HOLD","ARCHIVED_RECORD","PLACEHOLDER_RECIPE|NOTES_CONFLICT|VERIFICATION_STATUS_NOT_VERIFIED|CURRENT_GAME_REPRODUCTION_NOT_DOCUMENTED|SOURCE_NOT_READY","0"
"f4b028b9-3137-459a-9339-003bde34c9ed","jp-basic-light-sa3","jp","draft","reviewed","GAME_VERIFICATION_REQUIRED","NOTES_CONFLICT","VERIFICATION_STATUS_NOT_VERIFIED|CURRENT_GAME_REPRODUCTION_NOT_DOCUMENTED","0"
"f4b6cfd3-1067-400c-bec7-1bfa5ff0fa18","terry-y4-stun-sa2","terry","draft","unverified","GAME_VERIFICATION_REQUIRED","VERIFICATION_STATUS_NOT_VERIFIED","CURRENT_GAME_REPRODUCTION_NOT_DOCUMENTED","0"
"f4d587dc-fc5e-49f9-b8aa-e1b73885813c","guile-modern-light-sa3","guile","draft","unverified","GAME_VERIFICATION_REQUIRED","VERIFICATION_STATUS_NOT_VERIFIED","CURRENT_GAME_REPRODUCTION_NOT_DOCUMENTED","0"
"f4f44de9-2449-4cdc-ac70-42dd00ad8c44","juri-y4-5hk-pc-dr","juri","draft","reviewed","GAME_VERIFICATION_REQUIRED","VERIFICATION_STATUS_NOT_VERIFIED","CURRENT_GAME_REPRODUCTION_NOT_DOCUMENTED","0"
"f4fe8ab4-26df-4bb3-a977-be11c217cfbd","akuma-y4-modern-sa3","akuma","draft","unverified","GAME_VERIFICATION_REQUIRED","VERIFICATION_STATUS_NOT_VERIFIED","CURRENT_GAME_REPRODUCTION_NOT_DOCUMENTED","0"
"f5050b64-135b-4270-8411-1398cdb168a0","cammy-y4-light-cdr-hp-hspike","cammy","draft","unverified","GAME_VERIFICATION_REQUIRED","VERIFICATION_STATUS_NOT_VERIFIED","CURRENT_GAME_REPRODUCTION_NOT_DOCUMENTED","0"
"f5121ad7-ef2e-4757-8ba8-e5e50d2bdc08","rashid-y4-hp-pc-hcyclone","rashid","draft","unverified","GAME_VERIFICATION_REQUIRED","VERIFICATION_STATUS_NOT_VERIFIED","CURRENT_GAME_REPRODUCTION_NOT_DOCUMENTED","0"
"f52b2127-a53c-4322-8625-ac0f25fb4d6d","ryu-y3-odtatsu-sa1","ryu","draft","unverified","GAME_VERIFICATION_REQUIRED","VERIFICATION_STATUS_NOT_VERIFIED","CURRENT_GAME_REPRODUCTION_NOT_DOCUMENTED","0"
"f5470ab1-7a5a-4411-b21b-dee64b2ede34","ryu-y3-gosho-pc-hp-mtatsu","ryu","draft","unverified","GAME_VERIFICATION_REQUIRED","VERIFICATION_STATUS_NOT_VERIFIED","CURRENT_GAME_REPRODUCTION_NOT_DOCUMENTED","0"
"f5505522-c879-4da1-bc04-fcf79c661c75","guile-phase13-20260827-1","guile","archived","unverified","HOLD","ARCHIVED_RECORD","PLACEHOLDER_RECIPE|NOTES_CONFLICT|VERIFICATION_STATUS_NOT_VERIFIED|CURRENT_GAME_REPRODUCTION_NOT_DOCUMENTED|DUPLICATE_CANDIDATE_ONLY","9"
"f5abfb33-d44b-4099-8835-c10865079f9f","elena-phase13-sa3","elena","archived","unverified","HOLD","ARCHIVED_RECORD","PLACEHOLDER_RECIPE|NOTES_CONFLICT|VERIFICATION_STATUS_NOT_VERIFIED|CURRENT_GAME_REPRODUCTION_NOT_DOCUMENTED|SOURCE_NOT_READY|DUPLICATE_CANDIDATE_ONLY","9"
"f5ef222f-e8cd-4056-9324-32b1b4e300d1","guile-modern-3h-pc-sa1","guile","draft","unverified","GAME_VERIFICATION_REQUIRED","VERIFICATION_STATUS_NOT_VERIFIED","CURRENT_GAME_REPRODUCTION_NOT_DOCUMENTED","0"
"f6a02da8-a9a2-491d-b5d8-57d34e54f347","sagat-y4-step-high-pc-carry","sagat","draft","unverified","GAME_VERIFICATION_REQUIRED","VERIFICATION_STATUS_NOT_VERIFIED","CURRENT_GAME_REPRODUCTION_NOT_DOCUMENTED","0"
"f752b1a0-2474-4946-bbeb-ea527a35adcd","elena-y4-lynx-harvest-rhino","elena","draft","unverified","GAME_VERIFICATION_REQUIRED","VERIFICATION_STATUS_NOT_VERIFIED","CURRENT_GAME_REPRODUCTION_NOT_DOCUMENTED","0"
"f75dce62-106a-4c46-9335-4d5d100be92e","elena-y4-modern-odlynx-projectile","elena","draft","unverified","GAME_VERIFICATION_REQUIRED","VERIFICATION_STATUS_NOT_VERIFIED","CURRENT_GAME_REPRODUCTION_NOT_DOCUMENTED","0"
"f7602d22-5ce7-4cbf-a332-37d87b826c55","viper-y4-modern-side-switch","c-viper","draft","unverified","GAME_VERIFICATION_REQUIRED","VERIFICATION_STATUS_NOT_VERIFIED","CURRENT_GAME_REPRODUCTION_NOT_DOCUMENTED","0"
"f77ecf44-d161-418e-9332-d3c525abcad0","ryu-y3-side-switch-denjin-tatsu","ryu","draft","unverified","GAME_VERIFICATION_REQUIRED","VERIFICATION_STATUS_NOT_VERIFIED","CURRENT_GAME_REPRODUCTION_NOT_DOCUMENTED","0"
"f7979a89-d14f-4237-81bf-74b432c19d60","cammy-y4-modern-assist-m-arrow","cammy","draft","unverified","GAME_VERIFICATION_REQUIRED","VERIFICATION_STATUS_NOT_VERIFIED","CURRENT_GAME_REPRODUCTION_NOT_DOCUMENTED","0"
"f7a2aa19-e348-4c92-8601-981fed816e95","deejay-modern-di","dee-jay","draft","unverified","GAME_VERIFICATION_REQUIRED","VERIFICATION_STATUS_NOT_VERIFIED","CURRENT_GAME_REPRODUCTION_NOT_DOCUMENTED","0"
"f7a3893a-11ac-4243-ba6b-ad7353acfc5d","cammy-y4-corner-2hp-cdr-sa1","cammy","draft","unverified","GAME_VERIFICATION_REQUIRED","VERIFICATION_STATUS_NOT_VERIFIED","CURRENT_GAME_REPRODUCTION_NOT_DOCUMENTED","0"
"f83ebfcb-a89e-4e5e-adcf-a9ba0d3805ac","alex-y4-di-sa2","alex","draft","unverified","GAME_VERIFICATION_REQUIRED","VERIFICATION_STATUS_NOT_VERIFIED","CURRENT_GAME_REPRODUCTION_NOT_DOCUMENTED","0"
"f87c4bda-0401-4eaf-8565-5f9b8b5298e6","rashid-y4-modern-assistm-damage","rashid","draft","unverified","GAME_VERIFICATION_REQUIRED","VERIFICATION_STATUS_NOT_VERIFIED","CURRENT_GAME_REPRODUCTION_NOT_DOCUMENTED","0"
"f887e3e7-942b-4d1c-99e8-25c48742983d","alex-y4-modern-di","alex","draft","unverified","GAME_VERIFICATION_REQUIRED","VERIFICATION_STATUS_NOT_VERIFIED","CURRENT_GAME_REPRODUCTION_NOT_DOCUMENTED","0"
"f8d34622-4f07-4bee-b84f-f07e12c67fee","dhalsim-jmp-headbutt-sa1","dhalsim","draft","unverified","GAME_VERIFICATION_REQUIRED","VERIFICATION_STATUS_NOT_VERIFIED","CURRENT_GAME_REPRODUCTION_NOT_DOCUMENTED","0"
"f8fa0b4a-f873-4305-a576-808a52d567bd","guile-phase13-20260827-8","guile","archived","unverified","HOLD","ARCHIVED_RECORD","PLACEHOLDER_RECIPE|NOTES_CONFLICT|VERIFICATION_STATUS_NOT_VERIFIED|CURRENT_GAME_REPRODUCTION_NOT_DOCUMENTED|DUPLICATE_CANDIDATE_ONLY","9"
"f8fc5da7-1093-4daf-828a-1bd22e889be2","guile-written-dr-overhead-crouch","guile","draft","unverified","GAME_VERIFICATION_REQUIRED","VERIFICATION_STATUS_NOT_VERIFIED","CURRENT_GAME_REPRODUCTION_NOT_DOCUMENTED","0"
"f91796b3-109d-4dfd-b6cf-a0c7c24040f4","aki-y4-aa-mwhip","aki","draft","unverified","GAME_VERIFICATION_REQUIRED","VERIFICATION_STATUS_NOT_VERIFIED","CURRENT_GAME_REPRODUCTION_NOT_DOCUMENTED","0"
"f918e0d7-eb58-4cc5-b3a4-486acc3772a2","mai-y4-2mk-cdr-4hk","mai","draft","unverified","GAME_VERIFICATION_REQUIRED","VERIFICATION_STATUS_NOT_VERIFIED","CURRENT_GAME_REPRODUCTION_NOT_DOCUMENTED","0"
"f91d8f1a-53ea-484a-ad6f-3f1ceb24b124","elena-phase13-light-confirm","elena","archived","unverified","HOLD","ARCHIVED_RECORD","PLACEHOLDER_RECIPE|NOTES_CONFLICT|VERIFICATION_STATUS_NOT_VERIFIED|CURRENT_GAME_REPRODUCTION_NOT_DOCUMENTED|SOURCE_NOT_READY|DUPLICATE_CANDIDATE_ONLY","9"
"f9248fb9-5511-4618-a38c-326164ac2f56","kim-y4-light-senpukyaku","kimberly","draft","unverified","GAME_VERIFICATION_REQUIRED","VERIFICATION_STATUS_NOT_VERIFIED","CURRENT_GAME_REPRODUCTION_NOT_DOCUMENTED","0"
"f93bbead-0775-435a-bfee-071ba3047da5","zangief-y4-modern-light-od","zangief","draft","unverified","GAME_VERIFICATION_REQUIRED","VERIFICATION_STATUS_NOT_VERIFIED","CURRENT_GAME_REPRODUCTION_NOT_DOCUMENTED","0"
"f93fa1a4-86e2-4186-a9e0-06742e6b558a","lily-y4-stun-zero-wind","lily","draft","unverified","GAME_VERIFICATION_REQUIRED","VERIFICATION_STATUS_NOT_VERIFIED","CURRENT_GAME_REPRODUCTION_NOT_DOCUMENTED","0"
"f944179f-b359-436c-b970-2204783c65d4","deejay-od-machine-sa2-y4","dee-jay","draft","unverified","GAME_VERIFICATION_REQUIRED","VERIFICATION_STATUS_NOT_VERIFIED","CURRENT_GAME_REPRODUCTION_NOT_DOCUMENTED","0"
"f9459628-ceb8-458a-8f36-e15a484626ca","rashid-phase13-candidate-combo-09","rashid","archived","unverified","HOLD","ARCHIVED_RECORD","PLACEHOLDER_RECIPE|NOTES_CONFLICT|VERIFICATION_STATUS_NOT_VERIFIED|CURRENT_GAME_REPRODUCTION_NOT_DOCUMENTED|SOURCE_NOT_READY|DUPLICATE_CANDIDATE_ONLY","9"
"f945ad34-aaf6-46cf-861a-2e0b93f2ebfd","zangief-y4-light-cdr-lariat","zangief","draft","unverified","GAME_VERIFICATION_REQUIRED","VERIFICATION_STATUS_NOT_VERIFIED","CURRENT_GAME_REPRODUCTION_NOT_DOCUMENTED","0"
"f997d64e-186b-4a58-a9b8-282b8460ac6b","mai-y4-hp-pc-odfan-corner","mai","draft","unverified","GAME_VERIFICATION_REQUIRED","VERIFICATION_STATUS_NOT_VERIFIED","CURRENT_GAME_REPRODUCTION_NOT_DOCUMENTED","0"
"f9f8e8e7-6432-4bd9-9e4e-576de6544bf4","mai-y4-lktc-musasabi","mai","draft","unverified","GAME_VERIFICATION_REQUIRED","VERIFICATION_STATUS_NOT_VERIFIED","CURRENT_GAME_REPRODUCTION_NOT_DOCUMENTED","0"
"f9fa6a6d-298f-40ac-8041-579d1d41315b","dhalsim-jhp-assist","dhalsim","draft","unverified","GAME_VERIFICATION_REQUIRED","VERIFICATION_STATUS_NOT_VERIFIED","CURRENT_GAME_REPRODUCTION_NOT_DOCUMENTED","0"
"fa0150e6-f6ad-467e-8b78-0335e6f59230","chun-li-phase13-20260827-1","chun-li","archived","unverified","HOLD","ARCHIVED_RECORD","PLACEHOLDER_RECIPE|NOTES_CONFLICT|VERIFICATION_STATUS_NOT_VERIFIED|CURRENT_GAME_REPRODUCTION_NOT_DOCUMENTED|DUPLICATE_CANDIDATE_ONLY","9"
"fa3c423f-2020-4124-9e1e-3f039cd46f52","rashid-y4-corner-tc-safejump","rashid","draft","unverified","GAME_VERIFICATION_REQUIRED","VERIFICATION_STATUS_NOT_VERIFIED","CURRENT_GAME_REPRODUCTION_NOT_DOCUMENTED","0"
"fa536ae2-4b60-4f11-af77-2b391c10e84c","sagat-y4-5mp-ch-2mp-upper","sagat","draft","unverified","GAME_VERIFICATION_REQUIRED","VERIFICATION_STATUS_NOT_VERIFIED","CURRENT_GAME_REPRODUCTION_NOT_DOCUMENTED","0"
"fa5f7fd7-ecee-42b0-9223-04eb2aec6aa2","juri-y4-di-stun","juri","draft","unverified","GAME_VERIFICATION_REQUIRED","VERIFICATION_STATUS_NOT_VERIFIED","CURRENT_GAME_REPRODUCTION_NOT_DOCUMENTED","0"
"fa662f90-8984-45f6-afac-ec123b7054a8","cammy-y4-5mp-5lp-marrow","cammy","draft","unverified","GAME_VERIFICATION_REQUIRED","VERIFICATION_STATUS_NOT_VERIFIED","CURRENT_GAME_REPRODUCTION_NOT_DOCUMENTED","0"
"fac693b3-e7b9-4245-8537-3129284c1ca1","zangief-pc-heavy","zangief","archived","unverified","HOLD","ARCHIVED_RECORD","PLACEHOLDER_RECIPE|NOTES_CONFLICT|VERIFICATION_STATUS_NOT_VERIFIED|CURRENT_GAME_REPRODUCTION_NOT_DOCUMENTED|SOURCE_NOT_READY","0"
"fad370bc-9d8d-4ddb-ae9e-0c75f194c529","marisa-p25d-modern-4h-pc-amtc","marisa","draft","unverified","GAME_VERIFICATION_REQUIRED","VERIFICATION_STATUS_NOT_VERIFIED","CURRENT_GAME_REPRODUCTION_NOT_DOCUMENTED","0"
"fafc0660-4277-4110-a354-280d350ed161","marisa-p25d-corner-charge-pc-odquadriga","marisa","draft","unverified","GAME_VERIFICATION_REQUIRED","VERIFICATION_STATUS_NOT_VERIFIED","CURRENT_GAME_REPRODUCTION_NOT_DOCUMENTED","0"
"fb2eb4f1-63c8-4350-8bc7-616778eccd19","zangief-burnout","zangief","archived","unverified","HOLD","ARCHIVED_RECORD","PLACEHOLDER_RECIPE|NOTES_CONFLICT|VERIFICATION_STATUS_NOT_VERIFIED|CURRENT_GAME_REPRODUCTION_NOT_DOCUMENTED|SOURCE_NOT_READY|DUPLICATE_CANDIDATE_ONLY","1"
"fb37d85a-f104-4eb3-b947-6adc00ae8b2b","ed-y4-5hk-mp-hp-hblitz","ed","draft","unverified","GAME_VERIFICATION_REQUIRED","VERIFICATION_STATUS_NOT_VERIFIED","CURRENT_GAME_REPRODUCTION_NOT_DOCUMENTED","0"
"fb58190e-ad05-46f7-bc46-410810fd365e","ed-y4-modern-flicker-pc","ed","draft","unverified","GAME_VERIFICATION_REQUIRED","VERIFICATION_STATUS_NOT_VERIFIED","CURRENT_GAME_REPRODUCTION_NOT_DOCUMENTED","0"
"fb6625f4-2865-4803-818b-ed956b096aea","akuma-y4-2mp-madamant","akuma","draft","unverified","GAME_VERIFICATION_REQUIRED","VERIFICATION_STATUS_NOT_VERIFIED","CURRENT_GAME_REPRODUCTION_NOT_DOCUMENTED","0"
"fbc616df-186e-4812-8328-38a0afd472e0","akuma-y4-modern-assist-h","akuma","draft","unverified","GAME_VERIFICATION_REQUIRED","VERIFICATION_STATUS_NOT_VERIFIED","CURRENT_GAME_REPRODUCTION_NOT_DOCUMENTED","0"
"fbdee83f-e274-4434-ab16-a314add16c3a","jamie-legacy-sa3-no-meter-swagger","jamie","draft","unverified","GAME_VERIFICATION_REQUIRED","NOTES_CONFLICT","VERIFICATION_STATUS_NOT_VERIFIED|CURRENT_GAME_REPRODUCTION_NOT_DOCUMENTED","0"
"fc016884-9add-4e37-9e11-a1aa70ad365b","kim-y4-corner-hp-pc-max","kimberly","draft","unverified","GAME_VERIFICATION_REQUIRED","VERIFICATION_STATUS_NOT_VERIFIED","CURRENT_GAME_REPRODUCTION_NOT_DOCUMENTED","0"
"fc409808-8051-4278-9bf5-f09a4e459acd","zangief-y4-light-od-lariat-sa3","zangief","draft","unverified","GAME_VERIFICATION_REQUIRED","VERIFICATION_STATUS_NOT_VERIFIED","CURRENT_GAME_REPRODUCTION_NOT_DOCUMENTED","0"
"fc5ba43e-2f71-45e1-81c9-3197b3d17216","yasmine-y4-bayani-hp-pc","yasmine","draft","unverified","GAME_VERIFICATION_REQUIRED","VERIFICATION_STATUS_NOT_VERIFIED","CURRENT_GAME_REPRODUCTION_NOT_DOCUMENTED","0"
"fc74707a-c57a-4ab4-91ad-81db7f1a9812","juri-y4-corner-mp","juri","draft","unverified","GAME_VERIFICATION_REQUIRED","VERIFICATION_STATUS_NOT_VERIFIED","CURRENT_GAME_REPRODUCTION_NOT_DOCUMENTED","0"
"fce2b287-3bc8-4e82-92e7-7435dd924ce7","lily-y4-5mk-cdr-2hp-hwind","lily","draft","unverified","GAME_VERIFICATION_REQUIRED","VERIFICATION_STATUS_NOT_VERIFIED","CURRENT_GAME_REPRODUCTION_NOT_DOCUMENTED","0"
"fcf3deaa-31d0-4e2c-b0d9-9c081598a0ee","bison-y4-modern-di-wall","m-bison","draft","unverified","GAME_VERIFICATION_REQUIRED","VERIFICATION_STATUS_NOT_VERIFIED","CURRENT_GAME_REPRODUCTION_NOT_DOCUMENTED","0"
"fd1c2e00-c0eb-4fef-908e-f1432fb67c2a","rashid-y4-modern-assistm-oki","rashid","draft","unverified","GAME_VERIFICATION_REQUIRED","VERIFICATION_STATUS_NOT_VERIFIED","CURRENT_GAME_REPRODUCTION_NOT_DOCUMENTED","0"
"fd4f3787-eb9a-4903-ae25-77e43aa87ac1","kim-modern-stun-candidate","kimberly","draft","unverified","GAME_VERIFICATION_REQUIRED","VERIFICATION_STATUS_NOT_VERIFIED","CURRENT_GAME_REPRODUCTION_NOT_DOCUMENTED","0"
"fd65dd57-636d-4e6a-84e4-2b321723892d","ryu-y3-gosho-odhasho-charge","ryu","draft","unverified","GAME_VERIFICATION_REQUIRED","VERIFICATION_STATUS_NOT_VERIFIED","CURRENT_GAME_REPRODUCTION_NOT_DOCUMENTED","0"
"fd818947-709f-40ee-b0e9-f38e9848fa56","yasmine-y4-lp-ch-hdaloy","yasmine","draft","unverified","GAME_VERIFICATION_REQUIRED","VERIFICATION_STATUS_NOT_VERIFIED","CURRENT_GAME_REPRODUCTION_NOT_DOCUMENTED","0"
"fde1f3de-aed1-40d1-a3f7-9d1b54962762","elena-phase13-sa1","elena","archived","unverified","HOLD","ARCHIVED_RECORD","PLACEHOLDER_RECIPE|NOTES_CONFLICT|VERIFICATION_STATUS_NOT_VERIFIED|CURRENT_GAME_REPRODUCTION_NOT_DOCUMENTED|SOURCE_NOT_READY|DUPLICATE_CANDIDATE_ONLY","9"
"fdedcaae-ef89-4753-b4a4-7a1622c64a4a","rashid-y4-2lp-2lp-mmixer","rashid","draft","unverified","GAME_VERIFICATION_REQUIRED","VERIFICATION_STATUS_NOT_VERIFIED","CURRENT_GAME_REPRODUCTION_NOT_DOCUMENTED","0"
"fe7d352c-e058-4f51-86cd-06472d3d9a53","bison-y4-aa-2hp","m-bison","draft","unverified","GAME_VERIFICATION_REQUIRED","VERIFICATION_STATUS_NOT_VERIFIED","CURRENT_GAME_REPRODUCTION_NOT_DOCUMENTED","0"
"fef1d321-3a77-4d7b-806b-d128b09828d3","rashid-y4-tc-odcyclone-run-hmixer","rashid","draft","unverified","GAME_VERIFICATION_REQUIRED","VERIFICATION_STATUS_NOT_VERIFIED","CURRENT_GAME_REPRODUCTION_NOT_DOCUMENTED","0"
"ff169471-101a-4b2c-acb6-bc97447e7306","zangief-y4-modern-bodypress-cdr","zangief","draft","unverified","GAME_VERIFICATION_REQUIRED","VERIFICATION_STATUS_NOT_VERIFIED","CURRENT_GAME_REPRODUCTION_NOT_DOCUMENTED","0"
"ff1d149a-1073-43cd-9c2d-618ef874ec6b","jp-modern-light-stribog","jp","draft","unverified","GAME_VERIFICATION_REQUIRED","VERIFICATION_STATUS_NOT_VERIFIED","CURRENT_GAME_REPRODUCTION_NOT_DOCUMENTED","0"
"ff37ae97-6366-467e-8cef-b3493435e00d","jp-canon-5mk-1800","jp","draft","reviewed","GAME_VERIFICATION_REQUIRED","VERIFICATION_STATUS_NOT_VERIFIED","CURRENT_GAME_REPRODUCTION_NOT_DOCUMENTED","0"
"ff9e8a6b-6f51-4479-b674-06cd4d8efba0","manon-exp-di-wall-od-sa2","manon","draft","unverified","GAME_VERIFICATION_REQUIRED","VERIFICATION_STATUS_NOT_VERIFIED","CURRENT_GAME_REPRODUCTION_NOT_DOCUMENTED","0"
"ffb6b364-3139-431e-a212-9fe68574fbc6","sagat-y4-2mp-cdr-corner-framekill","sagat","draft","unverified","GAME_VERIFICATION_REQUIRED","VERIFICATION_STATUS_NOT_VERIFIED","CURRENT_GAME_REPRODUCTION_NOT_DOCUMENTED","0"
"ffcfa86f-d281-47c9-9f88-0b55fb8e0630","ken-y4-2hp-pc-stop","ken","draft","unverified","GAME_VERIFICATION_REQUIRED","VERIFICATION_STATUS_NOT_VERIFIED","CURRENT_GAME_REPRODUCTION_NOT_DOCUMENTED","0"
